epoch,train_loss,train_accuracy,train_1st degree av block_rocauc,train_1st degree av block_prauc,train_anterior myocardial infarction_rocauc,train_anterior myocardial infarction_prauc,train_atrial fibrillation_rocauc,train_atrial fibrillation_prauc,train_bundle branch block_rocauc,train_bundle branch block_prauc,train_early repolarization_rocauc,train_early repolarization_prauc,train_incomplete right bundle branch block_rocauc,train_incomplete right bundle branch block_prauc,train_left anterior fascicular block_rocauc,train_left anterior fascicular block_prauc,train_left atrial enlargement_rocauc,train_left atrial enlargement_prauc,train_left axis deviation_rocauc,train_left axis deviation_prauc,train_left bundle branch block_rocauc,train_left bundle branch block_prauc,train_left ventricular hypertrophy_rocauc,train_left ventricular hypertrophy_prauc,train_low qrs voltages_rocauc,train_low qrs voltages_prauc,train_nonspecific intraventricular conduction disorder_rocauc,train_nonspecific intraventricular conduction disorder_prauc,train_nonspecific st t abnormality_rocauc,train_nonspecific st t abnormality_prauc,train_normal ecg_rocauc,train_normal ecg_prauc,train_prolonged pr interval_rocauc,train_prolonged pr interval_prauc,train_prolonged qt interval_rocauc,train_prolonged qt interval_prauc,train_qwave abnormal_rocauc,train_qwave abnormal_prauc,train_right axis deviation_rocauc,train_right axis deviation_prauc,train_s t changes_rocauc,train_s t changes_prauc,train_sinus bradycardia_rocauc,train_sinus bradycardia_prauc,train_sinus tachycardia_rocauc,train_sinus tachycardia_prauc,train_st depression_rocauc,train_st depression_prauc,train_st interval abnormal_rocauc,train_st interval abnormal_prauc,train_t wave abnormal_rocauc,train_t wave abnormal_prauc,train_t wave inversion_rocauc,train_t wave inversion_prauc,train_mean_rocaucs,train_mean_praucs,valid_accuracy,valid_1st degree av block_rocauc,valid_1st degree av block_prauc,valid_atrial fibrillation_rocauc,valid_atrial fibrillation_prauc,valid_incomplete right bundle branch block_rocauc,valid_incomplete right bundle branch block_prauc,valid_left anterior fascicular block_rocauc,valid_left anterior fascicular block_prauc,valid_left axis deviation_rocauc,valid_left axis deviation_prauc,valid_left ventricular hypertrophy_rocauc,valid_left ventricular hypertrophy_prauc,valid_low qrs voltages_rocauc,valid_low qrs voltages_prauc,valid_nonspecific intraventricular conduction disorder_rocauc,valid_nonspecific intraventricular conduction disorder_prauc,valid_normal ecg_rocauc,valid_normal ecg_prauc,valid_qwave abnormal_rocauc,valid_qwave abnormal_prauc,valid_s t changes_rocauc,valid_s t changes_prauc,valid_sinus bradycardia_rocauc,valid_sinus bradycardia_prauc,valid_sinus tachycardia_rocauc,valid_sinus tachycardia_prauc,valid_st depression_rocauc,valid_st depression_prauc,valid_t wave abnormal_rocauc,valid_t wave abnormal_prauc,valid_t wave inversion_rocauc,valid_t wave inversion_prauc,valid_mean_rocaucs,valid_mean_praucs
0,4.708027549053861,0.5432675361297145,0.5703259830364565,0.05123241767200903,0.5354674736592874,0.009249216534523425,0.6807767428683226,0.08233698977361054,0.7172271655468633,0.09962409980125785,0.5192211553889157,0.00584470425184723,0.6221317906960064,0.047107287703147774,0.7704676047948996,0.08548433195860633,0.7413201366819535,0.02209343299799957,0.7358160356839817,0.24522148331327792,0.9165922625583428,0.2475262476637909,0.7279983916553824,0.1710254076459955,0.4808499526584792,0.015435896101019638,0.5024147351131508,0.02667167413296626,0.5041476154565536,0.007040345082885401,0.9374222211373039,0.7808994097620798,0.4998912821450073,0.006924837362358662,0.3778083149202436,0.0057796556167919715,0.4607857902171495,0.02288426369908347,0.5288877426942551,0.017699915084371506,0.7646675691694715,0.29189924632163655,0.9298615430970978,0.8313752949110674,0.906064838889972,0.7122698170109352,0.5797486836407417,0.0559133881607631,0.31848782617047056,0.009394090189416749,0.6823892896574362,0.28536053948218293,0.6424594871930157,0.0835179829965396,0.6405089090281061,0.16230046058577555,0.5488589303022293,0.5745802492892357,0.05798432086568393,0.6904240427914512,0.08036846552873997,0.6351233924226625,0.04157823995793632,0.7881782846448094,0.09183957924558248,0.725509214910037,0.23709504124641456,0.721173706550915,0.14941875127669516,0.47757890628606436,0.01705481871525582,0.5294865244368641,0.024037366639562165,0.9344691469997967,0.7796209757107737,0.47188231842344236,0.024113488300508416,0.766297738077911,0.3111534319727569,0.9336551157546658,0.8343951285007754,0.9059465343927231,0.7226662797308041,0.5819748775401329,0.05711561001883873,0.6954291368977529,0.28219155261563045,0.6336751212234241,0.08464817055897549,0.6915865194151181,0.23720507630530835
1,4.3190677140493285,0.5055222653037246,0.6761689829562777,0.1263856448039267,0.6069453860283236,0.012946282052688947,0.8137777621782281,0.14109958540169582,0.7724043813963822,0.16236605139289495,0.3231519716712127,0.0041192593898659756,0.7279518368152192,0.08852291351588051,0.933634055164834,0.32617814325356465,0.7730694112718746,0.02607810303382766,0.9047151558535517,0.5429088230481863,0.962412106208507,0.4159417182809504,0.7642259089112241,0.238654500601547,0.5516193630998543,0.022953115142029044,0.6164922289265449,0.034194675674903745,0.5644136183102131,0.008997798880170094,0.9460359699684844,0.7947208477430714,0.6045387352713512,0.021866259750900383,0.46429207058519234,0.007257135130046442,0.5961083050259406,0.03841215452748253,0.7672927630267513,0.05734196466368708,0.8579067259586269,0.4394144906188056,0.9528614865128735,0.8931606337944495,0.9385159711086017,0.8126901186316627,0.6216941251266492,0.06705926006610599,0.29799812719786445,0.009093477945289358,0.7671972353186918,0.3909271368226008,0.7861765503549023,0.1559961236849997,0.7150615474710837,0.22458793145581668,0.509295973213499,0.6791001412042746,0.13274967324251447,0.8200847013414023,0.14749874260990312,0.7432278279128779,0.08767053563800442,0.9390317412028096,0.3695239466425085,0.8971467549694429,0.5146370807030403,0.7608817897823068,0.22326602594465678,0.5734691907725493,0.03761493550432636,0.6305181438569665,0.030593740809460084,0.9418427450270308,0.7818609222893502,0.600741998523703,0.03908938157003597,0.8552747637528567,0.4396206644655328,0.955837859417214,0.8938623858249716,0.937147435230009,0.8066602931341528,0.6312240166836414,0.06817055453212013,0.7734367440489816,0.38338300574963846,0.7835516598284222,0.14930650160760778,0.7826573445971555,0.319094274391739
2,4.1553517731442575,0.5802197156620844,0.7719793863058914,0.16330635547687739,0.643548849166124,0.016835381083758663,0.8738079060909433,0.19591855907378442,0.8358615598072597,0.2891027787986508,0.32438178558057973,0.004188803261363181,0.8169286997790086,0.1526206486815403,0.9412977977375312,0.44169643748556564,0.7264435825059381,0.02625782223480556,0.8584128780326125,0.5364036293086842,0.9590810121912237,0.5545045194684186,0.6661066848509618,0.12322960770673863,0.5744401802487664,0.02624000228413964,0.6320282998677433,0.03636458313138766,0.5938679539615856,0.009126909995792024,0.9494043513039064,0.7960791230730616,0.711599348499183,0.036408357309299075,0.4854583827482878,0.007686831407977661,0.6186372843230258,0.04283199679558921,0.776647804289758,0.054923665309053724,0.8030374059982552,0.3697672090128046,0.9314869754756618,0.7744740149213392,0.9350421684620287,0.752271040084872,0.6262075739580762,0.05949833250324211,0.3107009833134684,0.009322205072234007,0.7180054793805205,0.3347568784196453,0.6901204886929005,0.09224426724749053,0.722097493175817,0.22715615227492755,0.586483390607102,0.7792925692944394,0.15959148571832182,0.8785295203831216,0.1954607036041995,0.8396853289391812,0.18334622382167107,0.9425918528993448,0.48683097478829096,0.8530579054512183,0.4970731014768211,0.6664056004920715,0.11039622555791713,0.584691697896252,0.034916525174502125,0.6491707345762513,0.03587959240413807,0.9445567534509085,0.7771358340739464,0.630950990127928,0.040105848928717214,0.8036722609543158,0.37877079610368247,0.9351268698534781,0.7670892850389466,0.9323264307657477,0.7406306001614164,0.6294977447984869,0.06549402165162654,0.7191924001712806,0.32704661503720406,0.6819749347258486,0.0921083214891476,0.7794202246737421,0.30574225968940927
3,4.044797588579664,0.62751145576313,0.7852545699379573,0.17204049190928017,0.6894709290280573,0.01727690303269185,0.910791067376545,0.3140618176728939,0.83770410496632,0.2327467167310298,0.38544799961717857,0.004614841090035422,0.8460387691209534,0.24128243339997302,0.9575212419247981,0.5763449127906148,0.7533904011194235,0.028537969619008556,0.9210294802302021,0.6177791893310406,0.9742114813132957,0.6002407583178515,0.7901226693365058,0.30329117733035305,0.5840553559430531,0.039139706201774774,0.7039506674859853,0.06012379433541197,0.6749815898189517,0.015045049845866238,0.9643000416208399,0.8299874266732349,0.7155277721037241,0.028950373412788125,0.5234667422451771,0.00998684545031068,0.6574352039746,0.06037767049931503,0.7915036578559184,0.07500371667671789,0.846305595624959,0.40699426876419664,0.9685557475675526,0.9366558141272503,0.9734222443902656,0.9066978500153072,0.6872870600283685,0.09527309151405233,0.38896493513529484,0.013148926995441242,0.7776535345547864,0.41657915314842403,0.8149902575536997,0.19194553718313703,0.7662839661490158,0.27669717061800003,0.6226980350691691,0.792066813201109,0.17238166958675016,0.9079590669748159,0.31943371540610077,0.8588282118290228,0.26889312852121255,0.9591518299398037,0.5901001180822447,0.917449869846273,0.5768061894865485,0.7886727209987977,0.2748418759141614,0.6093023597396439,0.07393731019289686,0.6951850408751397,0.05147755870998717,0.9587725138410265,0.8103617782090927,0.6680283470253678,0.06389211028867094,0.8415531501778187,0.4060654034289504,0.9692012910236516,0.9313276247068117,0.9701100541463707,0.9024124127987952,0.6960719724525922,0.096388316517017,0.7720222403327393,0.39814943016155574,0.8090688549048862,0.18221295800092993,0.8258402710818161,0.3824176000007329
4,3.9478028355635315,0.5731406415227353,0.7817408320144759,0.19833000218742458,0.667427114471114,0.01622375984414409,0.8809124087937452,0.4606997118560793,0.8051059856178792,0.2314192014761553,0.44050645025995266,0.0053549913175379585,0.8125592359251894,0.27016144645349177,0.9094833233485012,0.3508070601128097,0.7627120577082086,0.021933425637647056,0.8718608461103329,0.49753004898919495,0.9550645270568322,0.3955137344843258,0.7965651789004683,0.29863376690944665,0.5480983374894703,0.02676679012743121,0.6807822728258733,0.057341871014488184,0.6510767529664393,0.01359623350268229,0.9672057844421763,0.8642890250383216,0.6534792401307302,0.024040087635091287,0.5364097089034972,0.015698354224068845,0.6054207480413436,0.05388330957776097,0.6707676015628115,0.03827486052622942,0.8540037724402105,0.4137059916020419,0.9599854664078313,0.9230446401200292,0.9464121312955297,0.8394515755726155,0.7368341617529379,0.11799343854641188,0.4426981340931254,0.0132931511309225,0.7560520820899976,0.39624524003462,0.829197377117209,0.19937311758412266,0.7508600589140724,0.259369416750196,0.5774077011190413,0.7676764172599866,0.20090892369803479,0.8740838912582497,0.41095438326263833,0.8205213478260248,0.2658223035296282,0.9156112184379985,0.38441901052113614,0.8609342455947937,0.4704124833674365,0.7966726515267947,0.26813128288662236,0.5587467319095719,0.03529745217910983,0.6786669999411868,0.056203773580705524,0.9648039256147107,0.8571135462701808,0.62587290039244,0.0507226971790142,0.8465348958424618,0.40609990782645683,0.9627460423873873,0.9208207572171863,0.9432627983291547,0.8331434151331136,0.7398997041563606,0.12303602352491463,0.7593182372187458,0.39110264123458827,0.8196726594554271,0.18688795239289666,0.8084390416969559,0.36631728461272894
5,3.874064909306722,0.562037363412055,0.783696826013019,0.20861872825697236,0.7737469316954244,0.028649772240867007,0.9323589695395421,0.44616275149760953,0.8178287712741682,0.22149210850461978,0.3941737953087483,0.00505977860321424,0.8726098202461128,0.3680222407139884,0.9472221602815772,0.4771720359251266,0.857028472482668,0.04423013040476974,0.9147052966702093,0.6549561212590935,0.9755852043207217,0.43810136692876595,0.8505296067714248,0.3323533013126676,0.6005886404167057,0.028553073044117024,0.6878642770032379,0.04610975513436455,0.6625782147732439,0.012278200131674268,0.961230137629692,0.8299193550910322,0.7308214446976864,0.04985257454700909,0.5600562436196237,0.010290292137078098,0.6558031103648281,0.05410726458554875,0.8374898835864929,0.0964709090377289,0.8075083123842962,0.35348787389244474,0.9449514326299199,0.8480807867210285,0.9356573123520091,0.8164353757689866,0.6513653361411462,0.06592321316764845,0.4358716410228627,0.011654934162927757,0.7757327188768203,0.4243234137510732,0.7847609508984701,0.15353674261241027,0.7750679042692558,0.27022469613202954,0.5558198960260816,0.7777680509744722,0.1902315358425135,0.9307560577541636,0.4484029215483307,0.8749086339651357,0.3754234821619158,0.9503642741561439,0.49020966686841483,0.9085721773988514,0.6162279530691046,0.8472844803150097,0.30165394283604685,0.6048802084863338,0.03402569659315708,0.6828783891078045,0.040476766388676075,0.9556646685004868,0.8099583874684289,0.6709616906255145,0.05098528738422238,0.8030663549471877,0.3599322777941979,0.9481424520635805,0.8482486026552254,0.9314736759205925,0.8047629900149637,0.6521020418061012,0.07214702154394864,0.7695592207253441,0.4004530633793987,0.7847946288698245,0.15863596177782055,0.8183235628510341,0.3751109723328978
6,3.811740981189278,0.62116672541417,0.8344007884734471,0.27504678240425645,0.7274373251968156,0.023979105095869764,0.9668513784922633,0.5371523803009189,0.848701163831819,0.2829340089978666,0.4352111288447518,0.005554852492214376,0.8983790318695998,0.42587367211501265,0.9461816937149073,0.5720315143853467,0.8129748612235141,0.03063762391842897,0.897548141986561,0.5867933734322411,0.9816646991493527,0.7017594951492458,0.7712841521310149,0.2560736960636886,0.6704417751524289,0.0589727128085213,0.7405803801706495,0.13420442633476365,0.6636106569448231,0.01677864056238077,0.9750924833297514,0.8899483147955833,0.8077419476219144,0.07016485148699816,0.6471456913369967,0.01598100486336438,0.70084415728498,0.102775512420275,0.7561294502252522,0.06514209392625137,0.851089839367409,0.4730843411649995,0.9785793903562894,0.9504331468800342,0.9534636849908914,0.8513396509451011,0.7209249708147981,0.10899753708485337,0.4904960216806705,0.016545477629618797,0.769891964072571,0.4274704493537131,0.7823084780586994,0.17036943817472228,0.7934221252431602,0.309617080876395,0.619349722442506,0.8340359217170006,0.2852544256239021,0.957941495318196,0.5222691175710691,0.8957720948461689,0.3836749151474495,0.9513011993458527,0.5974652833689148,0.8892533291346678,0.5563205476145773,0.7740636107942452,0.21341390511762307,0.6772742342281851,0.09135474519220238,0.7364972357819207,0.09671873721184572,0.9693608667438,0.8755954922503051,0.7083745997270444,0.09676841158374884,0.8404486409645423,0.45415718887671197,0.9789164760752714,0.9454180418548274,0.9493390973809552,0.8419320153569235,0.7274772782385179,0.1118762910684788,0.7731177262672586,0.395482717409076,0.7842769116001491,0.17165197531737578,0.8404656698852361,0.41495961316031443
7,3.748691526510897,0.6421102103160615,0.8530351312387504,0.32403776207877144,0.6399439959268083,0.02330418739380575,0.956163655224844,0.5719368900159444,0.8489868632847062,0.27273305896916405,0.5035055607630532,0.021009244222117123,0.8915930403564508,0.4736869728157885,0.9102262889972108,0.4967959366372342,0.7679532140656083,0.024464363570753964,0.8719263011801759,0.5724724740898948,0.9669477714858811,0.5147669378064411,0.7536969964711628,0.2726477174291303,0.6415709947318455,0.04955561306150971,0.6802896296452141,0.13978976637904247,0.5833635013226802,0.015593224742612571,0.9768243640868555,0.9017594734442401,0.7892372011266878,0.09812010482087867,0.529911534619819,0.011149428140344822,0.6598689901781897,0.08352276850499141,0.7482177171789659,0.09544402163476437,0.8246211424459224,0.40338396773399454,0.9654407206486536,0.9288174123241517,0.9623423677770317,0.8901778806822419,0.5950275350039504,0.0597720603900837,0.5053658366906687,0.022766272651545804,0.7334757027333492,0.4023144901313592,0.7115610866209527,0.12584339196341482,0.7642729670694398,0.2998409777551624,0.6278967309895145,0.8483620575170272,0.3378135688025851,0.9522718067236902,0.5495186633269906,0.884736472462885,0.43315525920547765,0.913041871692255,0.5005971088452079,0.8597839861784115,0.5245457595967614,0.7552629138458685,0.21656287269749008,0.6449584328273651,0.056734880698927494,0.6864869434805623,0.11714401866159753,0.9714331306951591,0.8855726222887731,0.6680462696950225,0.07597038398188019,0.8142045095180871,0.38615129559703654,0.967663391649824,0.9264542839538702,0.955664341664335,0.8766952507850193,0.5860747853921141,0.058513672446570505,0.7351523047529278,0.3617098028742331,0.7118707198806415,0.12942810857989395,0.809688371123511,0.4022854720213947
8,3.710131117942092,0.5817177769944777,0.8551897948793238,0.3423438225970288,0.5852610047391086,0.016245196471350615,0.9193991020743633,0.4267808060407695,0.7904141492015947,0.19740762506525356,0.5394026014969444,0.007265261695698492,0.8578517745750931,0.39715574300085577,0.9361844116704104,0.5130263267140265,0.7315859339531395,0.0175074174021554,0.8570972186496594,0.4837920604108794,0.9474278355259916,0.46463640263689837,0.7558313289006827,0.21809251693799037,0.5862845962892271,0.04222045534293761,0.6530377486340859,0.15028068081701582,0.5637981001396608,0.009814790347549448,0.9728104450340206,0.8787405389535106,0.7278117474413004,0.07516821308247854,0.5051962610650517,0.008718182636938736,0.5998561409079959,0.06557266975352374,0.7757282073515928,0.09276214803705977,0.8083032678346493,0.3408350250828681,0.9603165195788002,0.924473274408797,0.9418391239577578,0.8224965964299104,0.598568031209227,0.05549417347619445,0.45880201612506033,0.021113584316490137,0.741822768709716,0.3784156759454479,0.7221781286934624,0.10715023601075452,0.7458460868706892,0.2714426701390147,0.565864833906071,0.844706736880334,0.34278491509707804,0.9102162802887708,0.3915440622544128,0.8460233782618211,0.3515449106824138,0.9435898720495244,0.5253395331192809,0.8451887592828848,0.43907587004773396,0.7568412718750788,0.18220988705548324,0.581408080104411,0.036721692858972074,0.6664412162559548,0.12712422744872554,0.9651436374846566,0.8480219398951725,0.6114936089087616,0.06312999268150885,0.7962515078591561,0.31383782845384434,0.9633819844434309,0.9225861455118214,0.9367401201231199,0.8088684508562822,0.5883152432222708,0.05329728694688344,0.7377329043150365,0.3429209676487638,0.7154233494964566,0.10709573434254818,0.7943061219282292,0.36600646530630776
9,3.6725934721050635,0.6265714957114322,0.8726047667257905,0.3274148398015809,0.6902691044157688,0.019361563046519054,0.8828172075841421,0.4673146561706303,0.8156313659309468,0.21331797471384975,0.42266922256282075,0.006126186223733254,0.8678255929042233,0.38357196719723174,0.9569456027345061,0.5362973762665217,0.8139931768684655,0.038433061854224716,0.8940771987533149,0.5878149624597482,0.9586372227796113,0.4287069581543302,0.7735311125397986,0.2719949391248967,0.6459121662276538,0.06618676428103484,0.744546700077845,0.22229559706831295,0.6577711155625269,0.024496720147401348,0.9737318873528041,0.8820955771837646,0.7135585544422464,0.08660051556932252,0.6107483648350802,0.016156236341127166,0.711788892023482,0.10043100985589778,0.8149440358011403,0.11731472928911216,0.8408733570199981,0.4523014427427288,0.9575184709332233,0.9270103202834488,0.9523341621907033,0.8608411839372049,0.630371340677727,0.08907166102076235,0.48996798013179804,0.01531393462518912,0.7911145000298401,0.44364651385747145,0.8216758517976138,0.21156760881800135,0.7809945751116566,0.29983401153977096,0.6138866860516345,0.8561188067290205,0.30857066928245475,0.8806866646017488,0.4494942915801991,0.8611143294841591,0.32217417221716604,0.9580793418990314,0.566707334988312,0.8822762767711935,0.5335085161966882,0.7710137243252613,0.2432814789263452,0.639096643151803,0.062171202634112625,0.74288838734341,0.17538215619380565,0.967101187935855,0.8571092677142284,0.7135492727378936,0.09587565874159666,0.8218043863746685,0.40904641457616925,0.9602151598886014,0.9263032704918799,0.9433969782432826,0.8470125529832765,0.6229338959212376,0.07665249916149869,0.7876395904955481,0.4072495423929734,0.819261767997016,0.20672191630857473,0.8266985258687332,0.40545380902433004
10,3.63882534437546,0.634531782399248,0.9076846340078887,0.41221921712544585,0.6266673356665087,0.0174020144838848,0.9459454177062383,0.5324618175857012,0.8298512478614177,0.22625264282331342,0.5875407803364888,0.010839056947477138,0.9061827300895878,0.43068366913762735,0.9348873373996128,0.34483013894448356,0.8241653123485301,0.04672845992150276,0.8977224837231129,0.5283280689361842,0.9681376006880644,0.4753405768913217,0.7768507797535384,0.3027378197489552,0.6541152442204068,0.07025894528150292,0.7225058419986927,0.2535109048141221,0.5576989338443675,0.010852438435323547,0.9769364389468688,0.9083555816498279,0.7579984895071814,0.09270718075534082,0.6045223832545905,0.01416356217505798,0.6387882913438739,0.1055585085798411,0.8407108400111629,0.12794349248436676,0.8283391528091073,0.40652230374685355,0.9627307637360762,0.9307810443993414,0.9517321467684748,0.8674251414595431,0.6320888184684386,0.06968015119519888,0.4875701223416306,0.026320146959437175,0.7159879296968251,0.3924276636191341,0.7276939732226503,0.1465642322470921,0.7794251934519745,0.29811133770568776,0.6133580051105825,0.8834536234751429,0.38984888583484667,0.9449837387720093,0.5004818514792295,0.8875911693565113,0.36905975039545447,0.9390289075311737,0.36340213512266195,0.8880361166987044,0.47620822701995025,0.7769552190678365,0.24885978586501903,0.6524556316069982,0.07824765911033238,0.7084422601893784,0.20279756549224112,0.9680004632586925,0.8759066735643848,0.6502173621547563,0.09619168536149035,0.8128082395596709,0.3872674782019214,0.9652594759190782,0.9314839805879881,0.9438207331296158,0.8565790465522745,0.6165462922547165,0.06404237071687789,0.7102868799489737,0.3439315898290585,0.7158943677732189,0.150612575705148,0.8164862800435297,0.39593257880242994
11,3.585048662118886,0.6001351192574316,0.8665713442163674,0.3870643899579175,0.7299800063077129,0.028007171178117185,0.9503086993509436,0.6775518172473874,0.8628639374069562,0.2820270094948263,0.4145937307357772,0.00703490617813553,0.9067392592989774,0.5145364529792703,0.9405722745744555,0.6347367338830262,0.8320779297684611,0.05460665269066111,0.8845848624399592,0.5978367011349163,0.9765697522761394,0.6926720339736402,0.8224505986917378,0.3767947440078827,0.5731072114131088,0.04226172198155294,0.8031052372312155,0.25464571454737994,0.6938858788928592,0.017329438226834096,0.9772922725872709,0.8860314115790855,0.7653006606390298,0.0889783409127543,0.5526991709294231,0.012767957558758578,0.6411375371876725,0.07815272595336688,0.8112359466570984,0.17855592241064544,0.8016173248267873,0.38378508084415996,0.968882106693822,0.9330764498247252,0.9690664489373708,0.8907614970229151,0.6276755634395843,0.07436596595595152,0.41614546907475447,0.02219651430600386,0.7369400774349487,0.4187210144312737,0.7216635391726659,0.11948673300068585,0.7787333400071191,0.3328455808185336,0.5674508767292272,0.8536142602766085,0.3821827928058316,0.9261210121274213,0.6419125089676713,0.8943658446226708,0.44317973412934286,0.9431322907537522,0.6515142736665512,0.8704118583525895,0.5430527032503906,0.8069323883393208,0.3327539515931018,0.5657008926135909,0.03169629903357857,0.7921285949538318,0.19102737750982157,0.9682028157663843,0.8566569389810214,0.6338318933242703,0.06729701308585953,0.7861723790683621,0.34166926678898896,0.9700779984039953,0.9259422730482766,0.9616976624355893,0.8734303457240261,0.6266916921286193,0.07343992745285638,0.7313854793263678,0.3644734528758575,0.7216512495337561,0.1227361786239346,0.8157573945016956,0.42768531484606936
12,3.5511564331348264,0.6309188109505346,0.8570171618898741,0.2732775689873962,0.6421986332980645,0.023852882315394994,0.9682298560356011,0.5904585542760795,0.8439789581874994,0.21244235934494604,0.5632015695679465,0.03497677224546009,0.9255441749997612,0.5087728673900211,0.9488132172416989,0.4929676469726144,0.7895326560646037,0.033021498252426576,0.8884299637379517,0.5270562178530301,0.9773634555078199,0.5418481357219485,0.7973908021649747,0.29999739670272185,0.6788431453823423,0.07486008169116037,0.7432442300060723,0.278195887953991,0.5791071117555633,0.013818847086313358,0.9791809025687556,0.9087762907367793,0.7130981497806829,0.06784910128282094,0.5766196043685112,0.012430734475926198,0.7012027604174471,0.13537849442023497,0.8623173065422796,0.19991328812224898,0.8514292729312624,0.46532969510402333,0.9621518162795482,0.9348144763638921,0.9472712563773127,0.8473205505061949,0.6786830790441414,0.08680790915793511,0.5444044033629173,0.03709059519380879,0.7388853358498448,0.41606311017441905,0.754853506026247,0.14735257615713512,0.788961243438028,0.31402590532649705,0.6082474226804123,0.8323975726958092,0.25010818949987457,0.9601494186462082,0.5323267232964475,0.8984006116339179,0.42607422957841734,0.9495531639870712,0.5041835205971992,0.8737221088353625,0.46835181772152273,0.7923273743613573,0.23796365537874428,0.6650386715291096,0.062169887394511195,0.7287732311944951,0.2374271687616964,0.9693392741776177,0.8724140317357534,0.6976641451019335,0.11149957979695957,0.8281320606481336,0.4141045539440824,0.9636144272840481,0.9300371426717404,0.9410336425212233,0.8292645767401231,0.6720694505068141,0.07592865259365321,0.7278891187649074,0.35770137317912953,0.7422176799701604,0.14689649175489175,0.8276451219911356,0.40352822466529664
13,3.5225933043520596,0.572230055222653,0.8008577316469075,0.2210165187056223,0.6692716811441932,0.016549911511178694,0.9721284277488991,0.7261883272784456,0.7992925127211202,0.1685899181196422,0.4109534787491872,0.028615703162359448,0.8549015772460605,0.2912442262264965,0.9398056352112251,0.5486387034066978,0.8091939559029628,0.03371070049129842,0.8747555514987458,0.5774614703611193,0.9666454447232026,0.5418568326772489,0.8294948063076621,0.3585054869190799,0.5946027636918532,0.04303230938742287,0.7773769734202663,0.22754302125450526,0.6581712349404849,0.011416402234533328,0.9817834184843334,0.9224774651437967,0.7315083560892749,0.0698644380539586,0.5437911611665873,0.011261980377416625,0.6522827986338681,0.07641877769447254,0.8558073944504245,0.18286560859690704,0.8575355810924048,0.45594054112993776,0.9671764486047477,0.9271152633786196,0.9439640206403703,0.8432852265537752,0.6897085059371667,0.08728580879757758,0.45075084466947074,0.02056801147898383,0.7197977851217474,0.3866410652241733,0.7261010682750242,0.1372756553540564,0.7722176599276227,0.30443728359689715,0.5577583928099392,0.7815634917838626,0.18659871931543043,0.9564952586309594,0.6583135267078524,0.8493933724401417,0.24504537029850865,0.9383517733570484,0.5143933539509238,0.8581884360444972,0.5206735422797688,0.8082682497544722,0.27375694411114176,0.5842221000549752,0.03384890164988949,0.7557927277539258,0.15382041055771845,0.9712081323253737,0.8872415217473024,0.6448350848870739,0.06298568642931755,0.8306717031512065,0.3997136142220048,0.9683691078445255,0.9198787333618168,0.9354817724336839,0.8207853899123588,0.6800678985401813,0.0793551347983783,0.717975927663518,0.34099226995655074,0.7226276762402088,0.14348355423525316,0.8127195445566033,0.39005541709588853
14,3.497644758717516,0.7019445423569498,0.8766082743819904,0.3422856662761577,0.7113298822806914,0.023492523044281233,0.9676238178911476,0.5909992980124553,0.8319298737384029,0.1931353183316377,0.4791636758740855,0.022385156371695795,0.9306631391531868,0.533268762007654,0.9504370284148991,0.5890603522388611,0.7990059743523946,0.0372185879357502,0.900004688701867,0.6400120680584258,0.9708764153425866,0.5643863630182226,0.8141536820452471,0.3625918466777065,0.6355009489196273,0.08726596603430736,0.7746950226388786,0.2857355551401656,0.6924756583732161,0.022319654962243935,0.9841207039860291,0.9309647122207544,0.794264830781801,0.10633719006667082,0.5959804523153716,0.01710401550847706,0.6425536692605344,0.09254124674996125,0.8464552186740023,0.16568570650537537,0.8253687514589028,0.38603016911758803,0.97174135883177,0.9427549528266908,0.9533066809478861,0.8580174941783535,0.6120390266173769,0.08277865556146963,0.4501838941478935,0.023132921929882762,0.7573712103127237,0.4366059099260645,0.7179357774355347,0.12431670541642442,0.7879149868030019,0.32540103069681836,0.6643757159221076,0.8528250340814539,0.3202544248250686,0.9532489695265779,0.5488860806063104,0.9104931119664832,0.44131186407080253,0.9503579267316795,0.5861731028746938,0.8863827695136987,0.5704980589984195,0.7951438578393093,0.2833739732668543,0.6273822962872815,0.08690555305626721,0.7511295800741045,0.21475392681207192,0.9732122432435616,0.8925976733579354,0.6236720629391054,0.06561282834732106,0.8007626547770275,0.34155188910852163,0.9717505351378739,0.9355052839900758,0.9420044897820508,0.8374504029980167,0.5990300208545516,0.0696617246809702,0.748991434453425,0.37273828146853094,0.7121195076464005,0.12171481962321296,0.8186566559284115,0.4180618680053171
15,3.463617577114112,0.6593526025143931,0.8945243273797177,0.3924195049423382,0.7206479209519652,0.024551881350505178,0.9731830001966263,0.6784755843697187,0.8345701718694432,0.1836216041094118,0.5416487219111799,0.01626170966612723,0.9250115294374363,0.5077035130366182,0.9487274294483665,0.6262663974842888,0.8569148632851481,0.045515727966733005,0.8883159864560548,0.5646325707132667,0.9805241374463929,0.670758342689777,0.8682796490874732,0.41703362261450955,0.6774649973592374,0.08494638948256061,0.8394232073715467,0.3404554380322452,0.6593358995338867,0.016074922973344452,0.9831687675103786,0.928210376906425,0.7910256703147845,0.12006366487606297,0.6296617403052676,0.01747816772623719,0.7582710693163233,0.13561827057218706,0.8151080911374237,0.13834575824647513,0.8719757819449956,0.44434181298332376,0.9714674374432792,0.9441600238860991,0.9390585850439841,0.8218221991896979,0.6910420707034379,0.08391192583141614,0.6007118741319358,0.04660788899796088,0.8217989861840536,0.49379398777035427,0.8292385003112054,0.19244213051286538,0.8196577083108286,0.34367359295886735,0.6285135254207419,0.8664451485084113,0.35319396915963797,0.9590401705939816,0.5998001558957725,0.9044815487097185,0.40483261904820306,0.9468289854231398,0.607645427326586,0.8736871199557767,0.4966014475231715,0.8506691104208333,0.31885418323282194,0.6579252504311991,0.08191086512934961,0.8075633711697936,0.24200446625066857,0.971113527201702,0.8826547094854352,0.7225912595786712,0.09582627621960439,0.8381296526456403,0.3719299958646727,0.9736371096374882,0.9427316383822824,0.9263981680136066,0.8023405144081386,0.6783983704350356,0.07651780397027633,0.8002240178581136,0.40923815469480845,0.8110543826930251,0.1874761187905239,0.8492616995797586,0.4295973965863721
16,3.4355254823740493,0.6607331688403243,0.8320658472635901,0.30327128735896886,0.667457288830354,0.021731820319468804,0.9280188309826117,0.5528648280012516,0.7939194590665047,0.2045014552272546,0.5014613364409428,0.04621285979727625,0.9101781021483467,0.5102607999759754,0.936792111338557,0.5275756422055358,0.8560979407784645,0.05195373627348071,0.8958279572764936,0.6053800061058687,0.9704472152214421,0.5445474179787032,0.8445318676670037,0.4211593509411818,0.6531403661467595,0.09927203560424717,0.7977448724264192,0.30660086107628004,0.7185027627972742,0.019302991686094766,0.9842665051151078,0.9346617110683668,0.7860609330652791,0.11739230097251169,0.5907566748023632,0.015860347962231236,0.6721787617614479,0.1182888025698402,0.8608213481242276,0.24337460016868623,0.8121722188338029,0.3871289387043457,0.9560439282114511,0.8981923491238393,0.9520167942920881,0.8668456202302443,0.6763619282461086,0.09197433254060558,0.511587393739103,0.042292537796279527,0.7194307076569587,0.4095074838862838,0.6776334950252683,0.1182970600173858,0.7886737172022296,0.325325045292008,0.6175874526389991,0.7976286625705683,0.2679145215532782,0.9146809701937052,0.499115867957089,0.8796904211205374,0.39948598054986467,0.9373098889699444,0.5369078572671239,0.8782167083671981,0.5160275747972787,0.8236307379532433,0.3257991825464167,0.6426263906432945,0.06821357153259115,0.756765350232312,0.20393441883880756,0.9697102737238387,0.8802417197427325,0.6518182880265946,0.08157828512040718,0.7825554697852839,0.3272754890875073,0.9578964029399792,0.8772750671253123,0.943460467105802,0.845755891537284,0.6710880256074494,0.079662005521627,0.7108555443714473,0.3342932428771674,0.6770173815740396,0.1240228135360405,0.8121844364490773,0.39796896809940796
17,3.4023392929928296,0.605539889554694,0.8831598626917186,0.3384004320911269,0.6097354159575885,0.02400574467967627,0.9587022965761022,0.5872411292192318,0.8502693622257134,0.2579971657006838,0.6673086666835559,0.04233102887931519,0.8987385118468924,0.4935702043165585,0.9545020442890477,0.5002342406947211,0.8258412125040301,0.04408639441365428,0.8401217081319579,0.4759138312627059,0.9720578423356003,0.6002207064783148,0.8102238050269323,0.38439492956278454,0.6243034309440559,0.07797638832135192,0.776149319382667,0.3109484058532659,0.6161827999081347,0.014203825178162006,0.9809808165485548,0.9230955235106627,0.7632767480863507,0.12379642678634406,0.5717149626189054,0.015352326039233944,0.6523783973193754,0.09813009314347912,0.8017086771917235,0.1366156624119189,0.848972464521098,0.4919845854669246,0.9532684186993123,0.9239497092073199,0.9368081573629383,0.8105314662590859,0.6204189363923004,0.07251879897389632,0.49820809405135985,0.027159154748624313,0.7388204038851756,0.4201200319476691,0.7411302489612094,0.13495356700954295,0.7844224078516269,0.3203742989290867,0.5743237289629042,0.8566700725535207,0.3095192808551385,0.9401762526506396,0.5318651952494522,0.8663620655375183,0.36716154778203935,0.9505009704758619,0.506548723517661,0.8217303505149987,0.41001011793154496,0.7947169491042209,0.29552537915338817,0.6087809340758491,0.05037196677796539,0.7375621213903429,0.19696836953828684,0.9641058058723929,0.8687081852376923,0.6236607782952487,0.06995185462759029,0.8113159543119628,0.4008425469846997,0.95604892021098,0.9220228776983463,0.9259920271766777,0.7925917268392764,0.6043672341044668,0.06595662192230181,0.7253233500370048,0.33966783600174744,0.7346093248787765,0.13351210751405035,0.8076201944494039,0.39132652110194877
18,3.360320145228595,0.6880213840911761,0.8676756471593076,0.3283849656521023,0.6770138321112525,0.027453309951589275,0.9367122906609577,0.6420479733860716,0.7729177357442762,0.15830586108105904,0.5459762228471219,0.02057931479761082,0.9032951496116641,0.5504039252650851,0.9493944930306861,0.5816657968456094,0.8384142744034969,0.06334635040291724,0.9024998647092634,0.6668378567967619,0.9734219028024804,0.5928934008121587,0.819393783102934,0.3397361111918881,0.6607110399757985,0.08572099457494352,0.8221593485400626,0.35178037813554486,0.7182495210356754,0.023650289301677417,0.9854414052899532,0.9341609502808486,0.7641572417648577,0.10498032950727332,0.6286769266328949,0.02436130170255458,0.664053828039361,0.1399037692051926,0.8399179972491329,0.24587291790223975,0.8117147768430043,0.4451327903790164,0.9725080608398172,0.9406643331674293,0.9585686346592608,0.8770998239884393,0.6329826831654939,0.08690789792695933,0.5062174629872241,0.027359746796257925,0.7536979402900453,0.44850903783685575,0.7152656814250854,0.1685195790394134,0.7931168363431195,0.3413953463818269,0.6419067759273945,0.8294932636617168,0.2647020865272908,0.9150797574515735,0.5781863366520605,0.8662787454352741,0.37498645883544746,0.9473589953659268,0.5514809085023867,0.8818298006827411,0.5716311178263852,0.7950259684380826,0.2650016502320039,0.6363621484835642,0.07593578364527381,0.7790647238722579,0.20371833586593194,0.9692585294705971,0.8742612481144417,0.6549527638084213,0.0857172828434464,0.7848408813289125,0.3602913689040098,0.9719647902008338,0.930086117942843,0.9518855409321543,0.8606153477357116,0.6243990494204374,0.07060227280320491,0.7402064878809029,0.3563437088710224,0.7091648638567699,0.1560619477570018,0.8160728943931354,0.41122637331615386
19,3.334487868089287,0.6948948419692164,0.8852208031500861,0.38806589673510705,0.7337325520525038,0.03155661297072816,0.9661075285756618,0.6946660517095585,0.8251972273267708,0.19576134841654452,0.669385332308723,0.05259216225799683,0.9106223818740602,0.5167843036163405,0.9335558860708373,0.6172669810759956,0.858938335208543,0.06433778162447554,0.9112255492115406,0.707166791893147,0.977197664644153,0.5695521675416154,0.8645211370000814,0.4341246697550679,0.6626001828895293,0.12016257120779525,0.853133331785624,0.3960770241718914,0.7314020696261128,0.022152893106573177,0.9869530039053557,0.9389276418940609,0.8111276554571256,0.13292672078079165,0.6685767667623322,0.022106417246705333,0.7204534684384578,0.14183462169832117,0.8775852419965715,0.2747038474539133,0.8630560745753451,0.5316136363026572,0.9675680443388752,0.9368296586339848,0.9534851541934337,0.8572826470744975,0.7102982029164828,0.11605315830316612,0.5501950989469951,0.04729942410435428,0.7837266464251611,0.478482253446551,0.7893048414795268,0.20101502776812535,0.8255834685061496,0.3649747042611525,0.6426997973389726,0.8440790418707262,0.3155237488349297,0.947326725596245,0.5822572343030482,0.8692911426082554,0.3699831333881806,0.9268418525593043,0.5801687291198097,0.8881266545121185,0.6010675927619411,0.834542266340585,0.29661783370397987,0.644282572842221,0.06415868163945325,0.7977136387696289,0.22236416952829433,0.9705564054802414,0.871186891842335,0.6891372690630825,0.10016162430597755,0.8246110237744525,0.4005894225419125,0.9666003518998166,0.9264267682233576,0.9393945182260007,0.8310472313282823,0.6959553809593094,0.09694309836358843,0.7616910674608195,0.37104157597555065,0.7757641178664677,0.180437986051619,0.8359946268643297,0.4256234826195162
20,3.300839740231908,0.6945423569498297,0.8887525218220034,0.37183853734548755,0.674949085104179,0.027221923789609782,0.901500548744691,0.6167750446652231,0.7698021029434916,0.16620958874103564,0.6153512809036837,0.05459741496586891,0.8993490444328371,0.5383076721578457,0.9451866668054136,0.6613283868859169,0.7967137223680719,0.04743182896846991,0.913824254475748,0.6735629519383901,0.9464276670998896,0.4529120706277868,0.7996675578926393,0.40065237694136935,0.6515525135715146,0.10743213808046521,0.8128395015601638,0.36559529520584366,0.7236715522091631,0.020966259143433363,0.9884918289574114,0.9442082960026785,0.7290061656059172,0.12908005776187034,0.593716233878801,0.019699847540653084,0.7169526078341647,0.14051772783994204,0.8627533588486225,0.2904187299153446,0.8470981307757759,0.49271637251543743,0.9598016484857825,0.9324947807168507,0.9423153059984186,0.8518150361193351,0.6591821299552229,0.11135172005059057,0.5203373568002049,0.05038405103049932,0.7802736370553832,0.5006497517886368,0.7502408362529458,0.16583645712060624,0.7957598946300823,0.3513078583791997,0.643052251299674,0.838739568906873,0.2928315755526535,0.860910509637607,0.4944358776742001,0.8440780505527734,0.3697195578120838,0.9390017042834687,0.5942521777525746,0.8923695057853459,0.5657225060869516,0.7642597020765247,0.2800828717355739,0.6225184544817428,0.04503854557564982,0.7544953464094571,0.20025562408922343,0.9719846747359987,0.875504092382102,0.6792864387788156,0.07907158137956558,0.8110220027417699,0.3958515072930072,0.9612372608415888,0.9288574760772634,0.9300545706735941,0.8289643286946189,0.6491709588243852,0.08744784954452477,0.7572661796830922,0.3894555730327612,0.7313259231629989,0.15233777994322448,0.8129825532235022,0.41123930778912365
21,3.2673427411524143,0.6597344612853954,0.8799412940315696,0.293879719553572,0.6413306869302711,0.021062175407538603,0.9736901854629809,0.6555562387657444,0.8040834454871135,0.1818717608116513,0.5901764778737646,0.0323639416599784,0.8815311122175533,0.37809300597651885,0.9609717446598492,0.583438437312933,0.8165700001535261,0.041191726899296566,0.7993879006430338,0.3826526571129409,0.9665145230275909,0.5622643732539033,0.8449101426747171,0.41788410339506943,0.6676105547774406,0.11154017542422147,0.8090902479067834,0.3489010454456715,0.6165009153308837,0.0120475653229418,0.9871108651954589,0.9455341052249616,0.6984685430463576,0.07676355058929026,0.6361019099166527,0.024491524872939218,0.7032187796449579,0.1417629668594872,0.8518708388151338,0.25714129567206895,0.8666680811972846,0.5207528597065798,0.9593107276341929,0.9276208627971514,0.9447305954841986,0.8592955341924858,0.6841860612759227,0.08740797791471365,0.5832372819373713,0.05275265403772368,0.7574619576569588,0.4750316431757724,0.762383145226396,0.21607006727076034,0.7956560776233832,0.3310527680252275,0.5930919023702529,0.8226078613650469,0.22139483523314343,0.9456732029258298,0.5646841040568927,0.8413667500582883,0.2650486762034833,0.9552236809711923,0.5416849124299985,0.7831069601873966,0.31112489484441486,0.8063372885404948,0.2852618830490782,0.6413149578872713,0.06158048440009849,0.7461218240898665,0.17493195267610384,0.9665024610258969,0.8639156633819507,0.6801762661370406,0.07929975907676298,0.8202221344198809,0.37485279421758866,0.9583555519744974,0.9207281010092618,0.9299636430363364,0.829921064017773,0.6728350550463165,0.0772144045103645,0.7384652928886735,0.36027225739205887,0.7463550913838121,0.18656994687303532,0.8159142513711151,0.38240535833575057
22,3.2239592984369505,0.6520385383621196,0.8839193730312807,0.40766767544548244,0.6986148581781993,0.023139793862277512,0.9735044846724556,0.7199885387395818,0.8342063241408361,0.27273557611095467,0.7240516020796212,0.0509380152178943,0.9280452829559308,0.5011802188735341,0.9399036872522684,0.6048659530815098,0.853490412304885,0.07664693007026127,0.8741108420825934,0.6121111931800286,0.9885511497850371,0.762192004166515,0.8381315402398837,0.4242619212754842,0.6795471572524034,0.1309703384643067,0.8710128222893381,0.3820289309363925,0.6399679852390275,0.014700808427246147,0.9916331407155154,0.9629320063531134,0.7411214199707576,0.10729098957729462,0.6467853909674508,0.02707305834643973,0.6899851155656274,0.11851191934287772,0.8446473458119044,0.2761132917944907,0.8784022150581355,0.577185061301211,0.9534520508857796,0.9274172268365098,0.9337952412101443,0.8359450235616754,0.6416223809158779,0.08733373125089894,0.5956179692963879,0.07349930589024951,0.7621425571437098,0.4913990037588293,0.7625207287832135,0.22167098860864412,0.8141839645318564,0.37268459632591167,0.595911534055864,0.8233848914136418,0.3067291380642906,0.9493480617569275,0.6321831477338498,0.8590735233746858,0.3212179000873065,0.9323747664487837,0.5354330426883759,0.8506207828385759,0.5013828080077758,0.800866450232977,0.2767085965839856,0.6526151018301306,0.05784859541225586,0.7925821913779921,0.16060958542288384,0.9714573565011195,0.8841081526828307,0.6596435247385944,0.07080928031998791,0.833235730489655,0.4210425909120937,0.9545671052506919,0.9197663495375404,0.9159065356264894,0.8102956188829076,0.6310778408264223,0.06822009454662913,0.7290123393917004,0.3590063574623448,0.7453435285341291,0.19680078444742838,0.8188193581645323,0.4076351276745304
23,3.1837960884890704,0.7123722241804723,0.8868254527365892,0.38286592439896683,0.7220633989878064,0.028065465170411016,0.9787377337954798,0.7689973016278447,0.8390406769954576,0.21866833133088157,0.6415591388769257,0.07640222710354669,0.9524575705912642,0.6814875160574808,0.9256518881242936,0.6191042786141059,0.8548694590842397,0.06423612487305873,0.9047036492559078,0.7186354007611677,0.9642275180752525,0.5257820944302843,0.8127747530135455,0.4747120955858407,0.6565510030719759,0.14735392886655416,0.8769741820294968,0.5025766838817217,0.698195092294507,0.026543292161426667,0.9902706684700464,0.9528093298650087,0.8132545072890685,0.15339821114853197,0.6778769409414477,0.03495202688841975,0.7194457740049957,0.18976058233626522,0.8893365028106686,0.34650292638483327,0.8261202759786885,0.4758547850806907,0.9800449164598259,0.9609486348654886,0.9366210661980601,0.8350302238457123,0.6504185322851763,0.10270114215944275,0.5339953296919788,0.08639676297176813,0.740139491077823,0.5007002573355888,0.6826317713081201,0.1863418358957366,0.81364566513264,0.3869548993707993,0.6360031720856463,0.8335952342879753,0.26663819908962505,0.9518063067356031,0.6177327009039023,0.8952348053456461,0.4419302099523579,0.9137904143916061,0.5490809600302816,0.8732173451975065,0.5913057082779862,0.7699624687335024,0.3227857127420711,0.6121898199245455,0.0414243289276779,0.7610554019878846,0.19674809720148878,0.9686978169676206,0.8642854936672463,0.690908626247285,0.10301636410666618,0.7804176531729624,0.33837607916306056,0.9794856644240724,0.9539904668893873,0.9250061101180265,0.8115201858052058,0.6334611765847034,0.07590901572302333,0.7120303116099349,0.35846400866433553,0.6637208504289444,0.1638245910147732,0.8102862503848636,0.418564507634943
24,3.148446417151796,0.7211549759135236,0.8907522777891659,0.44779029951668003,0.6307442268704865,0.027401582851126816,0.9236787087812204,0.6517949517660676,0.815455172611704,0.22785785599593814,0.6921659530987425,0.026397820493996447,0.9538812810105657,0.6352505466451981,0.9478381599961547,0.6030345116174746,0.806646412208383,0.0461270332488566,0.9009068334972428,0.5693027490452855,0.9691677879160192,0.5532369795833035,0.7877176598261079,0.3719482591991616,0.7083561492582465,0.17325068412909483,0.816209088778792,0.45703066833221473,0.6817115808213134,0.023125075752068795,0.9912300744117687,0.9605716433502949,0.717485701384708,0.15308502044186167,0.6652944947842574,0.03551497124490198,0.7384401053703553,0.17899481287442548,0.8757482408404097,0.27925873504031185,0.8744674749391428,0.5812705559517286,0.9643909045469002,0.9384490983904763,0.9392780396037743,0.8448381357393162,0.6694600712331672,0.11936425496587415,0.579687084437396,0.08190048237112366,0.7927605671102889,0.5195572229567893,0.7616177889690594,0.20018751111544808,0.8113496861575142,0.3733285177930392,0.6429641378094987,0.8208162474354214,0.2996822080775798,0.8767806938123943,0.4972522540890758,0.8918737510924589,0.3856105129755203,0.9287345185183841,0.5235241324408834,0.8794537451099363,0.4627560614024874,0.7547246696720955,0.2337682528242395,0.6559816021721523,0.06403098623044456,0.7355562253719932,0.21268591597482314,0.9692752146353745,0.8724895827003667,0.6865215549973714,0.0831502002837328,0.813981616882231,0.41892372192646843,0.9639868095369839,0.9299842795194049,0.9299363999732578,0.8254299005101894,0.6341737232649498,0.08257049160883281,0.7555242276645228,0.36992275581863326,0.7304362551286834,0.1647020167065725,0.8142348284542632,0.4016552045680784
25,3.10072994319018,0.6653448478439666,0.8682931771609355,0.335560954359266,0.6334859315807386,0.0335186708249655,0.9418879682864789,0.5692825046708752,0.8108079222996825,0.18271059817305468,0.6603582758397442,0.05998643483113244,0.9220596679339141,0.5144849935333361,0.9342905021205999,0.5913808615909193,0.7966709544269205,0.05663456722626971,0.8726871910861512,0.6257577765908399,0.9672052610050798,0.5299641147397377,0.8516914902962337,0.4839769133280005,0.7283814715399324,0.17189972281646068,0.8418442905118396,0.39436166677356044,0.6398758203489396,0.018675719382655553,0.9930167093407736,0.9695205713097496,0.7211397098348671,0.13819107137394718,0.6696318024098905,0.04063936521232601,0.7306319368480991,0.1810670431958531,0.8471849210620739,0.3028831716131377,0.8655808396180444,0.5093186366754751,0.964341477172834,0.9343731324428741,0.9558489125533929,0.8713516114339961,0.6718706884218131,0.10888440674912178,0.6641870302603453,0.06668914510162835,0.7743538023693005,0.5056624211965224,0.7109647038140761,0.17332658236995013,0.8091650945439499,0.36038856375060213,0.5829588510000882,0.8119183454436552,0.24314999548312594,0.9067058206857117,0.4650428476057945,0.8666985643195431,0.33035377938307425,0.9142503759715526,0.5139140182991552,0.8376219235741502,0.489522315535403,0.8034787777777415,0.28377393133349266,0.6756396644410779,0.06325786711662292,0.7345858083867554,0.1607204648729211,0.9666255051391744,0.866619021500607,0.695550265786553,0.07683622159832335,0.8043506546947283,0.356337015956478,0.9639749451085482,0.9292340411089334,0.9430981656807236,0.8523969032531888,0.6379209466996459,0.07986632973336924,0.7194211941773938,0.3337071684890259,0.6941878403580753,0.13908226724786021,0.8110017998903144,0.386488386782336
26,3.0570437096916345,0.7751439313829163,0.882378743135695,0.3952178569723963,0.7356130736134131,0.05862992681137284,0.966625704764267,0.7686173287538225,0.8312260268092144,0.23127149073661152,0.6741919934019598,0.09025884049539425,0.930166410499617,0.6390850906198509,0.930174719693805,0.6810321900027925,0.858753281617023,0.10508382936629629,0.9201516008439939,0.7605605197097696,0.9705184812319472,0.57360708820297,0.8328871707516831,0.4894166034329253,0.6663527714219337,0.20681523734351456,0.9094280354996188,0.5498333561944183,0.7507922598166681,0.04229259476278623,0.9926369306793229,0.9595166943319389,0.7942079857228863,0.16344753604065448,0.6479214350377939,0.0635835647779493,0.6903463842228597,0.19524649607492073,0.8673865267312522,0.35818050465169066,0.8869737757856024,0.56828913671089,0.9708005478070771,0.9536127838820576,0.9547532566642576,0.8905006721373645,0.6546670601927131,0.12421778790203183,0.5397145792905762,0.07910801254629524,0.8272510817020768,0.598332912890874,0.7892033046971245,0.23660889796569579,0.8259662746782455,0.4147064212814339,0.669045730901401,0.8187403277782144,0.26409295166341334,0.9220488551618975,0.6138883114978888,0.8472134610955915,0.36749555559600533,0.9082722355946335,0.5900125180042693,0.8825102444659937,0.6020722246724376,0.7846664475458522,0.29497899055730364,0.6046099484239726,0.07050900931125087,0.8231334176321825,0.20317986142186178,0.9655449432268715,0.8359016317421143,0.6305832434987174,0.07161465914095591,0.8204996548021741,0.3581213300036036,0.9702258474352714,0.9474304114812742,0.939777408517716,0.8680006392771994,0.6401777001794461,0.08938656314920565,0.771552126975615,0.40294638499309543,0.7641632226781052,0.19938563259523615,0.8183574428132658,0.4236885421941947
27,3.010606804713143,0.7247679473622372,0.9221112172164609,0.5025450683237684,0.6962872127308511,0.04082741685521852,0.9854594351065038,0.7111961357515411,0.8552372077086957,0.33378956501359086,0.758265002519303,0.09473526055414706,0.9593544948786037,0.7197652089933776,0.9602454410446464,0.7176853152453209,0.8271735983629747,0.08071457231659893,0.883194642541907,0.683422729434251,0.979824157038817,0.773592045965746,0.8355077778503875,0.4291641117003796,0.711606883198064,0.2159979662628599,0.870510167363015,0.5154653702890705,0.6386847112711733,0.024395714851655106,0.9936590122069099,0.9713231360392406,0.8241262255955965,0.16393933819566966,0.7134230186093737,0.06498709875206192,0.6875450257561734,0.1883937157629879,0.890989165968983,0.3323199021438673,0.8345752320529412,0.5662303824456285,0.9662817361865542,0.9438342708600765,0.9156769015714088,0.7993479878448384,0.6027441687848522,0.09488012642963162,0.614656954609482,0.09396718450557001,0.7610490570541897,0.5150399887379558,0.7055789414878118,0.20779279540263074,0.8228372072582955,0.4148212464876032,0.6218169001674156,0.8518227818597225,0.32934320457015687,0.9561476972195087,0.5615864074511584,0.8697885600426828,0.4145991278820594,0.9383873642727959,0.6237950876216247,0.8441081915016588,0.5307945648310104,0.7844780211227658,0.2555999434327719,0.642086500006295,0.046574090357010926,0.7429626389460684,0.20686776108294097,0.9633262232667512,0.8502643696837074,0.6422470845790695,0.0735999787185919,0.7677387294433934,0.3645331390668752,0.9646954157847659,0.934626521018955,0.9053909481321827,0.779544477733581,0.5898053251855085,0.06610251488888388,0.7162337691832196,0.3336682116300049,0.6821198060425214,0.1584913617773845,0.8038336910368069,0.40812442260916987
28,2.984814067688634,0.684849018916696,0.8911160060009867,0.37349706674070504,0.653552863165177,0.059457101914415236,0.9706635602482286,0.5356197042413468,0.7618545218504156,0.19147162388116784,0.5503052719580472,0.021533231733982076,0.9171457081323967,0.5693912838587019,0.9452996465419035,0.5730571398227078,0.819039903585708,0.07042359642706325,0.8499419222341961,0.5599322724421771,0.9726210958848654,0.6504578096601504,0.8238309923809688,0.4805755903967899,0.6588475943571247,0.14212584205342424,0.8452206429136792,0.4023368860611041,0.6165569307411138,0.01415601905396422,0.9951426667471882,0.9780006078388672,0.7751728197299389,0.1319055343412786,0.6612962448303473,0.036497663960330495,0.6497325037836044,0.1460952977015379,0.8665195799944184,0.26996334944601585,0.8571059510324998,0.484490826457586,0.9437646184455897,0.9071939751904667,0.9088005705028999,0.7755608339412771,0.6221266998529794,0.08384111034342243,0.5290687580649928,0.06747569242625226,0.7784675079076151,0.5311013264163025,0.7241524615441078,0.17125436957790605,0.7918210400934996,0.35490060599726697,0.5853379152348225,0.8285162168095423,0.25795000563748777,0.9426222868170882,0.45647705763855384,0.8465772960230923,0.3003633455214261,0.9321040941341184,0.4948424902679736,0.8181971685494446,0.43226047320286276,0.7701643307798004,0.29008661826346904,0.5936702911170889,0.03547542980040684,0.7285082044345116,0.1364488518671493,0.9669221755080166,0.8707209114768506,0.5890806467030254,0.063348760948419,0.7894907646246144,0.31819171736514695,0.9450470096468668,0.9012001811540757,0.895299585232193,0.7536014451482519,0.5990539793394442,0.06102006210612538,0.723348956521775,0.3453418767358687,0.7040923535994031,0.15403961421842954,0.7920434599900016,0.3669605525845311
29,2.919347365781264,0.7062037363412055,0.8495956226631822,0.35096883507393756,0.6957460396442524,0.09395306322052208,0.9488164853889591,0.7160219590596156,0.8548364735997583,0.24976649927871306,0.6686846423856532,0.047362852745793965,0.9591802137480344,0.6675859334444855,0.951348559334926,0.6591285785982766,0.8371110036429512,0.09670802344943905,0.8659714819864343,0.653700587040092,0.9798138452366539,0.6556932574842609,0.8511785504905447,0.5001031069268131,0.774694369325703,0.2890714137534153,0.8862427913617498,0.5036197381105512,0.7065205454754595,0.03363854728835401,0.9962841008653909,0.9824889653459961,0.7118948621742497,0.10448780081059637,0.7066817089915498,0.11619665493129686,0.7544731828037056,0.2620150645616472,0.9057227753857193,0.38104215309497425,0.8710489954681235,0.5650770353420786,0.9600460644504494,0.9355413348248023,0.9223454996263512,0.8287502836249611,0.6454938172172824,0.11113471187712415,0.6557357489730986,0.08298962294492059,0.8042387689484364,0.6120391353827166,0.7363610240861762,0.24238375752835317,0.8269256605105691,0.41313341983629753,0.6052515640144506,0.7683694294100589,0.19901162222920601,0.9166740130089823,0.5874218456092358,0.8974526219727625,0.3722544640906062,0.9375556249742136,0.5631835229609073,0.8295886648456099,0.5029202626289928,0.7893276257058209,0.26237618771693616,0.6930945196798846,0.0826274425903669,0.7597778700817504,0.13439880510788466,0.9672340468519427,0.8598149387692506,0.6799243530580057,0.09308746952811686,0.801335126888777,0.35227357454510433,0.961029177019793,0.927402273922107,0.9123026228337263,0.8121516193996212,0.6205523061254183,0.07440268248278036,0.7358150469032875,0.38844702511479107,0.7016863856769862,0.180114390694891,0.8107324646898137,0.3994930079619249
