epoch,train_loss,train_accuracy,train_1st degree av block_rocauc,train_1st degree av block_prauc,train_anterior myocardial infarction_rocauc,train_anterior myocardial infarction_prauc,train_complete right bundle branch block_rocauc,train_complete right bundle branch block_prauc,train_incomplete right bundle branch block_rocauc,train_incomplete right bundle branch block_prauc,train_left anterior fascicular block_rocauc,train_left anterior fascicular block_prauc,train_left atrial enlargement_rocauc,train_left atrial enlargement_prauc,train_left axis deviation_rocauc,train_left axis deviation_prauc,train_left bundle branch block_rocauc,train_left bundle branch block_prauc,train_left ventricular hypertrophy_rocauc,train_left ventricular hypertrophy_prauc,train_myocardial infarction_rocauc,train_myocardial infarction_prauc,train_nonspecific intraventricular conduction disorder_rocauc,train_nonspecific intraventricular conduction disorder_prauc,train_nonspecific st t abnormality_rocauc,train_nonspecific st t abnormality_prauc,train_normal ecg_rocauc,train_normal ecg_prauc,train_premature atrial contraction_rocauc,train_premature atrial contraction_prauc,train_qwave abnormal_rocauc,train_qwave abnormal_prauc,train_right axis deviation_rocauc,train_right axis deviation_prauc,train_s t changes_rocauc,train_s t changes_prauc,train_sinus arrhythmia_rocauc,train_sinus arrhythmia_prauc,train_sinus bradycardia_rocauc,train_sinus bradycardia_prauc,train_sinus tachycardia_rocauc,train_sinus tachycardia_prauc,train_st depression_rocauc,train_st depression_prauc,train_t wave abnormal_rocauc,train_t wave abnormal_prauc,train_mean_rocaucs,train_mean_praucs,valid_accuracy,valid_incomplete right bundle branch block_rocauc,valid_incomplete right bundle branch block_prauc,valid_left anterior fascicular block_rocauc,valid_left anterior fascicular block_prauc,valid_left axis deviation_rocauc,valid_left axis deviation_prauc,valid_left ventricular hypertrophy_rocauc,valid_left ventricular hypertrophy_prauc,valid_myocardial infarction_rocauc,valid_myocardial infarction_prauc,valid_normal ecg_rocauc,valid_normal ecg_prauc,valid_t wave abnormal_rocauc,valid_t wave abnormal_prauc,valid_mean_rocaucs,valid_mean_praucs
0,5.252851563931858,0.45393481413632547,0.32897435359064264,0.027829412234791857,0.5081839058351767,0.018864268182848466,0.8508822598166815,0.5002142037337851,0.7590347466577002,0.29679462959424135,0.8964811875059837,0.3540155030396177,0.4034794221290524,0.015813873077101095,0.6962691533635252,0.4680555205569925,0.7837480971230896,0.05958578128811846,0.617731751173367,0.15552356902682798,0.505059003138272,0.2703567681174526,0.4088663389563474,0.03195627531863999,0.5180430591589509,0.02120788403553936,0.8972588797574514,0.7003463441538861,0.49892826601215007,0.020939872900304052,0.4000840719879886,0.019489000417420077,0.30678904761975456,0.011037252837046036,0.7644728436434303,0.11756014652485142,0.5717380990036375,0.04258170197607583,0.6142571064230179,0.04538917687377175,0.4809014682868584,0.08540571128414645,0.6013944723781692,0.06709092120544483,0.7780930670704101,0.30603562600523604,0.599575936392348,0.1652769746538245,0.516941391941392,0.7732882983701955,0.3124623812610635,0.8992558376548783,0.3824015558366278,0.7015757865646259,0.4527247994069851,0.6065652227744074,0.13872033145502569,0.5224575124565008,0.2826055792445096,0.8882627813309586,0.6663647651270351,0.759272774991903,0.261796345155572,0.735811173449067,0.35672510821240266
1,4.811033094687258,0.19502328066559804,0.32998404266487497,0.027718305920294253,0.3768487190471611,0.012363601492281613,0.8552441122656167,0.46991741004463866,0.7308311469664752,0.1570192219193295,0.4516051851911478,0.06073413858777164,0.2979712971886575,0.012954010115532693,0.5561986611790656,0.30246955072608117,0.5206268075492374,0.027570362134453037,0.48221959484064775,0.11130229658847282,0.4384371708370196,0.2867425025652314,0.378819491388532,0.028092136516582933,0.5666196048587495,0.02513993644935668,0.9152180058531657,0.7789041014805561,0.4879331115171716,0.01779289721873651,0.3840478553059284,0.018467866257881445,0.34674706468311645,0.011315402111322431,0.7328617816674294,0.10242424348715348,0.5832627438985181,0.04611832523722731,0.7449998142920815,0.16698714175845783,0.7298058376487782,0.18186495118969878,0.5454845687332414,0.05565915584495258,0.7476523895993885,0.28794441949987126,0.5547008639625456,0.14497736259754015,0.20306776556776557,0.736062221498769,0.18283108508408727,0.4619184218252478,0.06655914130509206,0.5750147628495843,0.3083297254232832,0.482984264851951,0.10370781837936247,0.4456531765714392,0.28931696530133133,0.9086468790479275,0.7601475682529734,0.7295443884787634,0.28628632661771947,0.6199748735890974,0.2853112329091213
2,4.619672221979489,0.5140065643843982,0.43166578104533465,0.0382038661127347,0.6503352829578338,0.024216909826644865,0.9239299377450391,0.73548454199898,0.8884569301514987,0.5252066452346156,0.9076222340700468,0.4607076077101259,0.5006732034235342,0.023120830152949905,0.8157510116703506,0.6310386845773008,0.9511985340862346,0.3669668460140778,0.6955249377049885,0.2950670137625544,0.8382834371659069,0.7044561301135941,0.5224135649849435,0.048139832058446796,0.7323834741195416,0.05958972297373731,0.8688660719925326,0.618805696969106,0.5964562222307876,0.03619168213075403,0.5905733425089847,0.03853675384501194,0.38207181635582765,0.012991986295377242,0.8036264059985694,0.1408798758244303,0.6288100480888714,0.06153880891563466,0.8312858003598607,0.31049882531634876,0.834547266268916,0.26989467647797366,0.7251932245415678,0.11354960609178505,0.8677335926508316,0.4587012552600616,0.726700096369182,0.2715358089846475,0.5544871794871795,0.9033888131523795,0.5509333001296112,0.9042813495959603,0.4528148475278981,0.8169191113945578,0.6260131492047675,0.6950170643158422,0.2844454172785103,0.8314240193161808,0.6974691010964142,0.8642218871437823,0.6142395954832376,0.8422053518578495,0.4002042689667661,0.8367796566823645,0.5180170970981721
3,4.478256830176582,0.548584077551332,0.5240627084507656,0.051792219642004964,0.7126172616081342,0.03468762502113534,0.9518091864265031,0.7622650746970914,0.9267936890560107,0.39891416465761215,0.9482672470768689,0.6159331168422093,0.4975528626102286,0.023479719819897698,0.8035032700840912,0.6416458823678356,0.981293716798133,0.8188192980994624,0.6858271237315637,0.3295183149605029,0.8776471390105878,0.7231818039690469,0.560324191720492,0.051219595773461774,0.7436570925657627,0.05590201487996277,0.8755843831367073,0.6236042079698738,0.6485391948896483,0.037794776703617965,0.7031692294561955,0.0832004078247404,0.5473581034638891,0.019175150384399584,0.8099538189612018,0.11818419689562162,0.619780045985961,0.06647564705482223,0.8805468891860215,0.1865296383607779,0.9035567804822399,0.4981112475853209,0.7991111345519991,0.14879764591262767,0.8537464826615907,0.3930482150404932,0.7661227978142997,0.3037399983846599,0.5350274725274725,0.9266618511811504,0.4247571481360307,0.9425078944613207,0.6467171407143654,0.8037660029289494,0.6295454168469127,0.6813439585326297,0.3290482776012566,0.8642608576181336,0.7078978081999561,0.8689407585816061,0.6057396355799741,0.8407506784753015,0.35198418471242504,0.8468902859684417,0.5279556588272744
4,4.373262446815299,0.45362949393176094,0.49914423137489894,0.05544694514711924,0.4941128771386857,0.02017013008614566,0.9295314173202002,0.7740652404672571,0.8392907291730797,0.5113633496285956,0.7828753443095645,0.25782589042404985,0.468756460294622,0.020470305595746953,0.5639966397641865,0.34103467045146485,0.9829139195839911,0.8552800153442125,0.6732742461020098,0.3281892332451555,0.6166985758836451,0.3823204453185562,0.4524110858018921,0.034083671402336396,0.6631473536458757,0.04550248128268934,0.909641033918884,0.7454542890253821,0.5581003294577569,0.03296884537426763,0.4118312193528419,0.019145019944121412,0.3661233478868242,0.015851068496905422,0.8036700236609042,0.15355181301879425,0.6310309649231047,0.08073811259749188,0.819489014344905,0.3330112024389531,0.8806672377042886,0.2741163611672172,0.6370941633491298,0.09529747684854584,0.8163143040051409,0.3999605550656623,0.6727324781362015,0.2625385055623032,0.41895604395604397,0.8546320223004454,0.5433625999638032,0.7562447330599466,0.23793856731132157,0.5515093537414966,0.33281714227347764,0.6751123046847891,0.3136439629830554,0.6081743182749875,0.3715409004131723,0.8981065819300518,0.7073451560959723,0.7823197154312646,0.33935415465659724,0.7322998613461403,0.40657178338534283
5,4.298478065397109,0.5051522784520266,0.5042303896787699,0.09820061717828792,0.5351835823548783,0.02087013871440855,0.9237086640557746,0.7109648031109402,0.8337592407545097,0.35938479315475946,0.7886447934433766,0.26878030986269064,0.4724995068703475,0.022222295734158376,0.5654496496490804,0.3456025364421851,0.9602821320961078,0.745670937905466,0.6924539458681125,0.33822443911635636,0.7389585810208369,0.5560308659397475,0.42570784369200454,0.03394569793535266,0.6752988470427369,0.052856237884651255,0.9240663920217284,0.7929523749911713,0.5916660841433674,0.06126007039006869,0.4929397188150068,0.025358844758082796,0.3472172943570954,0.013631327988013454,0.7869451665590764,0.156211527067949,0.6205854085816128,0.08855465352943029,0.8173783406791133,0.2471008579959631,0.8230705891087957,0.3943992383546173,0.6470640287854104,0.09002924005933577,0.8456343623272367,0.4486248773522542,0.6823974800865898,0.2668580311575405,0.48374542124542125,0.839587360367876,0.3917974936928,0.7817039589817479,0.26462369852379247,0.5612156320861679,0.33677545443957235,0.6959592521793301,0.32934197586824937,0.7209005299743304,0.5309975476003608,0.9155645340835492,0.7534846036892405,0.8096946581936362,0.3800855124575181,0.7606608465523766,0.4267294694673619
6,4.2007816110473675,0.46088084879016866,0.4598641526865014,0.09266052967312646,0.571692049670254,0.022850093721560414,0.8894674465609618,0.5941941948416313,0.8356661157337906,0.3838830538680955,0.8736913753183627,0.4801230492545158,0.419173384385827,0.01777196398360686,0.7753768697434922,0.5743625801891176,0.9116390729381174,0.42057936866227424,0.6940590796695588,0.3004723996631348,0.7616491495161943,0.5874578876409555,0.4468880793364267,0.03990879423667135,0.686526270549049,0.041634061527978126,0.9203504319692323,0.7712385729007467,0.6226433121643278,0.05757084998462275,0.5444178701534141,0.03029169724074973,0.4276510636023676,0.013494626998945852,0.8055405503341113,0.17501348733803312,0.6614783287248889,0.13578369537099816,0.8181477904884531,0.3051388200305311,0.6864489617599174,0.22577869722565078,0.6205260786389699,0.07456526180585873,0.8691699811597237,0.4794419607656547,0.6955485188683611,0.2647370748602027,0.44207875457875456,0.8342553970740839,0.3942757668462857,0.8680916599491444,0.44372349783295384,0.7626517620937263,0.549534729470178,0.6918051864193918,0.2796843627789892,0.7443607492934652,0.5563607493319133,0.9097947194786269,0.7366475930939593,0.8413018349546006,0.4186986815708202,0.8074659013232913,0.48270362584644283
7,4.152839563300742,0.4426379665674376,0.5652615436299061,0.10480880101631887,0.44552817629967684,0.016049332590356978,0.8712393568179574,0.6451130334760695,0.8018704092215745,0.4506193278260118,0.8116699255796382,0.2167100638881679,0.5131141389304684,0.022408777207508203,0.6723032873260121,0.38075273660268044,0.9489001655077484,0.31960773001202597,0.7496469750354309,0.368822869669838,0.5157913494027522,0.293524930264914,0.3904295024067665,0.029233816063594965,0.6063482797346562,0.029736500917842173,0.9380410423407048,0.8395294965897927,0.5392652824170949,0.05045261444726229,0.37796538922044076,0.017835602972191313,0.4557956271238274,0.015191865461259484,0.7552550895101534,0.1574157398699911,0.6433385529542417,0.12015448570303722,0.7560249839053138,0.25661819226574906,0.7746931549095692,0.28552423427335,0.5997527637458018,0.06656036045776634,0.7599067235931862,0.3426043727311206,0.6587337145278601,0.22860340383212946,0.4823717948717949,0.7954290190652532,0.46822959926237695,0.8120664269591186,0.22382285850063027,0.6512645856953894,0.3640897633549158,0.7514050924782095,0.3292478364625162,0.5030737507897223,0.283491090792807,0.9221859314281088,0.7968411569363726,0.7128885178525559,0.2710461173009113,0.7354733320383369,0.39096691751579005
8,4.09017041260737,0.5584306541485383,0.5424128362871092,0.14218903180051895,0.5888558122998284,0.024250028405136157,0.9321066804545859,0.7629086547212371,0.8712364496559433,0.5520774024294978,0.7528955143462104,0.30341725419995713,0.4334842142238139,0.01994586223013982,0.5592932240672916,0.3994195992691058,0.9150728650067711,0.4908106153444511,0.6996162901902819,0.34727662353656036,0.8432571337082365,0.6991036733440501,0.48283751813223746,0.04039718810267358,0.6809079393019021,0.04132437590648975,0.9369071143332375,0.8212252521349869,0.6568399885803657,0.10058623869035993,0.4743830592491695,0.023751970291600796,0.3975645294659942,0.017493821734720316,0.8179741005031465,0.17622551838155537,0.7203544360115608,0.20371679757222536,0.867445195529804,0.4133228339260323,0.8629234067110304,0.4514276574661056,0.6458467304519273,0.08681755757062833,0.8698582962937718,0.4699158993296816,0.7069124243092827,0.29943653892671424,0.5753205128205128,0.8558630231753717,0.49168083798136486,0.7493485650860172,0.28801950088776596,0.5446009306500378,0.38356527743026886,0.6858244865575831,0.27930413542999133,0.8158781613622322,0.6491220985847025,0.9219595004857513,0.7633763768356298,0.8299788360379277,0.3950972747925062,0.7719219290507029,0.4643093574203185
9,4.042204592211739,0.4528661934203496,0.5648632562977367,0.14381688932602518,0.5081299924521263,0.023764788337953358,0.9356428565188877,0.6974692410228243,0.8647978755144277,0.4424973384593495,0.8744966696404212,0.4945706603335643,0.466277780377527,0.018700395651459686,0.5628832336795978,0.34603744965025796,0.939354162631216,0.6127498147670124,0.7063163917965201,0.3192830706327604,0.708823090050487,0.519358231398023,0.4559659195826238,0.034197766768405476,0.5527272465968016,0.019234043051183144,0.9418328128180115,0.8541758694491512,0.5985789480217182,0.07496917809324742,0.4053079148822625,0.020705735081195532,0.39252839563721875,0.017735773365463448,0.7603665762550814,0.12503254834610006,0.6946412278216801,0.22902832225799208,0.7554963353637398,0.17482069718810533,0.7560837653557976,0.3647978759001089,0.5856378981858055,0.05502791080147636,0.7905091803749555,0.357671402678598,0.6736937059024838,0.27025659102546623,0.4709249084249084,0.8535058091033023,0.44505091790881174,0.8510060907974705,0.4568669635161329,0.5426847127739984,0.33725107310487346,0.6891651726946516,0.26165498044730606,0.6943254539004265,0.4905194282404662,0.9284764107027201,0.8150286170386098,0.7537969488155999,0.29991526624207127,0.7589943712554528,0.44375532092832454
10,4.00234994665556,0.4894282879169529,0.6239199322943838,0.20573825798945822,0.6523548491445258,0.03002435879257795,0.9303630273009703,0.7720219766451794,0.8662129955436003,0.5874259408668038,0.932062026159563,0.7043274393653455,0.43286358167915234,0.01951809714738237,0.6197855791366038,0.47256394114238465,0.9779865030721246,0.8117984939175875,0.7906616285414431,0.4138718684705493,0.8325850274275265,0.6953035348791905,0.5573820083887591,0.05252384907431695,0.7105188957835311,0.041802078921385225,0.9443614224455564,0.8402535109283913,0.6742928221587943,0.14289127264617799,0.5203743361672886,0.02916438433414271,0.40354130821087075,0.06150572667054219,0.8295158372376733,0.20567995026053446,0.7400946831122381,0.27490568270626753,0.840823346374156,0.38119912963460034,0.8790670099265585,0.4581511345632836,0.7217038530308417,0.12605181394445447,0.8849949308946453,0.49874513369612383,0.7438848001832185,0.35570307166348547,0.5533424908424909,0.8682961320121269,0.5570849568983631,0.9213215251374439,0.6595002594978873,0.5998257983749055,0.45337321364078076,0.7498771602446691,0.32583685038585036,0.8106840394873653,0.6492666572518934,0.926686088285298,0.7850233221979394,0.8479095701314511,0.43300817371330264,0.8178000448104658,0.5518704905122881
11,3.9426402666761478,0.5279749637432257,0.5849186224362071,0.1984221334551069,0.4743477937769384,0.020487016439358206,0.9508396203355547,0.7564773419663594,0.8711938273417409,0.5535784770677744,0.9203456103324299,0.5176544066166607,0.4001015580527628,0.017684860208076563,0.5229119956334254,0.3237524120665366,0.9707600877161653,0.7565208141233105,0.6811682508563698,0.333892475405965,0.6532079039295821,0.45120349731500786,0.47579569091010104,0.04235812077972043,0.5666907792846834,0.028650730762302856,0.9388817927249503,0.825983769439144,0.7002888226735926,0.1800795786763735,0.38173979964968374,0.01854384124370875,0.44049868840436635,0.02332273533573676,0.7505866575584041,0.17760788618245646,0.7234002672955702,0.21265712030899375,0.8068278611399989,0.3676819289918853,0.7384915365660053,0.3107338088992056,0.6058078706688076,0.088483312508395,0.7738338623540122,0.42406505877765893,0.6787563136200615,0.30135642393498807,0.5373168498168498,0.8560319042871387,0.50162742241995,0.9079897146865168,0.48012454903068924,0.49940062830687826,0.3053307714467406,0.6702164811254288,0.2636121803556169,0.6427646395062603,0.4274238094961191,0.9215092950534326,0.7792431212024183,0.7338816046638895,0.34011637190558913,0.747399181089935,0.4424968894081605
12,3.909175888599034,0.6159071826578124,0.5668535623781598,0.1795793996585349,0.5893967675284065,0.03427958081139141,0.9479201262141826,0.7996634298886003,0.874444844357516,0.5954686815818138,0.8220436989487159,0.48576624798330237,0.40412922780931376,0.021573141985806663,0.6656981711285199,0.4833289627168824,0.9643093192333113,0.6977996442661594,0.6968151638057327,0.37232186242634324,0.7688221446987211,0.5827421846181736,0.5031512439750554,0.04376190171372325,0.5808685196198464,0.026465570831868172,0.9520475692519319,0.8721572422236612,0.6770928537783767,0.1650124153849738,0.3949143069039583,0.01944302551759611,0.39868127854965874,0.027034056665764812,0.8115005683716923,0.20536625127642597,0.7530654700352628,0.2960413822895632,0.8426430776341636,0.42651074224442503,0.7971054255903244,0.32895386479001604,0.6509261104143959,0.09458190448376327,0.838553923597081,0.4764941236998894,0.7045901533556512,0.32883389168448535,0.6217948717948718,0.8580991718721386,0.5593540574794762,0.8074933868099348,0.45530733871849777,0.6456281297241119,0.46485861123024275,0.6788691191681653,0.30041922229770057,0.7425534802539484,0.5222523600819694,0.9331727655440415,0.8237789985332531,0.7892876288544657,0.36508926378433476,0.7793005260324009,0.49872283601792494
13,3.845817126078366,0.604915655293489,0.6598470324686547,0.2328195367154371,0.560242923504195,0.028182845163186983,0.9550263492873996,0.8065510255186682,0.9005808474263226,0.5727445882269326,0.8625195864465987,0.48597746988740503,0.4162981275289554,0.01811910109270914,0.605511637197932,0.36021582042560774,0.969954818359553,0.7237942985401906,0.6671206511395779,0.28887643716035927,0.7287809972462778,0.5413175812443014,0.5113942867676174,0.0496811111947638,0.5711460246003454,0.03066534843251091,0.955615908819752,0.8830062720022798,0.6944068617107109,0.18663090981696398,0.4141330211126638,0.020812792012797118,0.46997767244105243,0.062089165431514715,0.8013393306500642,0.20668009247979383,0.7164541452537657,0.27467929861102114,0.8205865481437461,0.36254002076129455,0.8142504159301651,0.41527882588557263,0.6391188700450195,0.08446574982793445,0.8079749563071111,0.4295717995653791,0.7064673187448854,0.32112273136348296,0.5457875457875457,0.8791614951065172,0.5283059571223986,0.8383515237243846,0.44071677188380926,0.5880400250377928,0.35103944526794406,0.6474096496249293,0.21118249338424377,0.7049547597502652,0.4895864588548674,0.9352114030116581,0.8294326118444664,0.755303554875529,0.3455407125706164,0.7640617730187251,0.4565434929897637
14,3.8175215298561147,0.6444546217845966,0.6619231011498004,0.2364812643895544,0.5938672069661919,0.03837500652290669,0.9590964665929471,0.8021536905823891,0.9327734813432659,0.6837800289928534,0.7772229985344739,0.47139574778134824,0.48350444290565614,0.026435802873594285,0.7568435658877257,0.5584748761377252,0.9687281114007065,0.6906180803700463,0.738558134647966,0.4181134015686425,0.6992343790789094,0.5082787555367625,0.5580168173391237,0.08014314882914814,0.690588516690745,0.057781944237333974,0.9480071585477973,0.8637844056689556,0.7515390047801752,0.2444477227854415,0.4105277111376745,0.021494860476740214,0.5220629387758737,0.025388597207180844,0.8535669517696022,0.25269402079540876,0.7567097618497269,0.2753881148198362,0.874202900345004,0.5263500317436893,0.7864862608411907,0.365131211468139,0.6963512955648538,0.14978887991530165,0.871457772465934,0.5122571002750068,0.7405122263006976,0.35494348604445475,0.5943223443223443,0.9190530449467923,0.6051258678358362,0.7654435285185356,0.43623237259588804,0.7359227371504157,0.51280822650823,0.7311727601662736,0.3449892841575403,0.6845093494472432,0.45681059314487443,0.9270237107351036,0.8071104742562207,0.8122675593875295,0.3950879776768492,0.7964846700502706,0.5083092565964913
15,3.7653790561581975,0.6505610258758874,0.664313471188773,0.28345692803878647,0.6828195533640494,0.043364479614250474,0.9531010621631552,0.7207484235651607,0.937889934977292,0.6420467542721279,0.9191604472723182,0.6758953163270894,0.45813551380555706,0.025918053484349095,0.6703256364226917,0.5006311971994869,0.9693672007257297,0.6914409467307377,0.7414011392793479,0.3967329073254866,0.8494484790682848,0.7122987951063702,0.6868333382039218,0.10312539048054835,0.7433443357133422,0.06510400807922331,0.9551057149073249,0.875009970718856,0.7153594081650385,0.25442607519217353,0.5476132433491651,0.03430815809742049,0.5311966027668953,0.025664255969075712,0.8506165524331273,0.24944508210013647,0.7518063306296741,0.31807285468379115,0.8524439162085872,0.4799177094972066,0.8020666335898223,0.3801828077235909,0.7165909395759023,0.13079783878838808,0.8957815671994197,0.5456328121034631,0.7679418645913373,0.3706463984135327,0.5787545787545788,0.9226738152888274,0.5660607325832026,0.9015906799596728,0.5887097792459834,0.6450922382842026,0.4605806626425409,0.7068929620176699,0.29568240537881807,0.8137633639672636,0.6320643905786407,0.9325577335654145,0.8060944256349405,0.8406926032231766,0.42565721923204874,0.8233233423294611,0.5392642307565964
16,3.721710045786634,0.5191206778108541,0.7401056446650333,0.2868715925730194,0.5204470148014093,0.020301676613912214,0.9226799268255738,0.7555013059602352,0.8756723670065402,0.605502984127322,0.788857334969041,0.41241838779534046,0.47803914472066944,0.021717269257038194,0.6777454947726865,0.4835658804124403,0.9660391882347058,0.6761684539749802,0.7043149817263987,0.326385211980281,0.681851584826155,0.4057151348256385,0.5313768393563244,0.05941990227965097,0.5777493346217729,0.02742385591877474,0.9475358594117359,0.8627678973649161,0.7529390205899665,0.16767065293416938,0.369201350449226,0.017514906135886965,0.5418482141664205,0.04977443705157437,0.7801354429071642,0.2046396840080478,0.7727992867483615,0.2676402773251141,0.8691789852919328,0.45037629416580505,0.845760571445506,0.35829534519131295,0.5940273268662528,0.06968076518247558,0.8203575392749172,0.46983662298546575,0.7163028388035362,0.3181449335483364,0.5139652014652014,0.8660233584959409,0.5537342068346153,0.7383347573748142,0.33456028566537394,0.6363948530801209,0.44083972318872433,0.6689672632746053,0.2414296312784351,0.6553818019573128,0.3532959578948647,0.9205662544527203,0.7957414137867096,0.7512779347546878,0.3586451379172418,0.748135174770029,0.4397494795094235
17,3.698206080188188,0.6452179222960079,0.6578972657720007,0.27099417918117435,0.5380745053811384,0.038128480718296213,0.9296200092069634,0.7353362400821203,0.8703268184336772,0.5738397192745425,0.8494991487206662,0.516472101859894,0.4543986868831067,0.030544680900038885,0.5935706376550883,0.3148299879610132,0.9592657237613075,0.6222554874001845,0.7276896998019216,0.4172031474455324,0.6391322385658657,0.48478454430372775,0.540530468099947,0.08182779819300984,0.6267527557848042,0.038596088072214506,0.9504527711299979,0.8777390835117405,0.7350282257037154,0.24344625084414967,0.4333143345682531,0.0214433504294361,0.3899688542429043,0.020614777178271468,0.7842726620597469,0.2306487404513954,0.7430250281112214,0.3272262784940974,0.8334767411149079,0.4371749595120247,0.7621390903612866,0.32291676635135724,0.6617512426926287,0.11368433423483328,0.8210722040202326,0.49152950010423896,0.7046026869123355,0.3277834771137861,0.5686813186813187,0.851343927401469,0.5232395615947989,0.8127370809419322,0.42961896224599444,0.57546768707483,0.3023660594631044,0.7110386996586027,0.3043396313767294,0.6206262208123263,0.43093568991049064,0.9237379321162564,0.802226623469545,0.766657266665922,0.34823056708121525,0.7516584020959055,0.4487081564488397
18,3.643227788530482,0.5788107778032211,0.8041959877315873,0.3592283959151276,0.6168248368755884,0.04088021086807063,0.9568414528278282,0.7577191251093356,0.9388527848946518,0.706904494713239,0.9515323541808425,0.7589887354224335,0.48631246827236396,0.0256375884313124,0.6675032574176126,0.4591995518707961,0.9895644822641156,0.8656525142888158,0.8038702902643075,0.5028750052588893,0.7174187502819416,0.6194173235952509,0.6230238390149552,0.1088342096919829,0.6699886531540195,0.04635290644926915,0.9643928639103918,0.9046941840725954,0.8148902101460969,0.28704556145404214,0.5137864081003409,0.029002140789129598,0.5919924377270427,0.07179759584367908,0.832854685409288,0.2720717474608435,0.8124992830986821,0.40555448008252404,0.9094653262681787,0.5650171925065156,0.9349044197101027,0.6111668920244452,0.7166050692222443,0.14952646801194416,0.8841414895015358,0.5801990758097363,0.7818846068306236,0.41489842725772624,0.5789835164835165,0.91632144383177,0.5885929755886542,0.9235567943618207,0.6571904700812533,0.6423862079554044,0.4250783426078541,0.7761845777671424,0.36792563755481805,0.696107641334152,0.5703930228065761,0.9327816345531089,0.8242081059801079,0.8058709054155172,0.4174142608081279,0.8133156007455593,0.5501146879181987
19,3.597605735670928,0.6001831921227387,0.6687933153624883,0.24148076651166567,0.5358538568468539,0.03344147311974074,0.9437949583222558,0.7738811601182085,0.8852599014003798,0.6135046928105999,0.7730820781937019,0.42671597080750284,0.3926104299438987,0.01692682994975793,0.566728947827938,0.32107211329092067,0.8937031843959681,0.6625044857788427,0.7104165497578047,0.38677702262719904,0.7217597883348769,0.5490607579639878,0.5474706552397309,0.08108102608968704,0.6350664762294527,0.04268417485888116,0.9523936078379082,0.8810957481955691,0.7875134660876713,0.2673671700274169,0.4362214154014584,0.02208785347010242,0.48836636198851857,0.031243670372969455,0.8170384177659435,0.227531245250894,0.7858783474946688,0.3974200506698542,0.8362695818683041,0.4496927974351364,0.7870603257272525,0.4033746736739394,0.6945671184246681,0.12224928825377471,0.8649442459264596,0.534306925001716,0.7147633195626455,0.3402499952853803,0.5345695970695971,0.848857509105337,0.5145061947508929,0.7480716867606607,0.36008880428362156,0.5496510062358276,0.306489404103668,0.6752078004493853,0.24283660087986444,0.6903486259599637,0.47668917454252413,0.9227139329663212,0.7914639149110556,0.7992955583600442,0.36970494253429825,0.7477351599767914,0.43739700514370355
20,3.5566063604048397,0.6897183421112892,0.6839827441125025,0.2628145781326771,0.6378823843120798,0.0462212745297539,0.9506510638360995,0.7870954892105523,0.8986172610900895,0.6162433604327878,0.8210677377206745,0.5245704613881408,0.48147165289359006,0.028089027147975534,0.6817085354099809,0.5151990086463336,0.971862212173454,0.8617905907356684,0.7442660829780299,0.45042766900717485,0.8305225860189992,0.7032492941795472,0.6667911342872621,0.1473052504795524,0.6883935726755903,0.04789804226396906,0.9623339252001937,0.8884466694528951,0.8387113844216065,0.3026765272196357,0.47367134131117966,0.024769453526291556,0.4601633445020613,0.037559224426839496,0.84064907778841,0.27289299205346423,0.8360051304065221,0.3970324372382408,0.8930982683768303,0.5212241403868023,0.8737898511446404,0.46663754914445366,0.726395351411467,0.1516581544062492,0.8867103636124648,0.5943493525851935,0.7658520457128968,0.39309775211791814,0.6126373626373627,0.8772010499114901,0.5212306836887647,0.7925845144823921,0.4424215148388294,0.6425586380385487,0.46059451431667775,0.7005541530386252,0.3473378703777918,0.7872929339264111,0.6164666623112265,0.9269847494332902,0.7899847980518709,0.8356534582695808,0.4310926465650593,0.7946899281571912,0.5155898128786028
21,3.531951333100482,0.6230058774139379,0.7127231483111551,0.27052043308393875,0.544060894437596,0.026095335397904165,0.9279305001180951,0.7319291394950792,0.8765674356047869,0.5767050482760631,0.8626913665837794,0.5405941645714935,0.4525969125641143,0.018520361420807725,0.6903748786506116,0.4298370788438871,0.9658320409386923,0.8050945079572608,0.6976325507702851,0.37281528577712164,0.6900172455826682,0.4539623731378484,0.6015381211324985,0.08840542267413352,0.5973123783960981,0.03916993042027202,0.9624088794065423,0.8939058846681505,0.7546986764852875,0.24578367865792256,0.42086245891435303,0.019333769615263677,0.5272870531333552,0.06912885785328825,0.8003418282645136,0.21830236746324255,0.778836030330574,0.38910343551311083,0.8541720315620924,0.48057460388410117,0.7532280992573005,0.33082909885400735,0.6581341834562026,0.1358421700504016,0.8260329899567209,0.4919175609953019,0.7252399865389693,0.34674411402775446,0.5718864468864469,0.8448999938958635,0.4900002979501309,0.8327842170810298,0.4494159372301401,0.661691586356765,0.3900040260837392,0.659331629585254,0.25205265369743746,0.6719068179329023,0.400766583261295,0.9263979264491581,0.7878895116358207,0.7547149845318799,0.33203886434156793,0.7645324508332647,0.44316683917144734
22,3.4614035322433043,0.5549958018471872,0.6979553453034882,0.2566435515423388,0.5441384859956345,0.03290419443789368,0.9407150922830781,0.7069773826457472,0.8540151403931673,0.3453121455986998,0.8623159507705187,0.5523273110267771,0.4426411728015155,0.0178342634446447,0.6749964811747048,0.46404104026046944,0.9706447491101701,0.8355992954441893,0.7144813067206975,0.3268984123349867,0.691655942614313,0.5163573968989377,0.6009625620879602,0.08900036202668325,0.5440966630828518,0.02553390116808017,0.96660224441528,0.9129691326463464,0.746311974218281,0.20203250813245818,0.4316130294904325,0.021032153994942564,0.42976802497598754,0.025077056093830458,0.7890599521413588,0.1879370942135942,0.7872881665227072,0.3584224565378736,0.8911157331748626,0.43506698665983207,0.8529566173923657,0.3836543188251672,0.6261570357174019,0.07792560354459543,0.8122719511126475,0.48450458445460254,0.7214438009772466,0.32991141599694046,0.5290750915750916,0.8305105092884612,0.31524749456718143,0.8253835943099842,0.46739185607436806,0.6492122543461829,0.4245280195753005,0.674464377026162,0.22810875378148138,0.6626270418168894,0.44109814639143796,0.9253503987208549,0.7949114220791583,0.7342881314287629,0.32569654579593893,0.7574051867053282,0.4281403197521238
23,3.4268622014024097,0.6146095717884131,0.8142365109642076,0.2793440487067233,0.6508620312814191,0.04382682477074269,0.9518892899743487,0.8204735437178471,0.9113169939902536,0.6715899448126902,0.9250721330999772,0.719406781916318,0.4819572301099931,0.022621284298978996,0.7339088384490181,0.5604611153070956,0.971743302062355,0.7952928610314085,0.7320272175770436,0.36172059000716367,0.8038276608940637,0.6836069507382099,0.6717906863001692,0.14634232885508935,0.6161419491800911,0.038525362355254666,0.9663017959533151,0.9108744614909021,0.779058167619065,0.2286470423871622,0.4242567305414304,0.024088754273867627,0.5402875860850614,0.09336418956015138,0.8213247757716635,0.27850299744682094,0.8377496771771641,0.47066392257233464,0.8635298535796233,0.3739924862733105,0.9120971707188987,0.6008325045668773,0.6827156008225147,0.10774302216659853,0.8707821757354768,0.560100158385174,0.7710398808130526,0.39963732616548736,0.5563186813186813,0.8775622113252081,0.5415314345690413,0.8972943944016499,0.6176900127564918,0.6861499374055178,0.4992297301357294,0.6822950297230568,0.2250714027761842,0.7528962984287488,0.5869360661932452,0.9229452973202721,0.7926574461254267,0.7903017121031058,0.3554630683003366,0.8013492686725084,0.5169398801223507
24,3.3581689129384564,0.5705671322799786,0.6826742587833986,0.2585426882532831,0.4770052135698528,0.04138251031045973,0.9337615768993237,0.6389987125193598,0.8800521649767707,0.5246495747801941,0.8491241610732508,0.28184884308516256,0.39039386398625286,0.018613773927601725,0.5228602957209146,0.29115066992414096,0.9655507323896436,0.7967252230442481,0.634840044797486,0.257555482336539,0.5564114631851428,0.3933097409688307,0.5602138809202136,0.08440855845804993,0.5472911287237399,0.02308345897874159,0.9746616182528931,0.9361445787021733,0.787497786955877,0.21109632992817035,0.4370629936592848,0.02257380436405411,0.4593037928643854,0.02043945904026056,0.7480769643717513,0.22576713958310723,0.7803909675647775,0.38833448885116467,0.83116859802902,0.4594019428952163,0.7496131475039252,0.29984401610754535,0.5809921746502423,0.06104568621707644,0.7826775647360658,0.45267421696900756,0.687801108800646,0.3039814045111085,0.5084706959706959,0.8374305654465176,0.43642020058948827,0.8282616956270576,0.2646852117524856,0.5008904950869236,0.2625276897138712,0.5948753197303689,0.16281187215560805,0.5282785351338954,0.3180993850758307,0.9290881537402851,0.8107370542114293,0.7247470376037257,0.3023811380381302,0.706224543195539,0.36538036450526334
25,3.325580790701481,0.7334554614151592,0.6941332566692132,0.3535818021287726,0.5515495726271554,0.058626784427113054,0.9711357331543146,0.8287931117651975,0.9431997281643517,0.7332939785642552,0.8275318003055049,0.5339047065147248,0.48533479801231727,0.03210028896905418,0.6181148156827032,0.45041605164832527,0.9828992133865054,0.8772296602101136,0.7569233726584896,0.469867628487856,0.6882815791244637,0.5807277503857116,0.6252267633590874,0.13440695916763823,0.6267856055198505,0.05950512896054076,0.9787322913669317,0.9384533393278146,0.816409779335819,0.3768328300619209,0.4422247880910116,0.031872321686704536,0.49987307139029136,0.05317044556116589,0.8086719629692758,0.32599068214584553,0.8493671282062869,0.47718331474500725,0.8964404950560424,0.5344387467408593,0.8475772486119993,0.528818540569889,0.6621894570699671,0.19716546507749602,0.8289657686297228,0.566496356292456,0.7455258286086957,0.4155852678835665,0.600503663003663,0.8976814454595397,0.593196021637367,0.781425740080581,0.4118995946078008,0.5848549402399849,0.3877267751935914,0.7155914047149369,0.2966176371466708,0.656847961158068,0.4911029013011262,0.9304846887143783,0.7997054824474513,0.758563028401032,0.3694435851183002,0.760778458395503,0.47852742820747246
26,3.2960957152890247,0.7088008548965727,0.7779563466747208,0.4030514498723957,0.6935654377329568,0.07836577550419255,0.9599308785496709,0.7547135352829327,0.948095492927064,0.7687186919669895,0.88094638866943,0.6549436229298048,0.6258175141882137,0.05207379691032672,0.7580175901197331,0.6187985219415786,0.9818199885795871,0.8304552861034495,0.8309263539837167,0.615776323093094,0.8503279212047454,0.775635981903076,0.7928841665946783,0.2749940884649978,0.737502557830932,0.08979801839179688,0.9791409040824777,0.9398645409145822,0.831884429119545,0.3551786767987403,0.5288147664549825,0.048051883536796736,0.5446191176754398,0.051277224276955156,0.8695506441322165,0.4056599852699636,0.8595078494177024,0.5496579209918953,0.9065396011819277,0.5843451087362928,0.8688903037365681,0.5775859736882172,0.7576975969183046,0.23785347181159844,0.909262314335649,0.657788236122218,0.8133499165504664,0.46929945975054077,0.6181318681318682,0.9064307078763709,0.5688862957755296,0.8404960057283807,0.5331868713450713,0.7030089640022675,0.528967986908325,0.7569421812009924,0.38526509910256446,0.7930497198245291,0.661180069874384,0.9203980124676167,0.7841368029281816,0.8183766291783467,0.409805225977235,0.8198146028969291,0.5530611931301844
27,3.257074776591895,0.5888863445538508,0.75154130414067,0.3554781545096841,0.5201049562427327,0.04385409354034317,0.9429848576274813,0.6584459631631672,0.8432223416699423,0.5078904824887724,0.8208956150508173,0.4101323049702699,0.4501407418683957,0.027990055551223057,0.541624536623378,0.3280749951608852,0.9467442369563381,0.668831392732861,0.7330691292548359,0.46092262903613485,0.6307651205132458,0.49457487470462996,0.5658432642491207,0.11240204752160862,0.6267968976162726,0.04396680898162089,0.9731226568037786,0.9323698428413796,0.801986937976621,0.3418187962693187,0.45102389773236173,0.024771260530726813,0.38606338710850685,0.013072781475298296,0.8206381331103687,0.34339046497128417,0.7988044692931614,0.48633455302987777,0.8676106819194769,0.4998815655315559,0.7980795673370304,0.3963036573232334,0.6664511407247662,0.16517913014129126,0.8464829050050874,0.5962879616658311,0.7174543990374723,0.3596351734609544,0.5439560439560439,0.8020123303558712,0.4098212689777186,0.7760389096454833,0.3250909635541708,0.5163129487906274,0.2950304911194375,0.6701742853224676,0.2864044836584344,0.6028648210134808,0.42162472102135146,0.921137012224741,0.7825142848178648,0.7601902522922972,0.3590987515231875,0.7212472228064241,0.41136928066745215
28,3.1693012125027487,0.6538432180749562,0.7002320112541206,0.2868159362426871,0.6225462125119847,0.05285633737281559,0.9571025722633718,0.8085091960964852,0.9291640817022406,0.7412496777809451,0.8410251472076993,0.5951197945572455,0.5378393339165985,0.03139467660038379,0.801651831592188,0.6882778541101091,0.9543009114901203,0.7172277368906144,0.8299077842795688,0.5562059965151704,0.793649198940713,0.6933350518848598,0.6613509010642182,0.1685413753442008,0.5814067762159706,0.02623915440055718,0.9694426438903198,0.9171605680040906,0.7971450260894221,0.27828164281042506,0.4516308935616259,0.035740241222161157,0.6116507845078807,0.04910287937782691,0.8031672462223749,0.3003261060858517,0.822082819916127,0.4627541790064329,0.8819848875022697,0.5289255489029594,0.9044829639911705,0.40189957480544747,0.639960137467785,0.08599450337342285,0.7952892311025213,0.3908235137436968,0.7675915180313769,0.4007627975058359,0.5695970695970696,0.8669349095570431,0.5675018828703323,0.7880158672632265,0.45805461776150586,0.7523139290438399,0.6100892897006749,0.7540562103616235,0.3510298051520016,0.7413490058069491,0.5802661667358873,0.9130754381881477,0.769136367807947,0.7286308200895699,0.25697106893289895,0.7920537400443427,0.5132927427087497
29,3.1511019483958207,0.7339134417220059,0.7657039235986052,0.2762912299472999,0.5577721970140728,0.03550006365140032,0.9401120081646283,0.7303357624811816,0.9174905402141535,0.6933704799366952,0.7723881069914516,0.45119554490027053,0.4781875278773745,0.03995734719745192,0.6519404205038234,0.4459282012434166,0.97560241837115,0.8390061267746454,0.776823509606028,0.5165826753048248,0.7307150088582048,0.5731981278138791,0.6618219297870953,0.19132754833346743,0.6435180971243478,0.06765053737802101,0.9850988511232603,0.9555928354023722,0.8601039265119093,0.4313935656809463,0.4481559344081533,0.022311331990192407,0.5671400386278647,0.08600035781771986,0.8222491346926833,0.3760071243531329,0.8506705851478903,0.5049783484742472,0.8547097591574637,0.4974123877779443,0.8497374405979071,0.5194200709901654,0.6731748989762844,0.191011271369794,0.8709654667958386,0.6418057724657701,0.7570037147340997,0.4130125777856744,0.5966117216117216,0.8646835005188516,0.5645735660774798,0.6991798399655594,0.3497040290041311,0.5924231150793651,0.3628235596574413,0.6981506578936412,0.31323166222416343,0.6884599810438797,0.4624242975079653,0.9210201283193005,0.7645201798258252,0.7653449893342567,0.3539171410598252,0.7470374588792649,0.45302777647954734
