epoch,train_loss,train_accuracy,train_1st degree av block_rocauc,train_1st degree av block_prauc,train_anterior myocardial infarction_rocauc,train_anterior myocardial infarction_prauc,train_atrial fibrillation_rocauc,train_atrial fibrillation_prauc,train_complete right bundle branch block_rocauc,train_complete right bundle branch block_prauc,train_left anterior fascicular block_rocauc,train_left anterior fascicular block_prauc,train_left atrial enlargement_rocauc,train_left atrial enlargement_prauc,train_left axis deviation_rocauc,train_left axis deviation_prauc,train_left bundle branch block_rocauc,train_left bundle branch block_prauc,train_myocardial infarction_rocauc,train_myocardial infarction_prauc,train_myocardial ischemia_rocauc,train_myocardial ischemia_prauc,train_nonspecific intraventricular conduction disorder_rocauc,train_nonspecific intraventricular conduction disorder_prauc,train_nonspecific st t abnormality_rocauc,train_nonspecific st t abnormality_prauc,train_normal ecg_rocauc,train_normal ecg_prauc,train_premature atrial contraction_rocauc,train_premature atrial contraction_prauc,train_prolonged pr interval_rocauc,train_prolonged pr interval_prauc,train_qwave abnormal_rocauc,train_qwave abnormal_prauc,train_right axis deviation_rocauc,train_right axis deviation_prauc,train_s t changes_rocauc,train_s t changes_prauc,train_sinus arrhythmia_rocauc,train_sinus arrhythmia_prauc,train_sinus bradycardia_rocauc,train_sinus bradycardia_prauc,train_sinus tachycardia_rocauc,train_sinus tachycardia_prauc,train_st depression_rocauc,train_st depression_prauc,train_mean_rocaucs,train_mean_praucs,valid_accuracy,valid_atrial fibrillation_rocauc,valid_atrial fibrillation_prauc,valid_left anterior fascicular block_rocauc,valid_left anterior fascicular block_prauc,valid_left axis deviation_rocauc,valid_left axis deviation_prauc,valid_myocardial infarction_rocauc,valid_myocardial infarction_prauc,valid_myocardial ischemia_rocauc,valid_myocardial ischemia_prauc,valid_normal ecg_rocauc,valid_normal ecg_prauc,valid_mean_rocaucs,valid_mean_praucs
0,4.435788079132862,0.49103121899091673,0.40189670668229033,0.0348629811893723,0.6359104662890838,0.02851178475286549,0.66001794515426,0.20380596750031196,0.9073009495795304,0.18262767795477408,0.9348635081582478,0.5226968730878772,0.4990559176303548,0.01841360953193301,0.7504117587931747,0.5579234150562463,0.8864282194027178,0.11264079422049218,0.780123848389464,0.5318974974429169,0.8416078376985505,0.3665559628312828,0.4779609860566907,0.03627229300198401,0.38696423279785985,0.014490706201405294,0.9003232377459123,0.7239693916415624,0.5930420202518214,0.030609363488724162,0.4921567834044821,0.018780743305961474,0.4335048867818424,0.023441705169411742,0.2826158990498093,0.00990023188604859,0.7388948075489274,0.09303229658528328,0.5455181189934658,0.03879601856955448,0.6618258830249915,0.05301320522977129,0.6666191226975018,0.22923480120066608,0.6080732028521743,0.0965750940181757,0.6402325608628705,0.1785478369939373,0.5119047619047619,0.700357090923656,0.2043381892097553,0.943679312908193,0.5559334202405563,0.7494682327963761,0.5205885017116403,0.7775958328697008,0.5200836868212722,0.8422069666920924,0.41375873868646057,0.8998167426234063,0.7152423565194701,0.8188540298022374,0.4883241488648591
1,4.058794001315115,0.4635524005801084,0.48481927206638453,0.04089609561765452,0.44730038924518056,0.015328926414320357,0.7445663112891753,0.23361026343138203,0.9399118064559108,0.2799146699085447,0.7793114654020141,0.20247342920168715,0.37318796583531766,0.01587877349560891,0.5365404377006744,0.3294073398013239,0.93342269212324,0.2823450278965128,0.4875126487796669,0.2794592017640335,0.6827846675754924,0.30111553843333927,0.3602811229918949,0.026407434557893943,0.42948599061455695,0.021107173027460464,0.9056091381013317,0.7475837778039528,0.5548786042909852,0.02725241044839406,0.501255124467134,0.022586503800486886,0.35800808175720084,0.024167179026363776,0.35841781153543545,0.014321225533415482,0.6065402255501893,0.0729476405205982,0.5926370838817697,0.053214924643691174,0.8129592901087382,0.3399067468149944,0.7372390294611035,0.2383847867452596,0.5013362642164882,0.06946264895513668,0.5967275192477219,0.16535325990191152,0.483974358974359,0.7679623003934878,0.24500051391588923,0.773355778420857,0.18282769098571092,0.5481440687976216,0.3149552552674604,0.5051577278290864,0.30976934878862095,0.6968521587159637,0.29516748280080274,0.9051462536284105,0.7545485264508462,0.6994363812975711,0.35037813636822174
2,3.873208996849418,0.49698496297992517,0.656962346520421,0.13581956546183988,0.5316867388748925,0.02149553951189846,0.809987903911888,0.401578230732615,0.9604592111264277,0.3129893287039016,0.9229525720043178,0.5612601604383493,0.40342516435666104,0.01982154387247581,0.659241294350607,0.5097409320592916,0.9602550814063733,0.2988008950779682,0.6687382980318453,0.5190246925573666,0.7705446523586662,0.35245195927069384,0.36406930871428367,0.027756672898646893,0.37712505278199615,0.017014975443929162,0.9125018105656889,0.7520696470112129,0.582720169560103,0.037305149593598264,0.6197345655283625,0.05653096636743642,0.4301613741360042,0.024337463463624046,0.4352890667554319,0.013352574626495894,0.628905287342738,0.08276550087807161,0.638565794715847,0.06632977678321622,0.8310475900802605,0.4422964305672001,0.7610691203066569,0.339702892172023,0.5589544776059793,0.08021441576111074,0.6583816764107023,0.23057542332968026,0.5167124542124543,0.833347990808457,0.42489099361840216,0.927202251367281,0.5232231714498774,0.6578781775257216,0.47887855674597013,0.67646280738845,0.5208181032446724,0.7775808002431531,0.3458018788164872,0.9111543931445687,0.7639951461892636,0.7972710700796052,0.5096013083441121
3,3.7506985537160142,0.4401190748797802,0.5033291550751555,0.07669031312228637,0.4415491782520417,0.015151697661854566,0.6927878379042833,0.18474775692370562,0.9114618297726236,0.2054200090785226,0.802103661234215,0.2533204491498541,0.36691347835298654,0.014031063338823126,0.6294170700652016,0.3619681195534105,0.9314847187629148,0.33519591359610973,0.5702136286732009,0.3350764661544533,0.704962055428555,0.25241081341283794,0.3823673490434693,0.027373451488909673,0.43495564259214525,0.015482376840201694,0.924811516473853,0.8020693608718803,0.5502874121451978,0.03013309511939933,0.5583921368512786,0.030226106456060827,0.4144635217573907,0.020979144310113447,0.4594358999576348,0.01829846004718729,0.5961659248548383,0.06022379833166832,0.6096334847942334,0.07022256902492421,0.7747914500634434,0.24834458746079066,0.7446631758148686,0.1333516420666996,0.5781161869625859,0.06990839944360445,0.6173775597650962,0.16184661788424082,0.4555860805860806,0.7041099850493753,0.17011483859743054,0.8082737083842193,0.24267635501099455,0.6252649631912475,0.34177212508175425,0.5748567375097363,0.35063257768473494,0.7117973177154112,0.23818222734132782,0.9209690925853609,0.7915134815401332,0.7242119674058918,0.35581526754272924
4,3.6366815716426304,0.3802763147851309,0.5828719978318229,0.10994827122866467,0.4266666617870731,0.013904328567568236,0.772746358527415,0.24254042296740014,0.9398385253588468,0.189433763960667,0.9200520500597968,0.5536867100411842,0.41047645248914566,0.01631875472266043,0.6911982687320106,0.45147610056622145,0.9753221667996368,0.6847904092208987,0.4120654193484568,0.23141866951893966,0.5701364426588176,0.1816100584279874,0.3785526274375344,0.027380764452529634,0.3964215346438097,0.014252606702220054,0.92009553854227,0.794291427186873,0.5779749049439846,0.06335350255543579,0.6159008159433028,0.03811338494003423,0.412399778855029,0.019560427934962744,0.479663196756037,0.03387352065300451,0.5387768012471477,0.05834120223756367,0.6218455031578168,0.0722915451272349,0.7993255038815859,0.3154184555979147,0.7506560903988257,0.20198241334808079,0.5354875290165935,0.06458491770169972,0.6240215531098617,0.19902598443907935,0.4010989010989011,0.7860980959504444,0.24014430518410448,0.9199194897254819,0.5186871028075662,0.6859918114140114,0.4269971943050991,0.4209466451541115,0.23947038306304594,0.5642231515821037,0.1569563588747815,0.9122416581785681,0.7686564250172423,0.7149034753341201,0.39181862820863994
5,3.5896476701273916,0.46767422334172964,0.5849480075886203,0.12807598788725105,0.454557198840023,0.01593121730884765,0.8123325269274593,0.36365691627300806,0.9385584122087334,0.2387138712673007,0.7758837437292194,0.2669271920850593,0.41044451401340154,0.017324452600238516,0.5673223777937652,0.3607576882215896,0.9436853981254545,0.5398008878491011,0.47046615321875473,0.29576271185304637,0.6064113147898279,0.26373481984066505,0.40653040560223563,0.030305687969838346,0.4583692912464353,0.028611333696670994,0.9229501038318846,0.8004474729019049,0.5778072673974615,0.06976595408762862,0.6420808390076198,0.08763553566035279,0.4303291311043249,0.02315936217310628,0.41387384252254433,0.019771020657621156,0.5750973682335377,0.0793200577066854,0.6577340037285269,0.1270802351115575,0.813839745350438,0.31867822661354006,0.8347919670233721,0.3469083430841319,0.5734712129883026,0.09344587998418043,0.6305220375123611,0.205264311583333,0.4809981684981685,0.8185619362495614,0.3770056648194619,0.77549547337121,0.2514615491770302,0.5776699192953336,0.3365433007494446,0.4800005563591855,0.2989060186451432,0.6169505890329688,0.261194974222372,0.9189505690716503,0.8009457637186432,0.6979381738966515,0.3876762118886825
6,3.5250817552867457,0.5686588810014502,0.7202144662059291,0.21826697357173155,0.5622031072276052,0.0233950567784766,0.9230014747358192,0.5481252137811677,0.9777161408021974,0.5087217385919991,0.8656416801418805,0.47684718160033485,0.46271135523490586,0.03097453485758005,0.6642599091085591,0.49562643031748577,0.9742379271707446,0.7040829374154506,0.7215113709146347,0.5982773985362593,0.7489117464110231,0.3415454295058721,0.39615303352863296,0.03335721797887406,0.4774481436135666,0.022328882730384303,0.9199823432066903,0.7608575338355503,0.6758996827446871,0.1430864823022574,0.7358326420782164,0.11181998095415813,0.5177139019986096,0.032924736515274174,0.6215858197663862,0.06315459214984984,0.7156528668231975,0.10788017327589867,0.6880329919159215,0.11414556375166449,0.8895127670222751,0.4769365479133595,0.8891954774386127,0.49839945528183993,0.6323005929704669,0.10777437774802842,0.7172599745936619,0.29175129269970435,0.5673076923076923,0.9166091251925428,0.5601755126400385,0.8635349187596241,0.42077091532082495,0.6598260730836668,0.46462173188577216,0.713164571047068,0.5776325842331634,0.7628986676252517,0.33115318446766423,0.9184704714820019,0.7671734214925447,0.8057506378650259,0.5202545583400013
7,3.4468876137896154,0.5640027478818411,0.6692863814025662,0.22602046733470332,0.5613471045223586,0.022431916782479917,0.8908760935383649,0.49738407698502735,0.949746847119233,0.3585119413490069,0.8790521553318446,0.5054635811403642,0.4879297859489681,0.027777954792188315,0.6905186279735911,0.5493609647658971,0.9730946798001252,0.6761142320179858,0.737178344604862,0.6328905440444972,0.7841808152546359,0.4117096565507431,0.40565229387227014,0.0343007138011414,0.4416535666942012,0.020010823500057104,0.9300899311055968,0.8094860325226476,0.7318083954758964,0.15472017971566676,0.7512532511470339,0.1408855141345412,0.5150409426660307,0.03726165170500408,0.4968176935181263,0.021457430849042638,0.6311239448516058,0.09877662264017496,0.732821123164104,0.16089600043054214,0.9059109299460942,0.5096772264391769,0.9134139168130103,0.6214359468425901,0.6316335559495578,0.1296684293825331,0.7141104718500034,0.30210190489663685,0.5647893772893773,0.9022009722695085,0.4777079986435748,0.8877859010778952,0.47399647138297774,0.6847722674160854,0.5161386230740732,0.7294288972960943,0.6031649386320066,0.7922933270207002,0.38720467098329886,0.9229237037365079,0.7872062315354854,0.8199008448027986,0.5409031557085694
8,3.4058136770574383,0.5541561712846348,0.6172841720406108,0.20669471192354089,0.5408685481403624,0.02222013873390742,0.8256429108858425,0.5279060217110904,0.9822119104843214,0.5744791902181479,0.85449535149195,0.5148383281381478,0.5008531683916606,0.025456380174667177,0.7534373040765455,0.5775979484049316,0.9665417264295012,0.7136805859911073,0.6538837080607216,0.500879677522502,0.7935022834924166,0.4166243741203768,0.43861019607422946,0.039487397166476326,0.4313681777772912,0.02006174465703174,0.9390741847249374,0.8344248255179298,0.7277417196095401,0.24529408845586065,0.7229850381670236,0.1387992460477874,0.46430098494932887,0.02855927409084959,0.6355345578890033,0.03039128676240707,0.6871782416539652,0.11174868315499772,0.722939938440642,0.19012811879737793,0.8706611249943129,0.44361416310968543,0.9134918649048216,0.6140633502045615,0.6090496986706155,0.09750812484423683,0.7114389459704386,0.3124753481703464,0.581959706959707,0.8351704519233365,0.5305211429906499,0.844649352200924,0.4638323611388353,0.7485972175988636,0.541648106281859,0.651608434405252,0.4820312002605634,0.7970228336124335,0.401533542730087,0.9325294298815962,0.8206368697419274,0.8015962866037342,0.540033870523987
9,3.348489643207862,0.5461415159148156,0.6595838879987672,0.20015214002621717,0.5006016538894508,0.01967095482021513,0.8186266845469689,0.4680798660033452,0.9831366359364351,0.5380503109449684,0.8742883433285813,0.4710006928519677,0.522458124231184,0.029761535468381187,0.6504109645686471,0.4646599053875932,0.9635864772820195,0.724366885357828,0.6200243285842668,0.4307231231255831,0.782997908461183,0.37634435640210523,0.41388009195981146,0.03296324204958805,0.48690476109003633,0.025937441151829665,0.941662258251702,0.841753343479562,0.7354441708355551,0.2221521128896899,0.7733758502063274,0.15535077386359358,0.47086059087468535,0.03047766413720444,0.5542134448949949,0.10602661639424224,0.7322864546492571,0.10332614757672477,0.7227418289281913,0.24294062328684835,0.8857715694683399,0.4666142670510973,0.8663350706805786,0.41481297426739866,0.675968166713004,0.1429015097154182,0.7106890576081812,0.2958212039205183,0.5567765567765568,0.8172297023719857,0.46439426653706617,0.8802334997079595,0.413769993016659,0.6502958352955975,0.43845621137473656,0.6172863580727718,0.4246153129368683,0.7862367062082994,0.34634218035107023,0.9330442515107474,0.82391747999155,0.7807210588612269,0.4852492407013251
10,3.327358850986209,0.5582016639951148,0.7439805515035086,0.2752837232602208,0.5925564361595452,0.027724019539168226,0.9111232895416859,0.6193532075413396,0.9904936993630182,0.6223320106477948,0.9113940537579183,0.6346649958785544,0.5423051990146506,0.032531617264491705,0.7924610439300056,0.6109613087381002,0.9838550840584068,0.7469417286999346,0.6424252123890695,0.48443634531571034,0.762540742522752,0.4246541140846085,0.4542367342346716,0.04109194482928869,0.4628556753734433,0.021841919032014132,0.9449829112821694,0.8441875017556176,0.7988259007880473,0.2552637871682524,0.8143419888215243,0.15021297580756113,0.48913898202129347,0.03940532070717379,0.7020615203050293,0.05261781240519205,0.6851282514733409,0.11485288486016021,0.7512013488593363,0.2693686662097309,0.8960883774852851,0.524149776585617,0.8673811471732028,0.47505389675456916,0.6223907611733049,0.12578406744009743,0.7437167686923277,0.33603243747841804,0.5970695970695971,0.9125601790940286,0.607435916244382,0.9069162175436734,0.5813431551794443,0.7859631252847519,0.5805912280507606,0.6306512184266162,0.45222180638311904,0.7639402520961742,0.40736208667288115,0.9358475886419176,0.8235436099839607,0.8226464301811937,0.5754163004190913
11,3.2830511528557014,0.5545378215403405,0.6570380732982066,0.21824043167887935,0.5630807021344806,0.025675330190660702,0.8618698015916112,0.4938058039909228,0.9654961335253333,0.38574796129732003,0.7566125369102772,0.2341520196767162,0.453120009613165,0.020472720103557697,0.5789738606238206,0.38736500284004494,0.9807141925774007,0.7782036881884172,0.7361084748145805,0.5755593790245467,0.7806513677129784,0.39922153756066536,0.4565818534067386,0.0376179592053576,0.4161945087561653,0.024189712784540886,0.9397891203079762,0.8251024336661225,0.7270944477640735,0.21647575229265348,0.6555007422094238,0.1206128961034498,0.48452483491243176,0.03656443821430183,0.5933157568238214,0.11058908151124376,0.610352228824473,0.08961283906840203,0.7405685751412486,0.27599751947028006,0.8715995049229665,0.44551514904643363,0.8391636104246074,0.30335970028628867,0.51507651826129,0.08288964953015415,0.6901557661162306,0.27668050026049823,0.5544871794871795,0.8607963623919955,0.48149924685470963,0.7507823700419477,0.21170441416451838,0.5746755169255833,0.3504652028586973,0.7179939078669189,0.5398724011781838,0.782237828454194,0.37953424595449925,0.9313173596041662,0.8127877111289288,0.7696338908808009,0.46264387035658955
12,3.2694004545065476,0.44920235096557515,0.6749986880667884,0.20711061870021372,0.540105501692975,0.027517183904723505,0.8193660422356698,0.4868758446387236,0.9782621618436089,0.49197230483230175,0.8169685108975038,0.4058671286479378,0.4802907982405379,0.021386038478633067,0.6610189264026536,0.49872557503849474,0.9747092155948398,0.6141898169703967,0.6274147620785152,0.5049468360914781,0.7531563550845881,0.36872859089149035,0.48227988945000244,0.046215816927774885,0.45288218784710366,0.028199388476806052,0.940782202995588,0.8400047958792171,0.7463344149667337,0.26955375655654257,0.7143595230976622,0.12315876772244912,0.5097097353616029,0.04345226287778179,0.5560332566725171,0.028170942954999306,0.6582784288303819,0.10291612614714674,0.7520665755547823,0.3250910962719362,0.8941387378400285,0.5187368438547739,0.9039882566942018,0.5669397163686293,0.649369010677488,0.12361280321894391,0.7084778719148079,0.30197146615688153,0.5153388278388278,0.8255557287362848,0.470281644081608,0.81715356687729,0.37722522116041074,0.652843071532775,0.46254755562514993,0.600839685100701,0.4562150167493402,0.7407272971701284,0.32011950862240274,0.9255336682274033,0.8036051777540799,0.7604421696074303,0.48166568733216525
13,3.233152805198359,0.360430501488436,0.6359322232053418,0.1425029215929339,0.48393576795775833,0.01810248173253325,0.8316694653277901,0.4183872021780181,0.956194046295205,0.4103637124969068,0.8363564068282775,0.4798365803203596,0.40107989994719084,0.015088822972797844,0.6825639226948792,0.5162094758331889,0.9560511665631638,0.6811273090900902,0.6132982418157379,0.42028308311543694,0.6549413879723798,0.2549059709214689,0.4045771301868863,0.02959321899874672,0.41608381199275385,0.014494072534210228,0.9346447351100421,0.829090569097737,0.726929322268697,0.18681301732594985,0.6836312661620692,0.09110902240814266,0.5169773848420782,0.038122549211889074,0.5564523694244385,0.02324833461486428,0.5874661318438006,0.06942833716593096,0.73148638448879,0.169953479538093,0.8475302177294196,0.4188218361898078,0.8729667174748487,0.3892208790961323,0.5806811391691096,0.07103954433005333,0.6777931426954844,0.2585337463984224,0.5002289377289377,0.8351617445123719,0.4094807732629162,0.8366066213561303,0.44371951915765495,0.6788328580435445,0.48413062846587385,0.5974037498609102,0.3955973928366517,0.6477539008273642,0.22160344067393056,0.9181257473217196,0.7759250531729046,0.7523141036536735,0.4550761345949887
14,3.202327954569861,0.5891916647584153,0.7597680070306335,0.3060474964562562,0.5899384732044437,0.029608395799202276,0.9225778286610962,0.6627946502407307,0.9894285611794668,0.6740372570014039,0.8593547394332132,0.5177506739358779,0.5500134394576152,0.030136828636253554,0.7035811616115722,0.5498638490298322,0.9822320396567384,0.825578145896405,0.6902065705530499,0.524426454071842,0.7966129906809853,0.4424310796531742,0.46894213402747414,0.046052700229737745,0.4832151541302725,0.0270167218167246,0.9512299785575292,0.8647657908939581,0.8366905501325023,0.3213422372335062,0.8580030857328691,0.21491831629264205,0.5336199675875504,0.04614002455792633,0.7000034043454577,0.1403386870065856,0.6842292137721523,0.12355304429474104,0.7866959838486535,0.40260460508319307,0.9066316183694137,0.5415760829007816,0.8983961361327397,0.61687535634594,0.6792650237608184,0.15079493436961927,0.7559380028121022,0.36630242417028785,0.5828754578754579,0.9146264477159155,0.6394718078015049,0.8530587930759836,0.47006724567159514,0.6945869120685767,0.5179912678876353,0.6760195282074107,0.49157532677423166,0.8024969971154774,0.4101507095481227,0.9345087001332597,0.8143266990987718,0.8125495630527707,0.5572638427969768
15,3.173242880255109,0.5620944966033127,0.6920497511644652,0.2635417762236214,0.6297369264708681,0.029529974671045973,0.8104658488468302,0.5200034981539524,0.9805313135764763,0.5618485023675072,0.9280740487276941,0.6406824345227926,0.5052578320415643,0.03375590909153935,0.7523147786406207,0.5713722034654571,0.9867835918697498,0.7944154978347884,0.8025022420185539,0.6763178368115772,0.8291221050872676,0.4439391658343909,0.4516573124189274,0.047151218210522525,0.4663048975533107,0.0231733711605279,0.946386435499311,0.8437643072493968,0.8552874322416071,0.3946111952721065,0.7882972194684417,0.22669173139445514,0.548875885944244,0.06327244879633334,0.741340101676451,0.2388279939649596,0.6600830215174671,0.1201722234897881,0.7751920998263495,0.35837082791416,0.9039562350554307,0.5506259470068426,0.8538782778318902,0.49529931338314986,0.6617946445848962,0.14165506366024522,0.7531769091846553,0.365410110930871,0.5652472527472527,0.8215520611747864,0.5165375169560258,0.9202845404343439,0.583860804269281,0.735985138437419,0.5211764211827012,0.7666496049849783,0.6197217229040753,0.8119951720046408,0.387112599971601,0.9323521611436992,0.8264879392256125,0.8314697796966445,0.5758161674182162
16,3.131014395702814,0.4835508739790856,0.677449761261369,0.22120925754625842,0.4771774088479719,0.019662808910679848,0.8386626102293392,0.45302391438995093,0.9873249324840241,0.5839354708565695,0.8254422391414904,0.38841512713983256,0.40524961025572914,0.01654442855286987,0.5845025475957537,0.38373221368684485,0.9825204482820349,0.7842247263267595,0.610133270622138,0.39265057496112754,0.7037075453583191,0.29322764023648606,0.4692624062370878,0.041619511970544566,0.41425859858924075,0.020172863975478503,0.950268461837417,0.8674869638265607,0.7356094638010079,0.17528017842427607,0.6825835182300273,0.11835698156552635,0.5067283120137243,0.02862206896180732,0.6438339738546269,0.1529350232258459,0.602549909366294,0.06951102249262917,0.7506440030056835,0.29738278396958384,0.8733399837895132,0.48377979739029664,0.8982539954947313,0.485804229829405,0.5642251973669462,0.07258346377467195,0.6901694635302031,0.2886436841824548,0.510989010989011,0.8463333527798846,0.4537931221150046,0.82420817182605,0.3549464263155229,0.5803891189063068,0.3573421444803585,0.5907409313452765,0.3707352623932508,0.700531021039188,0.26482137470164707,0.9348878967095702,0.8236397526674603,0.7461817487677127,0.43754634711220736
17,3.1130228094286285,0.5653003587512404,0.7636499177633764,0.3077951573768994,0.5398334033555013,0.02528187750612458,0.9082503138544871,0.6467162580489271,0.9865711108491897,0.6401387807297964,0.9191302060763296,0.5178889166728298,0.441670382281419,0.020346680972913207,0.6855101741448212,0.5233530957938757,0.9861468828663176,0.8786694665459944,0.6359281023610952,0.4136331656920302,0.7012962775722654,0.3133958564403468,0.4762223415732414,0.049056427248301046,0.4257765369398693,0.02154752514384091,0.9452287648348853,0.8503686049902773,0.8227875193260468,0.26213085955729837,0.7984566090358471,0.19142388556126735,0.4944132421228967,0.028992251323616096,0.7347606366882528,0.24924989012366688,0.6498950282676362,0.11766867818674291,0.7717354796738127,0.3635073428643882,0.9192618330656861,0.570236717353913,0.9290921274392349,0.5673319658523004,0.6189928340061464,0.11182239955121681,0.7343004420044708,0.34866162743348034,0.5281593406593407,0.9038588633171579,0.6184820693838945,0.9170098696437106,0.46909481518838886,0.6683993906882062,0.47412629698987296,0.6224031935017247,0.38323192531394656,0.7055460573806663,0.298802847528847,0.9255654985969475,0.7903682760896751,0.7904638121880688,0.5056843717491041
18,3.086434345410604,0.4702694450805282,0.8139811559891911,0.32940116496954736,0.6152331884581997,0.03653448630699233,0.8682320096556462,0.5877526424717896,0.9927543955846858,0.6987556661154362,0.8384133672330594,0.536374062649784,0.49196336245742855,0.03102745051507655,0.6793236152405964,0.5416497029501232,0.9887412344773175,0.8547570311572644,0.7794173831327416,0.6433366827874551,0.8849266902537803,0.5539749221487791,0.49195016812198267,0.05594076155265941,0.4467329569757439,0.02200507081704671,0.9538210743577781,0.8787026381829305,0.8704096452045947,0.40998611027354426,0.8603451105221392,0.2662970239220214,0.5383169254205196,0.05740526839532582,0.6709855201839859,0.2053405269793893,0.706868870493732,0.13767008621030255,0.8046939430769257,0.40173639947071516,0.8834746976541975,0.4802328919269964,0.8933399905807263,0.6288926560036374,0.6588080193374386,0.11764613311318792,0.7605787874732914,0.3852463354054548,0.5682234432234432,0.8683526536270285,0.5693035933794541,0.8319090824616365,0.48057672541653984,0.6661367147172115,0.49196365368973094,0.7429153221319684,0.5600954279162776,0.8589874653316618,0.5007500690501439,0.9368699348194551,0.8340763843980555,0.8175285288481603,0.5727943089750337
19,3.041750609806481,0.6097244485153805,0.6846216351404134,0.26402215247817956,0.5807606896036843,0.028653295718206195,0.8319227420959785,0.5008439888640047,0.9865813599536741,0.6120230091180738,0.82378042668591,0.5092267923726439,0.46464568846388576,0.028864330497098863,0.6909552263800359,0.5253732896366075,0.970753597372719,0.7306869841469928,0.7306322570088937,0.5345094143242236,0.8133912396586854,0.4109803008976987,0.4787041582148064,0.05855458704648116,0.45096475565614264,0.025898261638408002,0.9525924782105277,0.868943541118733,0.8261020870790807,0.34163941495581834,0.799906746125412,0.20276298874477536,0.5435290181590393,0.039828964307570915,0.7635144949464383,0.27660873147061554,0.6873849699249035,0.13051384586319978,0.7912340953447206,0.4039929267201747,0.9226532708280324,0.5978410246041135,0.9365443580319613,0.5855837715547859,0.6264842620489883,0.12284747798878248,0.7435299798606333,0.3545545042757812,0.5780677655677655,0.825619292836326,0.4861900205675415,0.8157966567992354,0.4469907126198378,0.6658940331317124,0.46389812948894565,0.7031790363858907,0.47837174563523527,0.8106385403789333,0.3963084455586264,0.9321064508206952,0.8089330206772846,0.7922056683921322,0.5134486790912453
20,3.018859886211363,0.5975879703839402,0.7844037047665356,0.37059987180617127,0.6144463539920687,0.03772460333986997,0.9321226662544434,0.7061715546876284,0.9736554456054403,0.4954313233365461,0.8710351516295257,0.5679112601503513,0.5028055263049713,0.03460531249487969,0.6906364272269429,0.5498131031847387,0.9794564657677747,0.792429978924127,0.7439075887078787,0.609661515192114,0.8100192676734514,0.47438769133839787,0.455768030505049,0.061326300722768526,0.49508229200813847,0.031231537934290416,0.9583973840767829,0.8806633433615328,0.8514570566531173,0.3863771460302451,0.8206393416703571,0.26626255860466175,0.536889092949699,0.06180318158449175,0.6789490407311021,0.2698655433766758,0.7768950960473971,0.1713860787542711,0.8070568844106221,0.4437379025728163,0.9031423405449218,0.5835471172840964,0.9173997499110803,0.6529864167493925,0.6820600731415273,0.1750669547090462,0.7630102263899466,0.3919541043699596,0.5950091575091575,0.9122014337622895,0.6443632519428213,0.8596487880316467,0.4871337050531899,0.6710790126449071,0.4901230922115595,0.6986972849671748,0.5202677391174397,0.7920519272527478,0.4071793053395502,0.933779369491962,0.806116126708104,0.8112429693584547,0.5591972033954441
21,3.017403435410457,0.5853751622013587,0.8627266157038737,0.37745315476210456,0.6293091081030042,0.03616767166993156,0.9604881166855976,0.7586866218455554,0.9941049713281301,0.7382527928546544,0.9215053751706053,0.6511993098784195,0.52459246821173,0.032949424903742114,0.652441269347004,0.5283651263620395,0.9860885381329244,0.7070753851497102,0.7329679379681758,0.6329756139941866,0.8421306255543767,0.48562021697414237,0.5437098738934453,0.08135442373946204,0.5356508593285377,0.02869837516964666,0.9497222558652255,0.8568395362156034,0.8660869075913515,0.3948254075113542,0.9055265940268065,0.2770390310697986,0.577733406415577,0.07229029778568795,0.7273936331174725,0.21223481038471667,0.7505206007024763,0.1530252204303573,0.8272841430019516,0.44391489162197784,0.9382588133990966,0.6195668206234431,0.9415592369471335,0.6044441108314232,0.7339000904155637,0.180789975735056,0.7910773382231845,0.4033531008869551,0.5636446886446886,0.9466435978325513,0.6774796626128288,0.9052054571762332,0.5714025735616631,0.6384121076941721,0.4734260278614585,0.6963123122287749,0.5696315816224339,0.8270642456549504,0.4351109943991568,0.9231429935946728,0.783484241256704,0.8227967856968924,0.5850891802190409
22,2.9790574459344974,0.6239981680787726,0.7048180165961212,0.2564912985738699,0.5535219442643061,0.04209990238111727,0.8754102040116069,0.5794612907550355,0.9501976796027447,0.4337805182891537,0.7696033510426551,0.35419875340999285,0.42947257243867654,0.0245118906055656,0.6401868028951445,0.47834987613426466,0.9855377992101361,0.8840656313009356,0.7456955732304074,0.5515702897271667,0.8192404977802983,0.4674546745992249,0.4798667145261277,0.05359297303922131,0.44891404250892586,0.024482542577715483,0.9631281235756137,0.8943119789332906,0.829025444733535,0.30737270280384493,0.7157555212363313,0.15706753969299442,0.5058809850916968,0.04055036992910964,0.6322754645040247,0.21788420048424956,0.6887887061538809,0.17211535753777715,0.8065894737196005,0.4782255609417528,0.9170286784071933,0.5699948636468949,0.9213271219402916,0.5620637140236743,0.6116507243422971,0.13068993859853104,0.7269961564459826,0.3491061758175174,0.600503663003663,0.8655140376525865,0.5377481293535541,0.7602836444007859,0.3242303178500176,0.6242927028316432,0.41728647821381487,0.7124251696895516,0.48567188211150797,0.8044848920568956,0.41931168317538964,0.9370425485230708,0.8114486250413909,0.7840071658590889,0.4992828526242792
23,2.9419918451934506,0.5677429203877566,0.7692429049323375,0.35667099806755614,0.6188431117949048,0.03305045738177524,0.8862120513755652,0.6907410774601247,0.9735460364150682,0.525140690309226,0.9236185394317694,0.5725548506002801,0.5195797086325589,0.03545739854586537,0.7602310428090879,0.6334926674362523,0.9870450381561298,0.8200906723050688,0.7935322547381015,0.6967559678920143,0.8896390768717025,0.5635696955370755,0.5272951279113296,0.07885041319565933,0.5030551964516812,0.02534617955578107,0.9543098991097948,0.8630071493291583,0.8301712749965836,0.3972974992388196,0.760277596065728,0.25381389278502153,0.5740847516746037,0.09742569531335256,0.7165833232463837,0.2573901243105067,0.7576605033429326,0.17396510482742178,0.8289792947402218,0.5242821194965288,0.9316899432632958,0.6693246603649169,0.8864340516566589,0.5769559269811789,0.7208145697633762,0.20766041531782448,0.7778566044263553,0.4114928934659732,0.5451007326007326,0.8783722714239316,0.6647034612265996,0.9145399697339776,0.5117324361105913,0.7413130883916286,0.5702657826993929,0.7420387782352287,0.6106011102042526,0.868843356099728,0.500854861810163,0.9230735455156671,0.7818731657617629,0.8446968349000269,0.6066718029687937
