epoch,train_loss,train_accuracy,train_1st degree av block_rocauc,train_1st degree av block_prauc,train_abnormal QRS_rocauc,train_abnormal QRS_prauc,train_anterior myocardial infarction_rocauc,train_anterior myocardial infarction_prauc,train_atrial fibrillation_rocauc,train_atrial fibrillation_prauc,train_atrial flutter_rocauc,train_atrial flutter_prauc,train_bundle branch block_rocauc,train_bundle branch block_prauc,train_complete right bundle branch block_rocauc,train_complete right bundle branch block_prauc,train_early repolarization_rocauc,train_early repolarization_prauc,train_inferior ischaemia_rocauc,train_inferior ischaemia_prauc,train_left bundle branch block_rocauc,train_left bundle branch block_prauc,train_low qrs voltages_rocauc,train_low qrs voltages_prauc,train_nonspecific intraventricular conduction disorder_rocauc,train_nonspecific intraventricular conduction disorder_prauc,train_nonspecific st t abnormality_rocauc,train_nonspecific st t abnormality_prauc,train_normal ecg_rocauc,train_normal ecg_prauc,train_pacing rhythm_rocauc,train_pacing rhythm_prauc,train_premature atrial contraction_rocauc,train_premature atrial contraction_prauc,train_premature ventricular contractions_rocauc,train_premature ventricular contractions_prauc,train_prolonged pr interval_rocauc,train_prolonged pr interval_prauc,train_prolonged qt interval_rocauc,train_prolonged qt interval_prauc,train_right axis deviation_rocauc,train_right axis deviation_prauc,train_right bundle branch block_rocauc,train_right bundle branch block_prauc,train_s t changes_rocauc,train_s t changes_prauc,train_sinus arrhythmia_rocauc,train_sinus arrhythmia_prauc,train_st depression_rocauc,train_st depression_prauc,train_t wave abnormal_rocauc,train_t wave abnormal_prauc,train_t wave inversion_rocauc,train_t wave inversion_prauc,train_ventricular premature beats_rocauc,train_ventricular premature beats_prauc,train_mean_rocaucs,train_mean_praucs,valid_accuracy,valid_1st degree av block_rocauc,valid_1st degree av block_prauc,valid_abnormal QRS_rocauc,valid_abnormal QRS_prauc,valid_atrial fibrillation_rocauc,valid_atrial fibrillation_prauc,valid_atrial flutter_rocauc,valid_atrial flutter_prauc,valid_complete right bundle branch block_rocauc,valid_complete right bundle branch block_prauc,valid_low qrs voltages_rocauc,valid_low qrs voltages_prauc,valid_nonspecific intraventricular conduction disorder_rocauc,valid_nonspecific intraventricular conduction disorder_prauc,valid_nonspecific st t abnormality_rocauc,valid_nonspecific st t abnormality_prauc,valid_normal ecg_rocauc,valid_normal ecg_prauc,valid_pacing rhythm_rocauc,valid_pacing rhythm_prauc,valid_premature atrial contraction_rocauc,valid_premature atrial contraction_prauc,valid_prolonged qt interval_rocauc,valid_prolonged qt interval_prauc,valid_right axis deviation_rocauc,valid_right axis deviation_prauc,valid_s t changes_rocauc,valid_s t changes_prauc,valid_sinus arrhythmia_rocauc,valid_sinus arrhythmia_prauc,valid_st depression_rocauc,valid_st depression_prauc,valid_t wave abnormal_rocauc,valid_t wave abnormal_prauc,valid_t wave inversion_rocauc,valid_t wave inversion_prauc,valid_mean_rocaucs,valid_mean_praucs
0,4.8529787093748205,0.3365382226528533,0.8907555522555862,0.3858392121382723,0.8031613813286249,0.2944246083933134,0.7768654678071797,0.0187441540912697,0.8834425146884,0.1447046787935764,0.9279648934527402,0.6234366313246253,0.9527069063823435,0.71324708758815,0.9808018803968984,0.5344069899437183,0.7977487641939011,0.028726530183168907,0.5905971970546366,0.014196424989411335,0.9601398387525023,0.2326327656301836,0.5134341198386831,0.031236408166002313,0.5407064685758581,0.027776248501234203,0.6704187707502678,0.08199042255758127,0.9320704484818784,0.7559529748802307,0.9403235591552551,0.58069072494112,0.7573898023250341,0.11629053850001778,0.9032911877171427,0.25739449471183257,0.7727392465707539,0.0218289421835459,0.7187421713262024,0.08554388804600885,0.6161844056728951,0.06075454464454444,0.9717558248237494,0.6607357741447449,0.514525077770497,0.10128372953532647,0.8443812012405514,0.4410695634004027,0.6437543401829116,0.06078127479288488,0.6786276020310054,0.26916574861495485,0.6583036910641991,0.1107453909831907,0.7513560471487637,0.027215707061387977,0.7774884578143875,0.24743760958298888,0.32354475665200866,0.887811523735701,0.3983613037620172,0.7951585107166357,0.3091557868652378,0.8908629048105821,0.16911792682882187,0.9221672830176958,0.5842843319990706,0.9760702887168113,0.5069939753933719,0.5298507743772939,0.03113401473360774,0.519716455879511,0.02680715036898907,0.669505138461754,0.08501833913026473,0.926879781492733,0.7295945422005455,0.9532846937388585,0.638889802349273,0.7666487689739612,0.11826127841488548,0.7384150502962383,0.1030774840238149,0.6451322941601766,0.039133532603481604,0.5059203658315179,0.0990370005762194,0.8405771781458247,0.42066278923010975,0.6384910151664033,0.05582839880903312,0.6798911754589936,0.275548554030809,0.6307934946803309,0.09562939879589216,0.7509542609811679,0.26036308945085807
1,4.424448497997113,0.28178181908524014,0.9194005844481342,0.4573002589185479,0.7722235633275361,0.2970159543704525,0.7265729019798686,0.019577707195103926,0.8795388555532716,0.16390402336780943,0.9507469503582127,0.7142826378466062,0.8811235989935737,0.31690952676691564,0.9776487526239189,0.5098025474816598,0.8278090850709314,0.04672869414169062,0.6148539250819676,0.01693638224559886,0.9709770815417198,0.5425496080256106,0.5136358386651436,0.0278312967748295,0.4580134698465892,0.024621022050089866,0.6219613564430158,0.08718876206590227,0.9328070937542493,0.7724886436504372,0.9323968788203254,0.6919295146999441,0.8317268802524274,0.3254926527892783,0.8439909152260492,0.12991970285621943,0.7521065794513906,0.016869268817677332,0.683099927311565,0.07386467591662843,0.6459799167769205,0.13249068260872635,0.941461302879283,0.3315638144814054,0.5241791885926168,0.11691075924896352,0.88514268861431,0.5824577985799549,0.5784165605594177,0.054356393213500005,0.6154054303874572,0.32848556018009334,0.5808448172529193,0.1325935249846459,0.688783942601505,0.022285834746065013,0.7611425217190488,0.2569021202971984,0.2803160169933666,0.9191954323833684,0.47100049448552767,0.7682275447110438,0.3186742504822718,0.8825152837798126,0.16816965161534966,0.9460541676746336,0.6805522923563089,0.9748261901817517,0.4878610370191214,0.5425996294783694,0.036929250517853396,0.43549660631234577,0.022673855954402494,0.6159329092730496,0.07902614481901679,0.9261085051305014,0.7412678149273729,0.9275425751834047,0.703550508877669,0.8091426819605525,0.32677692313500306,0.6930666439425007,0.07908348681643669,0.6556343489059462,0.1189359918953383,0.514065912019386,0.11637911971267009,0.8958246021686944,0.5899809789231772,0.5560200689487514,0.045280022792698695,0.6153143911534342,0.3348141522972935,0.5526311442450851,0.12141042353016288,0.735011035414035,0.3023536888976486
2,4.261384253786092,0.4355916623189486,0.9156868606659014,0.5385622751079024,0.8278178603162925,0.43791763746324047,0.7545232773527889,0.019975306888925418,0.9216611142873373,0.32773098206337464,0.952674059886891,0.7148467930641226,0.8905397694843831,0.445613749644799,0.9805244570202163,0.5218999235602391,0.8693715115260432,0.0981613201683556,0.657036277989089,0.020550388899137496,0.9660212401938887,0.5322837252593356,0.5777453499259027,0.040606925116170325,0.5853228238629111,0.057176305680103304,0.7077443375153032,0.10934108234839288,0.9513910088655093,0.7937348990936292,0.937740623475387,0.6801298046338057,0.9016146166196405,0.41784668402946934,0.8768321936866815,0.2252845579203369,0.8717640621677285,0.051059543558937735,0.7547492202796807,0.14265611020010133,0.8404674381074673,0.24231895513949445,0.9601027027112884,0.5061031690705937,0.5528741694602918,0.16828996083057962,0.9170350662041198,0.6421655746443071,0.5647730112015826,0.06383540232417367,0.6750958074758442,0.3289676556242483,0.619944714621059,0.13081263428777717,0.8003935742662387,0.04477538804945213,0.8085721166359062,0.30750543535818536,0.41447417455466945,0.9187560190731215,0.5349611735221896,0.8222204208741012,0.4481431775510253,0.9252771452729807,0.332279421194112,0.9476116312537527,0.6788243184499388,0.9771091570388264,0.5055587966985727,0.5777907096247917,0.03858666173189417,0.5570162981652007,0.0551128069620036,0.7036991145172928,0.10951402440208849,0.9471052396672929,0.771784486303009,0.9316243069741014,0.6824592906856404,0.8926420300228866,0.4063152834215371,0.7606642215362702,0.13946936948562963,0.829269169822771,0.16703796171352042,0.5381682830025014,0.15787135952589723,0.9203740131286922,0.6095288779437507,0.547367700757212,0.054617032054021894,0.677465649167442,0.32630729764650296,0.5766887640327331,0.11375351078007234,0.7806027707739983,0.3406736027817448
3,4.145244402084725,0.40821346053514196,0.8778761684343216,0.4789982067631579,0.8802239900770952,0.48787436514132265,0.7709608700419133,0.018357421502616846,0.9351641949996711,0.47826383678755063,0.9566610586391984,0.744795153044114,0.8727894587700005,0.5972561710134868,0.9806636189458837,0.5624652858442772,0.9040952817547195,0.16524280885146836,0.6677901219558477,0.025836768341911162,0.9684612254773584,0.56632164105929,0.5305556452856299,0.033438041280574975,0.5732483941404104,0.05826907433693958,0.6670486671492868,0.13070335392762542,0.9561194531382303,0.845230799029206,0.96270180170855,0.7770808473371879,0.8932068071383346,0.4320442477529542,0.8468153235843234,0.2674105549050482,0.8082142009295606,0.023991198022314236,0.7254580560936676,0.1966096217565591,0.8021617137411056,0.2454505371123321,0.9574355714632479,0.6727745262513142,0.5360478632402175,0.16473560637804052,0.9270279940716349,0.6554747513570677,0.5854801926230497,0.0779679426786315,0.6109357271587172,0.2929890148134271,0.5823393747312063,0.14166062155574435,0.7990734397096168,0.05540907310108532,0.7992057857408444,0.3406167211090832,0.3893567861668033,0.8872469472603361,0.49539277330419595,0.866767502571375,0.4767636094088556,0.9374992112469871,0.49839310359333955,0.9512495549451571,0.7140676811949869,0.981475342116134,0.5711561196890983,0.5314577491806393,0.03645162789338641,0.5273196827765061,0.04904201120679315,0.6664874743427183,0.1210871010595046,0.9525884082275331,0.82745875201774,0.9507309432904985,0.7832936653252213,0.885424260571847,0.4146147528502982,0.7424996937563579,0.20004802170742272,0.7960107588511405,0.1848537651024313,0.5203716469226579,0.1506492135091046,0.9289246462316614,0.6553621732897933,0.5680722037460584,0.0679408856695918,0.6181012346766654,0.30903959155611127,0.5448143277872566,0.12970193608722133,0.7698356438056406,0.37140648802583864
4,4.057445450826111,0.4422498819905096,0.9343921043865568,0.577683890246916,0.8432096050715677,0.42585703475682685,0.7757680574283059,0.01824967229661901,0.9487336018527183,0.4590677424092831,0.9698530451603291,0.8113749967620424,0.9168333417959377,0.5532548322260891,0.9798120014747201,0.5508877767077544,0.8693537053689091,0.09750597320590801,0.7588043450992198,0.038691422900615426,0.9670451219324325,0.5523706931560206,0.6302831004569238,0.05421066892554571,0.6004306939535464,0.05702165140440685,0.7436103288827491,0.16251350240507573,0.946589975228778,0.7753621822410464,0.9687220532020916,0.72231471338154,0.9445015001429787,0.5710470483948528,0.9250707941795387,0.32391353924649763,0.8897467272679312,0.03532060236581273,0.8254141589310574,0.21506900392839276,0.8158347700134925,0.2582972349337245,0.9664016803194001,0.6413637501280742,0.5892907062299144,0.18840233163247116,0.9460541595618684,0.7039895078448332,0.6339072410500982,0.09431697318204049,0.6782194831906543,0.3842034130069437,0.6366670905948495,0.1818331504050792,0.7919420928718128,0.046591675939441746,0.8332033883573475,0.35187833274199465,0.4265484087351867,0.9390555214404837,0.559068136459238,0.8411732358467483,0.4110563982214613,0.9518512709289978,0.45773781974844846,0.9654793808898904,0.7838478434535886,0.9730284524501769,0.548402197642625,0.6507769062681433,0.06627548044420291,0.560890828349415,0.04491244829766449,0.7326206505215521,0.14341997131772866,0.9384252389648856,0.7450325751935065,0.9604908382454613,0.7326313411502848,0.9329031391485871,0.5309341333024219,0.8364797806915095,0.21717375192387264,0.7952860723075712,0.21422838931582056,0.5769865044783345,0.17150041098553556,0.9490167701337185,0.6912503325581737,0.613874150761979,0.08144255068979675,0.6787054426953674,0.38420390056231857,0.5991894975928361,0.17387114736600381,0.8053463156508698,0.38649937936848294
5,3.9998499891458303,0.4546719336165561,0.9317790134496308,0.5780106421895934,0.8866789616768728,0.48354286524065043,0.7299506812109648,0.025100432772916535,0.9248510828978678,0.4063815799757667,0.9597882571043247,0.7886780966004333,0.8357185509896093,0.511901225512162,0.9496539604547551,0.48264115109872757,0.9078261336264742,0.20144769000418355,0.5533850643807745,0.015936811520022607,0.9540585090813859,0.6307415949259703,0.5787868000156016,0.045590443333083513,0.5946121720881087,0.05216933078156416,0.708498283894287,0.13479933029734997,0.9659493884618933,0.8637628501643153,0.9806515576823613,0.7799877065669267,0.8999971416623465,0.44775879980120975,0.9030519109790883,0.3270674929805693,0.8734592231158141,0.03668061904673225,0.7705860715839034,0.25803501413061175,0.8089194155022794,0.2886065692852293,0.9116770075972916,0.4672958618278041,0.5864100243990259,0.18553280445314055,0.944864829172185,0.7057504840311329,0.5959255602112745,0.08168372037775821,0.6790437266995211,0.32204932173375583,0.6088128915584835,0.11262390173669556,0.7737674698191654,0.043072891907203634,0.808100136641307,0.3435870086035373,0.4336289781620332,0.9287600122143143,0.5676362758118496,0.8753234706554452,0.46994676412799724,0.9276204177957103,0.4073988973504688,0.9524696473403158,0.7539196597646333,0.938728695305929,0.4796823730396001,0.5830493618106595,0.04303710711909046,0.5483672515132773,0.04018085668541684,0.6973492437669444,0.12176498869184958,0.9609678736368904,0.8488042322553733,0.97561486037911,0.7794597205660502,0.8992475313537301,0.459929502440278,0.7806931263709634,0.26854732928093644,0.7929453104220752,0.24108762977512666,0.5705148571774389,0.173594333716407,0.948924439019921,0.6769820437929656,0.576572235937153,0.06928083705500654,0.6818738929223113,0.3156911271930998,0.5694075007878978,0.09590946375550644,0.7893572071338938,0.37849184124564755
6,3.940532058435198,0.4406598593823756,0.9315829266990077,0.6078186409408898,0.8783153415945132,0.5230856657936233,0.7908664545676624,0.023371327011240912,0.9469396391253123,0.6156982895226393,0.9652572148533152,0.8103223714147553,0.8570459306103344,0.4711001790546298,0.9752459003318635,0.49708573575970155,0.9094665258524404,0.17471216186383912,0.7580061225579401,0.05516316570429278,0.9712438639590909,0.710834013049956,0.5938591030345757,0.05852298295657747,0.5685578236649587,0.06276312836529375,0.7491640026625283,0.19142205769680654,0.9647231279589867,0.8476950787829618,0.973742110238641,0.8362386368185101,0.9490951805418386,0.6155244778492587,0.8882036261521541,0.368784946795773,0.8937050984848361,0.08019295382099452,0.8124670251582365,0.2605106361168143,0.7284036699563341,0.24443837859661358,0.9522193736208944,0.5423622134928754,0.5823563778516782,0.19481235254335139,0.9658476724261029,0.7798279460665404,0.6560667899953614,0.12441911873363737,0.6647974410127845,0.396016108943807,0.6234445776758488,0.23751528900091123,0.8037923620235897,0.06156121379918037,0.8279413067633641,0.3848814470553879,0.40910784825221735,0.9325368862223207,0.6136975658211862,0.8649718158301681,0.49173205842729445,0.9449181770160077,0.6018135993869586,0.9591499836701277,0.7828831469447639,0.9690891725275679,0.4910976611414796,0.6186801875315113,0.0673099223637854,0.5244355199345687,0.04522013770452191,0.7362807974948684,0.1718867365314163,0.960080315907774,0.820941052163687,0.9616078740597934,0.8334778379663058,0.9360526922920334,0.5649015451476609,0.8244643779678053,0.2367546894808065,0.7181094840471561,0.22311514933863036,0.5630972609915881,0.17688393764321586,0.9640991439107887,0.7563110361928609,0.623801057626985,0.0985206900606687,0.6657200916051864,0.3948113177180714,0.5823187019789822,0.21700671211647657,0.7971896411452907,0.4215758220083216
7,3.8905572526241863,0.347916821942312,0.928069647338414,0.6365955625891623,0.8643109109069705,0.4653778812241483,0.697728527380199,0.021513107424811564,0.9430947254167247,0.44902646125026835,0.9656176017355825,0.8045001117656541,0.8225009551448881,0.5133576029331162,0.9739775431912667,0.5306048147248057,0.9235961314947748,0.30288980641979946,0.6798906006063378,0.03360966341884902,0.9662998710491237,0.6345536556245265,0.5975039333906862,0.05450730514379898,0.5189872267411033,0.06069642001114825,0.7014665490372318,0.14857423072906387,0.9618630670053925,0.8600150542021249,0.9648715091744081,0.8022766301545644,0.9447235210565308,0.5750829607001446,0.9035185638581821,0.3892905430802438,0.8640038338368785,0.03950022064944854,0.79629770568321,0.25731309106834244,0.775596137066316,0.2642320653872375,0.9463540277573411,0.5895556235721164,0.5257430476194735,0.18550121246141987,0.955126706901524,0.7176097471385667,0.5411279607708179,0.0858598196396872,0.624099165935422,0.3385011719431269,0.5660892507621451,0.15026428601873915,0.7882268735622441,0.0682832583284172,0.8052105775712293,0.36959601139271603,0.3306253260788552,0.9292583159682025,0.6108902404263844,0.8532183162660547,0.4275314196523964,0.9406423243965365,0.4502026034349372,0.9600504909547339,0.7786148419878437,0.9634918254350399,0.52590207518554,0.6149636715540439,0.058321757173599734,0.4708515348972868,0.04750513059983752,0.687345180634269,0.13156974996419912,0.9527642661890298,0.8215890795007987,0.9455311943230145,0.7847773932785407,0.927599251289521,0.510001823943493,0.8003512100998772,0.25254788882511386,0.7407776191921123,0.23238232379492396,0.5099287006147624,0.1644796996150622,0.9534921374317649,0.6870883281679684,0.5245119355080441,0.06499894302721108,0.6315158682803915,0.34344428280029127,0.5307613267113686,0.13376136391681273,0.7742808427636697,0.390311608071942
8,3.8623841359083353,0.47934212814588456,0.9368422133604233,0.5902832082480474,0.8872851767615182,0.5333680855451608,0.7713181138833161,0.03064734757867621,0.9512102375195086,0.5994771830441743,0.965626793790857,0.8117760108001633,0.8181090483884084,0.369320507414361,0.9692713539202421,0.49582389587916537,0.9293418088401523,0.30688132687548353,0.6638097195446484,0.03010258057151004,0.9622862636959333,0.6178155854275854,0.6150195880928114,0.06831855509290859,0.5908314271287014,0.06580523469394409,0.7671124353646919,0.21694415664685715,0.9710678527510321,0.8759106729389315,0.9872220838115889,0.8419335770294913,0.9189606354766731,0.5558775831844935,0.9451593660496395,0.4023234177509825,0.8808635890306139,0.049609237268431,0.8364721902639995,0.3433056867837452,0.7723293204801046,0.2749031105982172,0.933569788141363,0.506765140342551,0.5745715455027296,0.214316325184569,0.9487020385287724,0.7471244477653418,0.5984738752595895,0.10603590438349116,0.689238770081139,0.3899917639555569,0.6454605406560985,0.1898356770778238,0.7977275652264382,0.05917992890801336,0.8269586422796665,0.38124726485146954,0.44339271074010583,0.9322852176597508,0.5585238111564665,0.8804491176561412,0.5023067415413229,0.9491994382275682,0.5795318927044902,0.9599581215886069,0.7860735613727889,0.960839400341875,0.4677919640632954,0.6206023424758442,0.06925096067259892,0.5292021328400152,0.061653830444818994,0.7526974297183129,0.19258558843606183,0.9649739377549886,0.8441904514943036,0.9736629304562404,0.8388118142861075,0.8992595366109889,0.5159285667156417,0.8499917827792923,0.31754398685453483,0.7359241486010122,0.20227307970552036,0.5535774511064715,0.19185644973619728,0.9473905642680417,0.7023421643925803,0.5808478465916667,0.08880267247697858,0.6884436773600194,0.37648455051933627,0.608067204972994,0.1747350662273035,0.7992984600561016,0.4150381751555749
9,3.8138668791130814,0.47901915480360735,0.955660410278442,0.6742003612210222,0.9405278216859424,0.6125826466750282,0.8532538090301087,0.04361023967902298,0.9495295053246855,0.5393060534433513,0.9786153858405993,0.8721635435489289,0.8826581658373951,0.5409581652161503,0.9882994639088473,0.6523062721355525,0.94602508618768,0.3226511059026377,0.7820891379595377,0.041446307783000166,0.9768988990694331,0.7101773049446609,0.6884089081461217,0.09652046537149536,0.6708130026894,0.09609970252785012,0.8042611336555229,0.22862420392217717,0.9714000203496627,0.8829705897345452,0.9805880365806514,0.8245809838439588,0.9459828794848184,0.5868787935766141,0.9270826466375851,0.4589676024094788,0.9311686923240862,0.07347897710291913,0.8769880125291118,0.4041082961219034,0.8209428988329024,0.35312299160721455,0.9774831518255492,0.7559589261609635,0.5983281232877631,0.2171509138641308,0.9640145994853747,0.8090438912679138,0.6435823757252329,0.13380175871125938,0.7078540385424615,0.4173960657422606,0.6291113855558311,0.1950135682891785,0.8204475972857479,0.058240062994215906,0.8597042662244627,0.4296799923628679,0.45561600954013565,0.9498971514474298,0.626060190835384,0.9236739900375553,0.5783797596482709,0.9472678497060428,0.523878155065816,0.9734316364058032,0.8451480097365788,0.9832522498581368,0.6392316975258799,0.6913553741509777,0.09698417545541065,0.6106590500122123,0.07769954933722117,0.778864704687314,0.18775005338264797,0.9643938113509052,0.8525397295672371,0.9706970077768068,0.7881104962189569,0.9258953747049576,0.5337113274536079,0.8691263040082537,0.3888903618239542,0.7905697096383871,0.2869339073101828,0.5781327617531067,0.19643061314608037,0.9597483575930201,0.7643088599355756,0.617606382772874,0.10684267966215316,0.706640975567649,0.40142661246816,0.5883379158199029,0.17571256472384472,0.8238639226272964,0.44833548573872023
10,3.7819017811783002,0.4976770763459293,0.9583144852801757,0.6307483143406662,0.9021157275982224,0.5916673416015298,0.8056224188904041,0.03288828898043776,0.9499877196517039,0.7262360020184248,0.9695538365453357,0.8294324195690836,0.8253839990253371,0.44475895542421545,0.9765379270919118,0.5506749573904923,0.9447567334571142,0.3786767827918226,0.7180321810599525,0.04238788985506636,0.9737236989599655,0.755467527408978,0.6650963815840004,0.10291512077910392,0.6007113382623246,0.0968698266204653,0.7713861879871862,0.2254403159574198,0.9728625275697761,0.8779654127812845,0.9796497432241174,0.8507375569942885,0.9535870262217755,0.6207002438495075,0.916224645404369,0.41139063673895776,0.9132062188270242,0.09126795030097595,0.8347136475250708,0.37942640401523864,0.7579146273316633,0.30175245867239964,0.9480380780799947,0.5744747851037575,0.5240538209858459,0.18805785263928554,0.9690261246580597,0.7861117235244179,0.575708906066049,0.07852238287730699,0.662744383525425,0.3806877189172256,0.6024230001082658,0.18305852359881786,0.8455303850585121,0.07348340450234808,0.833959472962207,0.4150296591575377,0.4593426250279496,0.952531617960411,0.5882576119257217,0.8840680458262962,0.5359357563043524,0.9433001065492643,0.6780900396272156,0.9637545079098591,0.8037014256755801,0.9716041196895586,0.5395624995179054,0.6851023508160785,0.10924462453267855,0.5521543326053557,0.06362644240136751,0.7528699377219836,0.19175192685086762,0.9645573588892595,0.8460201390560874,0.9687844550224413,0.8195937569857102,0.9389057677779591,0.5553226249219582,0.8257175041257294,0.33060205349793337,0.7389210430691195,0.22491991564305935,0.4993064853899379,0.16806392802389497,0.9644776608476058,0.7410293416470555,0.5510434664215218,0.05624414362499772,0.6638606682800356,0.37845865271672013,0.5713661606007585,0.16354060498689177,0.7995736438612875,0.4329980826633332
11,3.745338945488779,0.450895629922238,0.958734527607687,0.6717263930676086,0.9191777915045556,0.6081891471196428,0.8129624357788194,0.040807688402778604,0.9567802643155963,0.7239865509457274,0.9627522104404218,0.7966972431542738,0.7840828289812005,0.3245741692699177,0.9830042355754897,0.5781153702957784,0.9477808404741341,0.337347373315563,0.7182230044275653,0.04447356789476885,0.9752763427247872,0.7763506741031273,0.6686037352814319,0.09910285117032726,0.6342757845604474,0.09933842588541403,0.7964497532659879,0.2353961602916128,0.9752777030938571,0.8910251698281559,0.9810693474788433,0.8188281124086961,0.9550960203614208,0.6477675410548059,0.8292214119680835,0.3648064237616191,0.9183885746805701,0.08851893784993739,0.8440022340087174,0.3803367658231189,0.8305180419444577,0.3133565515859126,0.9593700917702239,0.6223871989886368,0.636510205770336,0.2536398552459852,0.9613162286191073,0.8129581462147735,0.6619670994670994,0.12862718770797765,0.6720839811960985,0.40934421415186983,0.5856673994283044,0.16821448211895698,0.7916296302004864,0.06456945077725502,0.8414896935157677,0.41853650564571265,0.42528135946932993,0.9498481599672495,0.62047364095876,0.9026376487299902,0.5458857939278059,0.9443650583316656,0.6807939727082356,0.9569802707846388,0.7711444300565758,0.971831495470464,0.5565936307504307,0.6839414440227694,0.11097567092482394,0.5834236294075744,0.05984665114222887,0.7634973064232523,0.20701330528663128,0.9654443678625155,0.844968461986254,0.9658058973014004,0.7799168838526773,0.9346651281378524,0.5549360119469137,0.8300435284441378,0.3403795151580602,0.796722521287316,0.2681965110157822,0.602874433273824,0.22500014126505313,0.9554420608548377,0.7526109944375798,0.6319127737430433,0.09537420878261804,0.6696427006177166,0.3904770497775512,0.5493328406707456,0.145203983765762,0.8143561814072774,0.4416550476524302
12,3.710768372437213,0.3806365059253186,0.9336888049979042,0.5657628836068196,0.9100913040718348,0.5523750680250047,0.7078012264297929,0.0175771144147282,0.9537771878942329,0.7050745584930609,0.9594610776630124,0.79359541376102,0.7228606663365614,0.21977815688960653,0.9817873598572001,0.5849872201978848,0.936013910304339,0.3330547155339013,0.6821634989280057,0.05282189504518426,0.9588095287719944,0.692296847244208,0.6200549729632925,0.0641762539720212,0.558261307505415,0.06245934337781606,0.7629117214706188,0.2370099055258214,0.9644941288877786,0.8608244059384477,0.9745938898441213,0.8136646330232683,0.9532169364110342,0.6484751890537771,0.9085094941084954,0.44562362791884264,0.8986798776552251,0.06567404182828751,0.8359512102843856,0.37252500494433216,0.8303006628644165,0.19928481317341074,0.946216649668437,0.6191974291185952,0.5566427298283123,0.1941033349995475,0.967044329274382,0.7955698218390413,0.630993032778747,0.1330874634802805,0.6601011821333532,0.38598728882386,0.5881378730631753,0.15138593267956418,0.8244104285235377,0.10010079084319277,0.8232212960192447,0.39505456125005656,0.3426995602593724,0.9239147212686781,0.541955740581648,0.8932841387140987,0.4683621965893925,0.9423175456530244,0.659113337495226,0.9496973842005718,0.7592507699045966,0.9755276126727026,0.5866808491902744,0.6331278945320886,0.06983445367711798,0.49824413440950954,0.041971790771368776,0.7377060463617449,0.19742054820963545,0.9523078659396748,0.8067448160964956,0.9613993345381193,0.7858575258729696,0.9261079895509025,0.5441395441159081,0.8249283085535941,0.32879681689184914,0.7994481968060597,0.1853363972659534,0.5283567966795772,0.16495779426573276,0.9570207299094504,0.7291689691396112,0.605660232317678,0.10057497218338939,0.6571426728086814,0.3626303889488174,0.5502338698284013,0.13066507575366937,0.7953569708191421,0.4146367770529809
13,3.6780471324873267,0.49924225485081114,0.9409138995483864,0.6450433657670781,0.9283613338309036,0.6474685768483606,0.841422781664336,0.055140531377232814,0.9587501874745351,0.7344233740931432,0.9668686990684738,0.8209303197881623,0.8411849181977935,0.48916289635194404,0.9843015365442201,0.6642185091536112,0.9547152467908181,0.33825684184276067,0.7473008126315872,0.048621193988258,0.9735554194256384,0.709400002593474,0.7034478652920286,0.1420120854481337,0.6932693544246498,0.12289606237921438,0.8117635522908591,0.28595640666306016,0.977136140955056,0.9064604513971962,0.9870350447197083,0.8396758843833707,0.9531926498146057,0.6682094287310291,0.8988988900748178,0.4370912951690878,0.9280428454147204,0.14778952370545223,0.8375845866333197,0.39891884775550956,0.8694861275164933,0.40660992797938733,0.9619144292804096,0.6990104397625052,0.5961257925210612,0.24441019690412819,0.9703957932594713,0.8453730156350088,0.589832768404197,0.11790263160643441,0.7135181790754592,0.448127482643283,0.6364315355208693,0.2599516195641939,0.8642126395369896,0.10991741442414056,0.8566541862930153,0.45307327133167263,0.4508459417157338,0.9380331598498042,0.5932804122986058,0.9053527356341498,0.5676854844160469,0.9463151262094963,0.6856351334069041,0.9579997728111228,0.7857764074005783,0.975955614142642,0.6374706164903614,0.6965556446974136,0.12580942602470468,0.621703895844307,0.08191734989750214,0.7723650934870786,0.22682382317826236,0.9655802032299037,0.8542559823530294,0.9753356627606805,0.8060278075829735,0.9268204754708237,0.547306643788753,0.8221614638217838,0.33722258011339956,0.8106565821167815,0.2648070704423291,0.5679797976932542,0.20536921343382591,0.9566055446205091,0.768669599544627,0.5776398192936183,0.09509242221286898,0.7044998355929842,0.4197392892232171,0.5962072225784366,0.2236946625914775,0.8176537583252661,0.4570324402444148
14,3.647453557197827,0.5167573476435368,0.944304927657763,0.5867670057788648,0.9105438032874836,0.631563905637494,0.8255479117416803,0.03887800415113042,0.9683991391087613,0.7219130445316095,0.9687191148709913,0.8474154074314677,0.805931434245373,0.4033740605744307,0.9799549711217778,0.5955605397609958,0.9529189247029689,0.37095078454822583,0.7303097816193324,0.054577606311290314,0.9690620522853665,0.7597621292589399,0.6647307148489141,0.13713841213969077,0.6668050579061137,0.10050366496840299,0.7938945415957313,0.26683617024188233,0.9772115667850593,0.9006387542301149,0.9775116257826667,0.8371204037256831,0.9586941254752116,0.6563173167725259,0.9420142739708304,0.4687049144006232,0.9203308785168112,0.08917500485525676,0.854040132700857,0.4513713519638225,0.8227809961081836,0.37992032626843597,0.9621328876971758,0.6748487397585164,0.4999876327577608,0.19355890609137494,0.9756186540968903,0.8456935876343434,0.5288231359659932,0.10055008989297622,0.6567240374022907,0.3807675832048073,0.5785382499512937,0.18945921991228062,0.8529321937892794,0.12088051366131433,0.8403134357775023,0.4371943499150555,0.46388909592308264,0.9375080114492418,0.532614611391586,0.8881760697038583,0.5377170100377189,0.9597685483158547,0.6688577109992958,0.9614236456764851,0.8183325502419292,0.9751800807414248,0.5793025184749664,0.6658218816536908,0.1009000169851118,0.58598017684603,0.05944913007630867,0.7469396905013765,0.2009061753392952,0.9643996464548907,0.8423891365424329,0.9535869533749792,0.8011058868950239,0.9359371634395723,0.5381577434975748,0.8297635342570604,0.37416591793306336,0.7751894599221556,0.2559312904803571,0.4706272016586985,0.1610354024509511,0.9664131099211559,0.7641992400011335,0.5230335199009569,0.07655688243825469,0.6545912049588181,0.36560706906120616,0.5383843202886422,0.1561169689199947,0.7962624566147162,0.43518584787590026
15,3.611981774622726,0.5225708678045266,0.9495760205673963,0.5969343509282024,0.8884549189403943,0.6087186711723294,0.7711920759093873,0.03855516162726296,0.9676778065704155,0.7628949714358535,0.9593058229364051,0.7916796290609924,0.8331675052598586,0.4460757618384788,0.976371004819083,0.6035218173594206,0.9477876437700204,0.40535050209641244,0.6448626927290282,0.04410076256142367,0.9479685932574007,0.6021671224627877,0.6612782949215216,0.1355752665066318,0.6447882256209565,0.11011038088265244,0.7998353999659067,0.277819982495956,0.9799814946740122,0.9148677412514036,0.9917987294529131,0.8678270366986747,0.9557326135790452,0.6736616795869502,0.9380730875261507,0.44922092078789183,0.9358294512155696,0.13788789139865915,0.865337386824199,0.4903673686750024,0.7991386149274369,0.3719851463247328,0.9561491974058338,0.6722656896350987,0.6033362033684522,0.23779500064252393,0.9638287955955385,0.8235254221874159,0.5922815029957886,0.11634286166174501,0.656179751057258,0.38486969768766927,0.5660842842395009,0.1451219482621652,0.8549718132391079,0.10694077154259703,0.8389255159766141,0.4376364280285531,0.47901915480360735,0.942679800410052,0.5196921440533426,0.8656821804309458,0.5168608626817411,0.9582260178519596,0.6893872733134124,0.9535437434773202,0.7588493479455117,0.9715113714202017,0.5887501877256273,0.6490440208322908,0.08108850989561373,0.5728082529507057,0.07149481114363046,0.7577681142160605,0.21661817578345047,0.9678482843696771,0.8652271618214885,0.978758655003501,0.8374544607310324,0.9335080997208864,0.5635849029137189,0.8473305065079628,0.37877616811577985,0.74109566461754,0.22527411088264146,0.5591063015033688,0.19167036416373118,0.9541245903251213,0.7494008054237611,0.5651159882085603,0.09338687644115225,0.6484613594569185,0.35580000848967336,0.530457958855429,0.12710284792532026,0.7998372727865833,0.4350232788583683
16,3.5852912928503593,0.5475391915728802,0.9614235653187355,0.696013827352219,0.9338597099276101,0.6817249430295492,0.8448363862638325,0.03952065069173221,0.972113290606167,0.7332659817029591,0.9754011735718742,0.8618378391699614,0.8094521620108981,0.4937379014263366,0.9772997415123188,0.6068122859941468,0.9554405117287981,0.42681220634070993,0.7713209171100343,0.06849519638602507,0.9695809368376315,0.7201036006901717,0.6988575292990116,0.1838831040362023,0.7115092360657751,0.15878842107408186,0.8306118889117654,0.3060594742311744,0.9792316693424788,0.8996469523135171,0.9852964423237777,0.8519727744970553,0.9658812784612737,0.7293748306617659,0.8866112074571862,0.40851943485966025,0.9238363392366733,0.09941242023719872,0.868642932094866,0.4829354511684407,0.8155775534114338,0.4017297313904497,0.9498644882748315,0.6461990257997322,0.6097249775801802,0.24158238588999706,0.9762017550368236,0.8632093621377386,0.6628579128579128,0.15475358737788597,0.7177310653073038,0.4522733491889803,0.6545165789731755,0.2549128633225928,0.8651547285555201,0.11240468085869494,0.861956888076959,0.46577712154922146,0.4843109487963032,0.951853455073806,0.5909377049173037,0.911360488953183,0.5860122711165396,0.9594808112166988,0.6477242041307829,0.9700010467453474,0.8333543406881906,0.9726256662307715,0.596742957045796,0.6965865842759142,0.11626001437580567,0.6480856042477313,0.09908765490349196,0.7871286261707776,0.24493566433218544,0.9657847062473296,0.8339885295962921,0.9742554280384086,0.8163891000402205,0.9430333144149038,0.5823354495624123,0.844181142543671,0.37397739153560555,0.776495731298442,0.24424873734008073,0.5713495805343742,0.19567309826540213,0.9625487125345427,0.7667882091741504,0.637282353897286,0.11870498477757574,0.7087256743246074,0.41602395384785307,0.6094961800536858,0.20976470078013199,0.8272375059334156,0.4596082759127678
17,3.5532198019440684,0.5087575463963628,0.9548431189452651,0.6836618247727364,0.9227033567880486,0.6196281441271031,0.8085330737877562,0.039509793712149965,0.9677865418007935,0.7167628471797981,0.9651132786362946,0.8233266736598398,0.7730773014529846,0.3564684373799728,0.9676733973287805,0.5634089471346976,0.9468992257177352,0.4020885554342014,0.672058287163277,0.05247795630026009,0.9610235328552877,0.6461822342518462,0.6887545989648303,0.12728886660841704,0.7064490236564896,0.13204115408685996,0.7981391359180815,0.27303225974739237,0.9782236602400534,0.8895703086043343,0.9823218073939018,0.8716528869868867,0.9606902838034594,0.7114672171303391,0.9595372036042291,0.5139047363468704,0.9271911799342618,0.12110773873113798,0.8391791935071465,0.43543034958895566,0.8535964476192697,0.3441645776531651,0.9416317484571995,0.6147173876991061,0.5636954169639203,0.23307233383745435,0.9667365713480404,0.855514860271425,0.5981597856597857,0.1393712545554319,0.6858488810296007,0.43942278266503765,0.6083126751489109,0.22891858850611219,0.8699645112689245,0.12198136371339979,0.8469682681109011,0.44282126224759,0.4406350152791235,0.9432052843686978,0.592085854572903,0.8948339711293384,0.4941506838154703,0.9593693942196574,0.642694208361812,0.9595238404850364,0.791699932137765,0.9586068639858688,0.5000804607546864,0.6763978367046712,0.11155782095127555,0.6278686744094383,0.0819716198823828,0.7471074698592615,0.20451283144937354,0.9617490093127529,0.8122292198634923,0.9605882384691138,0.8248753431495927,0.9336008359834793,0.579076338940286,0.8144026575100451,0.3601629530229227,0.8038053067508795,0.2637882894782472,0.5252497708509845,0.18440524033460126,0.9531990953379188,0.7527975603927696,0.567189939069118,0.09843935054311231,0.6744776017132146,0.404258429210553,0.5640599563124206,0.18543694182095408,0.8069575414706609,0.4380123932601222
18,3.51862798893112,0.5264465479118531,0.946196663584656,0.6896280613234379,0.9269416225112088,0.6907774815100325,0.8301950631199712,0.053985713401285405,0.9695625539691681,0.7768791127574997,0.9538761397971827,0.797928753580544,0.8130011885982377,0.44286465705598715,0.9700269036098487,0.6009402980052847,0.9541410822145552,0.49714056305622406,0.6860100387307432,0.05618615153884721,0.9716735114238877,0.7113699713262017,0.6733934985598691,0.18722938997421834,0.6838515395927492,0.1377765935428326,0.8070078160110338,0.27946168030827173,0.9813695109886675,0.9247827661314059,0.9866230528224429,0.8057870625324459,0.9523160654567978,0.6479045365038406,0.9186244649905516,0.5044303630968504,0.9346679088198557,0.18032029626696688,0.8449414092409706,0.4836905106175257,0.8016604798362632,0.3881383148672724,0.9423195323737217,0.6537488802679,0.5893519117788477,0.2672538761073522,0.9678653826231335,0.8592943637252619,0.6252691163405449,0.15980895639714254,0.6930077849494185,0.4181394245879255,0.6131691139317856,0.1874095190206142,0.8840861748080103,0.13901409718879496,0.8489314640994121,0.46451449609970247,0.45524334799135424,0.9320226434594697,0.573872083630065,0.894695722609809,0.5704172543140308,0.9516637730698989,0.6829579667364463,0.9464993299862559,0.7577680763730619,0.9600250573811396,0.5549375866992977,0.6521297729680635,0.1106964248957596,0.5998569200276778,0.07434427440472534,0.7631866168816157,0.19668204317941795,0.9632281990271656,0.8495582473852122,0.9720763127072207,0.7837473705411636,0.9254048990497056,0.505862785854169,0.8163808773100472,0.37872730024637097,0.7578130911842603,0.2723925949807231,0.543053656487029,0.20097152128982715,0.951447038812181,0.7248238785692132,0.5969159523937686,0.09416440403284076,0.6791638023360479,0.36018611524845817,0.5724521555799472,0.1389479053765301,0.8043342122928502,0.4350587685420729
19,3.492359176753829,0.5485826439094681,0.9519247545744481,0.7336848691987913,0.9470697399239072,0.7255441082399915,0.87258133079943,0.06798397371902914,0.9753117389913113,0.7460998754564065,0.9775118179023751,0.8685814860719124,0.8362835849271981,0.4963381937428947,0.9849958668213425,0.6636106803054876,0.9650667554510779,0.4844051271115642,0.8024655228200047,0.07413383367886983,0.9777276100771984,0.7662118481766869,0.7132488969469657,0.22696529287175712,0.7436738365454306,0.1592367116746258,0.8394447137966634,0.31998696527172793,0.9844929512790062,0.9291413018154482,0.9850215821114119,0.8727616158210694,0.9648040952662714,0.7314144319642567,0.9483653792200935,0.5218179501301633,0.9284247351573626,0.12746967852162083,0.8495870710210127,0.5028025694522908,0.8608383699676125,0.42807442209747404,0.9669887004491258,0.7140517550822139,0.5806502396292959,0.2500423023056853,0.9695981192467467,0.8659704156709582,0.6078621078621078,0.178683196552686,0.7132148984610747,0.456343235376005,0.6497102488562642,0.25287476521347124,0.8851989257048617,0.1570784279013783,0.8697060590299851,0.493381816052758,0.4756652008645748,0.9351748760951778,0.6077910007578868,0.9196824797318643,0.6058532451960145,0.9607687772795864,0.6486312255487402,0.9712629713403488,0.8357505558193282,0.9790730961608795,0.6235030338732173,0.6978174414206163,0.1278577336491787,0.6391748477034542,0.08294554350207958,0.782168977281484,0.20834302903124452,0.966622930824568,0.858875828295641,0.9637148592505433,0.8036285811119653,0.9316227523635567,0.5498467907419254,0.8232542400478423,0.3908663805680391,0.8150833698579847,0.29251624830110234,0.5345373191393327,0.18865634994832192,0.9531887347508918,0.7512222909257652,0.5869374166417758,0.12774419074166593,0.7007684192588025,0.4145281080795828,0.6046922851212276,0.1984122542339578,0.8203080996816631,0.4620540216847588
20,3.444931250483805,0.5648555315395891,0.9361011221543353,0.6883810398278616,0.9241124971275217,0.7095987384606474,0.854583867908741,0.07420989867145686,0.9650257110852927,0.7452559025421432,0.9677982305638189,0.8467055627304438,0.8128192923137537,0.48889998251293404,0.9764341152283386,0.6504950595086599,0.9563398906466776,0.43595338696268304,0.7266125105253576,0.058359456634216496,0.9680682560639987,0.7201937428648716,0.7108236089287037,0.20824183024138948,0.7647448985902376,0.18540182204585495,0.8187639887890441,0.33085508739767605,0.977906057260452,0.8806915505990374,0.9887667265839761,0.8268427085415225,0.9566288477202172,0.7010598040065467,0.9523372465920216,0.47594470453958027,0.8838644347436565,0.13583072178289773,0.8369424477131784,0.483369487501927,0.829158134714165,0.4380440046859166,0.945504335884247,0.668716338805893,0.6029740869374638,0.28430347561275926,0.9813690607853404,0.8903790268098566,0.6107471107471107,0.1570382313215942,0.7241458255441872,0.4690206445468851,0.6191496996173937,0.23498130109755314,0.8674775257302934,0.13867628276799016,0.8577481307592416,0.4787944367785481,0.48490720727435344,0.9185528386536067,0.5559590114123023,0.8869376527681773,0.5630275647214584,0.9428652557452769,0.6489259846934362,0.9560445943609228,0.8077024769498249,0.9684039755021783,0.5728630443124714,0.6703221106065719,0.11717957873523699,0.6603321739742323,0.08998570845517562,0.7620354543352925,0.22097347006855358,0.9590725989370232,0.792127374836778,0.9675110145668536,0.7669922663868475,0.921915718918302,0.5592559384884054,0.7872654763363065,0.32804213167699486,0.7613565442809889,0.2754459231287228,0.5513828449654039,0.1975698453077826,0.9649272798522539,0.7546131840032789,0.5927026130373583,0.11213543040758828,0.702716453293502,0.40726028927899904,0.5824871491137507,0.1804339441891866,0.8087128749582224,0.44169406483628015
21,3.4162616669970274,0.5283346997590121,0.940964907945551,0.7207450549432547,0.9249736670495768,0.6640616897431948,0.8124439056480015,0.05053137479156269,0.966483660189481,0.690780591384635,0.9749642313891422,0.8696022455259413,0.797543213684833,0.3659547673852001,0.9789125559355559,0.6291735786225948,0.9690631458406581,0.5666535244718446,0.7684835251215926,0.0945392031223702,0.96699301599154,0.693363346807012,0.7291409237053377,0.24954270170532353,0.7305123557221705,0.16292002823575513,0.8342197050703895,0.346910175704962,0.9806633220718239,0.9113067296720118,0.9885070858570536,0.8389887860849718,0.9683091137817872,0.7183771812886782,0.9502052766748912,0.45562514892372274,0.917554883228341,0.1445343016168697,0.8317907039645109,0.49179640624491117,0.8042670319284859,0.39083403435184105,0.9496190451986368,0.6504730329408631,0.530894663747431,0.23066024860194229,0.976753648529715,0.8794512824793357,0.5757073078501649,0.1783076701916721,0.7173718880788741,0.48721946366331564,0.6194859265488106,0.2501105373440418,0.8702433347847364,0.1893028192782028,0.8546693350199662,0.478583923152816,0.441827532235224,0.9097600424145418,0.576279026089268,0.8895305251305877,0.4821563294583797,0.9486243246020629,0.6001069734451961,0.9673547100800179,0.8338099661824582,0.9668910604701176,0.5916590979524379,0.7025138003972103,0.12019835330759822,0.6164554205944397,0.07000102983327029,0.7675574618030502,0.23981777707459484,0.9599886736790348,0.8221012057788173,0.9678147462466565,0.7970398595149891,0.9321986567335052,0.5648326964988573,0.7752021398251406,0.3603783487092334,0.7458581045391712,0.23271080385389195,0.4869454798701888,0.16990121841458738,0.9566884801039146,0.743689872838003,0.562396544329952,0.10738005156077852,0.699836193659451,0.4290076514210105,0.5714208244128802,0.19323363172206331,0.8015020660495513,0.44079466075863527
22,3.3755569559770033,0.5153163896549154,0.9504907936768099,0.6898570730660799,0.9347262305122807,0.670105980426287,0.8551227872425142,0.07548574814575457,0.9708918965639135,0.6908290483074652,0.9707881313548881,0.8798335460536242,0.7349866339367488,0.3603436107442425,0.9694076085991726,0.6106333739581724,0.9663293127814443,0.5973067141117161,0.7652056280189041,0.06686010134106836,0.9651555792776032,0.7110912629640382,0.7219349279466799,0.2663032446451144,0.7253800243149452,0.13789649674475146,0.8147179402598917,0.35985098605091503,0.9856169920444419,0.9384921624782859,0.9708546143234598,0.8369351402597549,0.97539492664232,0.7699185654952536,0.9738743759947827,0.5505423277436862,0.9418297420680264,0.21251068020951158,0.8467998148489053,0.5253347428529096,0.8374964176183208,0.4269845142018364,0.9330566915385206,0.6532294976246061,0.5500398301237395,0.24493173023963893,0.9814690821114013,0.8995475641084796,0.6262805012805013,0.16025824935331315,0.6881116662883041,0.4693344498271111,0.5899993712027581,0.2194538386690087,0.9092123505408081,0.1854611137724051,0.8575990322634106,0.48923450975537147,0.4245360363717672,0.9242187368922623,0.5501619196430485,0.9024729738396745,0.5004093838166064,0.948702388614553,0.6036748882402562,0.9616617157617818,0.845736060213287,0.9665779528373954,0.5661899267125836,0.6859698696932569,0.11004381452197409,0.6283750123015123,0.0679341236951337,0.7520032820304454,0.22851203138593762,0.9591806855497216,0.8250896771611292,0.9382104757497978,0.7623632146100978,0.9362719187289321,0.5550948844619246,0.8106845553532529,0.37911346896231907,0.7608717966007724,0.27009550175375313,0.5035204475308642,0.1748697868134453,0.9604496779177901,0.7491840939031228,0.5972762112031342,0.09597782545596388,0.6667757225788452,0.38390431962154653,0.5487552300118457,0.1500710221641049,0.8028877029553244,0.4343569968409019
23,3.339792800679396,0.5781968149859631,0.9643708710433742,0.7166058681033783,0.9371963792242048,0.687662881908832,0.8618063583537063,0.060559185483809015,0.9577181478210658,0.6578382295250526,0.9708737726824346,0.8655149596310482,0.8763479580658228,0.3910974606992448,0.9905381725355745,0.6640547715616533,0.9602770671646568,0.6001126654514158,0.7606788075742693,0.08696743516427716,0.975306360277693,0.7226708338864088,0.6954836855237,0.29074058056992746,0.7197043091378078,0.18815143076107604,0.8382164492293205,0.3674744185058254,0.9841253773747658,0.9291418806144022,0.9897339383839061,0.8964202350026185,0.9444024372078652,0.7016499615538578,0.8642470344708746,0.39428250736507914,0.9383480327426104,0.16957692204161368,0.8548866399949924,0.532085326746608,0.8711055677160395,0.46481940223529256,0.9848747554413707,0.7622022274126358,0.5519184209290415,0.27455329698026076,0.9721428911418916,0.8901090912254062,0.6673962298962299,0.21616360981906388,0.7167767295345421,0.4956441863409263,0.611120207164302,0.24148294916683175,0.8758192656414366,0.18010568603173369,0.8642746617138332,0.49806251865882517,0.47611239472311245,0.9410946240239455,0.5610071532144623,0.9013682327706001,0.5454835360429288,0.9372769181121128,0.561708645906671,0.9550292836145772,0.8206880708638467,0.9875741437997233,0.6272436325793312,0.6547105373747417,0.11058082701592224,0.6111439718000897,0.07782481412281397,0.7646682592278649,0.22645880369794402,0.9574764144731065,0.8126582119057187,0.9734009066807722,0.8199994739312614,0.8801386415825226,0.48775399177549994,0.810919278741061,0.3172652786802435,0.7837646988308365,0.25085841386787205,0.49324183763011376,0.1767563015435982,0.9479962015243877,0.7406099681897261,0.629734861478025,0.12106743488015596,0.6893195062361205,0.40455261049794894,0.5561891824336808,0.1754692918400172,0.8041693055741267,0.4354436922531091
24,3.2957449664400484,0.6024198156567538,0.9623932484609905,0.7537689825497742,0.9215194526239558,0.7314736632166147,0.8700325361667914,0.1272484983060354,0.9761172358468475,0.7744154881183861,0.969507036879103,0.8426062659316651,0.7970195184561768,0.5400906837172065,0.9628217170816697,0.6447520054972566,0.9679647915159372,0.5837472182014259,0.741303401113742,0.08682975999361145,0.9510861596652898,0.6669887510284587,0.7511236769037128,0.30639290428654986,0.7262324219900911,0.18685659590011883,0.8190241073925747,0.3753051650908212,0.9908528943449536,0.9539250749060438,0.9795701926363384,0.8384208393314154,0.9736028293050213,0.7760133229137295,0.929184625517149,0.4869832958409417,0.954288544778323,0.23857216419686747,0.8607333586330047,0.6113694324957611,0.8650603485541557,0.48655488667850066,0.9300510878265288,0.6510058890172297,0.6020179448013973,0.30668347958209347,0.9857260520467885,0.9229227503216025,0.6089125285553857,0.19464005817321356,0.7045712897590541,0.4875255934821933,0.5881230510971591,0.23293949536846137,0.9015754145168563,0.2153576976904488,0.8626079802395926,0.5193848134013491,0.48803756428411715,0.9426977527675154,0.560072632802161,0.8678063855613436,0.5424487609582468,0.9540531087685897,0.6495572990211799,0.9618646704423296,0.8112913935461317,0.959588066126227,0.5802433237670306,0.6823734799923163,0.11776890722866928,0.5964214199794915,0.0675864937113112,0.7384966934506504,0.20229814365594811,0.9631840607641022,0.8173624889846947,0.9564709322894255,0.7899689407545459,0.9215637386946144,0.5445613346029793,0.8017580287191863,0.38611571601602357,0.7777679130001536,0.2923395003531044,0.5309832636115146,0.1912509977973988,0.9560294655095042,0.7524679141516101,0.5816294041551492,0.11879427949838486,0.6769622388898455,0.3819129248367205,0.5453854722496929,0.1807501427924667,0.8008353386095363,0.44371062191547817
25,3.248462911511157,0.6037613972323669,0.9156189451808026,0.6457856804210241,0.9260019001695399,0.7174322882230172,0.8260745206132917,0.06381022710319244,0.9646918735970059,0.7523023855262742,0.955129890780123,0.792152152413029,0.7149671025003369,0.3431909740613781,0.9220271536845236,0.5635657016342882,0.9638928929411521,0.6147319549710883,0.7277846285071392,0.07614611768218113,0.9429450368411658,0.6604197176772174,0.6881798014532985,0.26647400435256074,0.7411822676222184,0.19305150581955022,0.8009482674010757,0.36806643714109955,0.9902990664366413,0.9563322723342763,0.9399836431031517,0.747056714557054,0.9398068402596054,0.62657796162193,0.8343854087105779,0.3345363578473886,0.8809400370078239,0.16328766410413706,0.7992750558559923,0.4625338938721213,0.8164630846151364,0.39316740558229457,0.8867769807967418,0.5909839708062055,0.6204006136656909,0.29535996183816626,0.9692790274756198,0.8647087146803435,0.6301311479882908,0.18197373171811754,0.7266224758962989,0.4985659770637377,0.6015511980084066,0.15994353004932882,0.8486577861351193,0.15738813619452055,0.8360746906387692,0.4625757570109453,0.48550346575240366,0.8783075121388135,0.4689119979297388,0.8764341502348086,0.5224461210373499,0.9292873458776612,0.6284281868507152,0.9490426310148498,0.7548419099263604,0.907267736845752,0.4726796682646694,0.6302951743404892,0.0879302499179395,0.607973113610903,0.06043537222009802,0.7115941140619417,0.19091145786452415,0.9603455113233943,0.8217320807956311,0.9022489392698565,0.7120059399943364,0.8783700410023033,0.4438569690290398,0.7105362269109414,0.277963404862572,0.745055311433527,0.23070404299510788,0.558514201880598,0.17777500492183693,0.9406669495851805,0.693869344978485,0.5874581032021872,0.1109644739177574,0.6898832509963422,0.3850211354980199,0.548941825966941,0.1252835370758059,0.7784567855386939,0.39809782767111046
26,3.2003664793883733,0.5858736428908599,0.9501490965314999,0.7042439284363083,0.917378678450203,0.7470486251159486,0.872933188813637,0.16311083615917799,0.9659339971123814,0.7974809397979548,0.958819415656481,0.7978737558372067,0.734678478617162,0.2232463446766908,0.9672582013301811,0.597085107541468,0.9767424710612149,0.6683809436550544,0.7437716577928816,0.07320212705705074,0.9620699560769573,0.6932828832530107,0.75310149807362,0.3544785302619772,0.735251293591485,0.19774943516568505,0.7816981993250698,0.3783339293151546,0.9931352571027445,0.9660577023668503,0.9851920232957319,0.8331185624848061,0.957127408164929,0.7169681317277549,0.8835915411552924,0.39277182494884516,0.9431472149943544,0.28132763653517534,0.8474143520277578,0.5416651580724082,0.8024215861779653,0.4032137338028214,0.932555390571087,0.5904545893788706,0.6100816103804325,0.2918046505833553,0.9793580703974675,0.898697460384459,0.6775592668449812,0.20535733649013985,0.7281448417950603,0.5202306019254613,0.6005674994882153,0.17523133269218383,0.854722004939908,0.20420062084660992,0.8561038592506927,0.4969117306856455,0.46135499739136915,0.9126606064876801,0.48059426029731717,0.8703648145640777,0.5286252836463922,0.9400675713438368,0.6512603108450824,0.9539403030596452,0.7616369746101301,0.9532055380583644,0.5212473567501116,0.6679505246545394,0.1056173858522014,0.6096216437267897,0.062316943577287925,0.6988793109487415,0.18875603147992137,0.9629700642702864,0.8303221661494586,0.9499230366494718,0.7677233201811082,0.8845847625099131,0.48276435170928206,0.7406860085839523,0.3124920847677247,0.7315247075218305,0.2270157221901227,0.5422149537541354,0.16567076652209906,0.9457951354402976,0.6956395540143335,0.6269347639548396,0.1003702947856064,0.681216287106708,0.3748852329020106,0.5500986230805178,0.12329798946042847,0.7901465919842015,0.41001311276336766
27,3.16383876306475,0.5893269732429008,0.9160018459634912,0.6576844830890081,0.9157420925874488,0.7072597298350821,0.8392614299755906,0.10879169638612553,0.9531613417087624,0.7245519215270153,0.9485589083921597,0.7869238675497973,0.7533243480199606,0.16055114018630173,0.9801336638847146,0.6042452936621691,0.9626202566539173,0.6155322198850407,0.6062825369440857,0.07451289112186117,0.9620740339332009,0.698822662396438,0.7172326541247833,0.3699283311194722,0.7716853090428014,0.23769893832311365,0.8184437548289687,0.3998189857518685,0.9929283218546521,0.965589350851571,0.9796790453520203,0.7602178286309643,0.9321113689133379,0.670588128489418,0.8848195639529268,0.396978291948615,0.8915012958807497,0.32871864571072973,0.8303379977581381,0.4777901150389818,0.8188649377408423,0.37514737510271834,0.9510054971451493,0.5368611585844667,0.5732553488881782,0.3241196152225587,0.9705667284049132,0.8949013403205225,0.5763353352639067,0.21136259663560628,0.7181171827828907,0.525383935226894,0.6075042849006692,0.20475258899595217,0.8761889495566799,0.22426185647111108,0.8425088160909239,0.4830738884467927,0.44689572929865096,0.8675221720003623,0.4512010553234489,0.8586860214594009,0.4346209103765675,0.9220937381123654,0.6033209641382787,0.9429976766337098,0.748860436107184,0.9759051836415733,0.5313834913882508,0.6306613375260497,0.09472266742595156,0.6310545748622869,0.06958823518637972,0.7181860214225166,0.1811559638578235,0.9594444907838282,0.8171648125904025,0.949707627590613,0.7023500103422187,0.8636820437193192,0.4516757039422843,0.7275553844479968,0.2334073228185926,0.7463458491138558,0.22495807984036498,0.4968474280465788,0.17164901376746794,0.9386061577234824,0.7009980481227852,0.5275921659188834,0.09350234410721249,0.675232450162872,0.3646047121913404,0.5457997978634384,0.13677476014918585,0.7765511178349518,0.3895521406486522
28,3.1160470206546016,0.5561849395046086,0.9604035240519286,0.7653120836066937,0.9068424677594878,0.7408071391899447,0.8531543154902161,0.12387950536735816,0.9722672955730671,0.804709016265068,0.960158310223507,0.8342736789432469,0.7702842184772122,0.2670569102798199,0.9798849527855411,0.6277693498368154,0.9675095586307199,0.6872862170119379,0.7263478086350066,0.09658020345327696,0.9685855094737663,0.7157665654410407,0.6888527875474688,0.2504349414329866,0.7001629638199471,0.19136909817164377,0.8124324497842599,0.3640840840003505,0.9946594416120368,0.9771587355719321,0.9771164307404844,0.7977587163021258,0.9568634189411299,0.7090066888817149,0.9139763140942009,0.43744227263436425,0.9484947218215675,0.22495982481540622,0.8701051083547352,0.52116669838554,0.7550829682791883,0.24040195183877108,0.9316758892230455,0.5381295085510989,0.587274045116952,0.2896865422013675,0.9766484881829355,0.9050595017597797,0.6332304725161868,0.22160386510377866,0.696990987490263,0.5167346263491546,0.5793089256682064,0.1895793449186829,0.8815526801505863,0.23823162197484532,0.8507357797942092,0.49171291452921284,0.42356711634493555,0.9248879236001356,0.5417710368979162,0.8479673666982595,0.5132228853020928,0.9391178225729392,0.6364008147053128,0.9534065596543291,0.7986406945820095,0.9719560368817989,0.5583217488763913,0.6060396209551882,0.06683626194470568,0.5510353411610893,0.05789010199277294,0.7259170070124066,0.17477762601067048,0.9562726453251854,0.8170637287621957,0.944919560172975,0.7348830307783217,0.880526811567222,0.42917341810613147,0.757226589100161,0.2830139309685935,0.6877797881944835,0.17867787485972453,0.5145553752622448,0.1557558490112787,0.9379293168249229,0.6815756711089042,0.5880815198137068,0.10572364939352112,0.6545404145370508,0.3511093606111861,0.5242392166664855,0.13624456715609454,0.7759110508889214,0.40117123617043465
29,3.064247925365458,0.6102705522844153,0.9522970652031558,0.7711356780017905,0.9373540966849745,0.7543504550692047,0.879933850500978,0.1450991976769356,0.9641588942210437,0.7364858265890212,0.943257813889043,0.7822313593410448,0.8300011570066357,0.4727221165995573,0.9878831616128171,0.7172797475026486,0.9711601568084111,0.6912322506776475,0.6751174433721284,0.0993763723047434,0.9600329309546443,0.7251077807543993,0.6874809762584337,0.2939277592405767,0.7334573385813171,0.2572331423505534,0.8087548695560411,0.3361241544108279,0.9934176459116534,0.9713446421866783,0.9893536359848093,0.8194327480496323,0.9743622465487066,0.7858858611764425,0.9474600331576312,0.5041321164356862,0.9265109096515629,0.20193776685790837,0.8919728015444042,0.5460251308667463,0.8261229348787709,0.2607756961564644,0.9653233408387389,0.7079995613390199,0.5753395713733006,0.3167862053464464,0.9857561978573142,0.9181838936081186,0.6062487401773116,0.2434576093130197,0.6884191013312236,0.4994822750010939,0.5880316970126743,0.1926988418425905,0.9166898762711017,0.2478705090768568,0.8594777217477343,0.518456248065765,0.45546694492062306,0.8953022707215506,0.5191847982122111,0.8782241360061381,0.44371844829232,0.9307096253107685,0.6144242486694075,0.9347195222198567,0.7441503656303651,0.9763430519486785,0.6162402292682356,0.5881662300150501,0.08351029828778048,0.581656545857743,0.050927246875320034,0.7181352322640756,0.1491026432776084,0.9526160655229131,0.802070652072092,0.9618642550011457,0.7223613214533888,0.901616220807651,0.47490988608373136,0.7825862256555326,0.2844749957922039,0.738611988327096,0.2067092683108608,0.4878723592703542,0.15304163235060575,0.9504185981881974,0.70340417025526,0.5625634806630029,0.11269877094705924,0.6446515883853452,0.33630384675543146,0.5282676027255834,0.12735875776416195,0.7785736110494823,0.39692175446100236
