epoch,train_loss,train_accuracy,train_1st degree av block_rocauc,train_1st degree av block_prauc,train_abnormal QRS_rocauc,train_abnormal QRS_prauc,train_anterior myocardial infarction_rocauc,train_anterior myocardial infarction_prauc,train_atrial fibrillation_rocauc,train_atrial fibrillation_prauc,train_complete right bundle branch block_rocauc,train_complete right bundle branch block_prauc,train_incomplete right bundle branch block_rocauc,train_incomplete right bundle branch block_prauc,train_left atrial enlargement_rocauc,train_left atrial enlargement_prauc,train_left axis deviation_rocauc,train_left axis deviation_prauc,train_left bundle branch block_rocauc,train_left bundle branch block_prauc,train_left ventricular hypertrophy_rocauc,train_left ventricular hypertrophy_prauc,train_nonspecific intraventricular conduction disorder_rocauc,train_nonspecific intraventricular conduction disorder_prauc,train_nonspecific st t abnormality_rocauc,train_nonspecific st t abnormality_prauc,train_normal ecg_rocauc,train_normal ecg_prauc,train_premature atrial contraction_rocauc,train_premature atrial contraction_prauc,train_qwave abnormal_rocauc,train_qwave abnormal_prauc,train_right axis deviation_rocauc,train_right axis deviation_prauc,train_s t changes_rocauc,train_s t changes_prauc,train_sinus arrhythmia_rocauc,train_sinus arrhythmia_prauc,train_sinus bradycardia_rocauc,train_sinus bradycardia_prauc,train_sinus tachycardia_rocauc,train_sinus tachycardia_prauc,train_t wave abnormal_rocauc,train_t wave abnormal_prauc,train_mean_rocaucs,train_mean_praucs,valid_accuracy,valid_abnormal QRS_rocauc,valid_abnormal QRS_prauc,valid_atrial fibrillation_rocauc,valid_atrial fibrillation_prauc,valid_incomplete right bundle branch block_rocauc,valid_incomplete right bundle branch block_prauc,valid_left axis deviation_rocauc,valid_left axis deviation_prauc,valid_left ventricular hypertrophy_rocauc,valid_left ventricular hypertrophy_prauc,valid_normal ecg_rocauc,valid_normal ecg_prauc,valid_t wave abnormal_rocauc,valid_t wave abnormal_prauc,valid_mean_rocaucs,valid_mean_praucs
0,5.250129085835151,0.418975650713686,0.5123998099160463,0.042714309486808544,0.522357745295677,0.18845826876062646,0.5337216315933023,0.01963761734931261,0.7292846485795769,0.20301739356835002,0.8726522939282376,0.5864421549010551,0.8137282642500304,0.25759971929101827,0.466461463241177,0.017369535931029682,0.8102906184873397,0.6601245020120938,0.9059734423543345,0.13463398808498225,0.5428441487106279,0.12262882492038632,0.4408106611683942,0.0319338059934972,0.3948678452520644,0.013841988026275849,0.9022395446602147,0.7173459588554705,0.5549798009342068,0.024892504886302475,0.5327980801729257,0.028020437888677877,0.5905888108633783,0.01969802562442241,0.637528365811791,0.055421118258363024,0.5863434541438808,0.04496790215464616,0.8000406696663976,0.24463214612855463,0.7740183067722676,0.24465152632275172,0.7896389543858828,0.28171670030270146,0.653027074294655,0.18760706803558697,0.4368131868131868,0.5282594885311152,0.18765678614685324,0.7238291019404345,0.20974563842855026,0.7957372779620321,0.2848614224977723,0.8195850804914523,0.664330777795579,0.5388597849854228,0.11959655779278079,0.8863190692110684,0.6740180194665418,0.763598753328927,0.24423761418642476,0.7223126509214932,0.3406352594735004
1,4.8017949621037355,0.5142355545378215,0.5824464972029313,0.060500864983732215,0.4878249893253861,0.18549108321829136,0.5785317682715363,0.022492696142209403,0.9172613799823675,0.4885041463185421,0.8984581478954179,0.6359645544575686,0.8387212396217576,0.34686665883618634,0.5096751457272393,0.024558135945072272,0.7122105712269647,0.55341514050731,0.9288121073157454,0.22297787879609993,0.6729910845516995,0.23920392155011008,0.45826541166559953,0.033358630625492054,0.5603571871494942,0.02527966401460821,0.918082295226933,0.7725382620809801,0.6699033919681215,0.07452178044095722,0.6067397788398929,0.05262962489895586,0.44035933332935584,0.01447853926049908,0.6760094653510209,0.06886172230356233,0.6349680446030292,0.06090710691649918,0.822620978879353,0.24091480250632105,0.9283483967766194,0.598953946956745,0.8049172021551452,0.3585327740737881,0.6975002103364577,0.24195009213493002,0.4874084249084249,0.495262364746928,0.18909548862138298,0.8985356231820131,0.4806867030801173,0.8346277494048466,0.39834268809715867,0.7141046242266077,0.5529560593318551,0.6792530293367346,0.219484523943637,0.9029571514014487,0.7142714671016216,0.7851560966031809,0.3108686144675642,0.7585566627002513,0.4093865063776195
2,4.587665406613575,0.506526219372567,0.6670137644126155,0.09890716862657963,0.5965552597503856,0.3308765464768674,0.5766937725343192,0.024059352086587014,0.9290649550440281,0.6140460614582227,0.8840736256458878,0.546574492548143,0.8330862206072822,0.3316044234553438,0.5793267338049096,0.028541390580715413,0.8214699591909491,0.6474350468302017,0.8704704144438404,0.2787727192931084,0.7771277404990953,0.38784021423509624,0.5039576012540953,0.040493648522292466,0.5594962119818305,0.025513323929701556,0.923655687887316,0.792763794957502,0.8079757561212795,0.1374269697813691,0.6564866009284065,0.058770569342955006,0.612398312441456,0.025137605710341064,0.7260089808223554,0.07943932091879505,0.6742840553281416,0.08585226022873296,0.860326040647438,0.3408377397207336,0.9139142576385952,0.5517915379620545,0.817576489026586,0.37369685335383346,0.7424267828576576,0.27620862095329407,0.5013736263736264,0.5879326402180908,0.3178881661378004,0.9070913456536847,0.6034367801367192,0.8512676256943456,0.403483203450131,0.8128375802715305,0.6169452210672489,0.7740408049380465,0.36588841436064024,0.9089239797770156,0.7541894245583344,0.8052189832495859,0.3477037054628386,0.8067589942574713,0.4870764164533875
3,4.425171027610469,0.5639264178307,0.6077916079601824,0.08806835081892173,0.6202338337696568,0.34864103515833383,0.5273454385161584,0.021380309538957566,0.9179293839657627,0.6510428285851078,0.8438813204051823,0.5246578697906489,0.8204007999464603,0.37051158613406054,0.5204113381506927,0.02414946777837519,0.806100346569649,0.6026960787155204,0.8501103188702049,0.3525110276139509,0.7357332850042271,0.35805845939350656,0.46674957667491523,0.03906390720231186,0.5883042979934884,0.02694346748474958,0.9359967295262024,0.8286925190174433,0.8097809851294379,0.18477198990765467,0.648982323613262,0.07448482244785884,0.5616636039830797,0.01870490588971649,0.7585940348172274,0.09824008524629214,0.6803025174973503,0.11679221337284698,0.8622743152533064,0.373002963925455,0.9017953983613612,0.5472547545980889,0.8364294521218552,0.4340234747906605,0.7286100432442697,0.2896996246385934,0.5748626373626373,0.5930090891709138,0.32490880240273695,0.9148522514949626,0.6618290320892792,0.8489277066758907,0.4277818105796308,0.7981661437410198,0.5762680808245655,0.7395277195699708,0.34067377944855876,0.9171414842116563,0.7571124481249618,0.8154511992433691,0.3801553218984909,0.8038679420153976,0.49553275362403193
4,4.323884073627531,0.5362949393176093,0.7826966076683868,0.1685727247664554,0.6528782364278203,0.4087625589909328,0.602913518775543,0.030572901498665712,0.9659705243019243,0.7482125688661124,0.9230117298078154,0.6457995433416308,0.8733689575894527,0.4621339183520388,0.5983130246498102,0.03036362032264451,0.77658613290243,0.6308538233914126,0.9612779864282553,0.7570952165871039,0.8106305016652425,0.4110719550193844,0.5099476724338518,0.044517683006101996,0.539199412342711,0.02557482112692579,0.9126819569504586,0.7479438507087336,0.862519795959437,0.23461846631681824,0.6880548336525407,0.0839850048354992,0.46699722270283817,0.01673397950283812,0.7813106600650471,0.10436725966464752,0.7477390284335058,0.12548773802226043,0.8589820481293395,0.34866924007500294,0.9390367549634708,0.6241213975959938,0.8398024047816031,0.4180272813635146,0.7663770957443564,0.3365469311121294,0.49793956043956045,0.6323871357701331,0.39326104223917935,0.9581144119813406,0.7471770183086144,0.8853134474128636,0.46933869091258396,0.7592153183004429,0.5941554463372134,0.8017111197157434,0.3850028738736806,0.8982900434006921,0.7030977727033856,0.8202802520996784,0.36803903471642657,0.8221873898115563,0.5228674112987263
5,4.223698322686173,0.3939393939393939,0.613588251477736,0.1113362314719315,0.5970630586254573,0.3329192146195667,0.43657348030652726,0.014565601351170871,0.9501107391054493,0.6815794111138751,0.8759173347799335,0.4726381063963799,0.8105556788522027,0.2484679859562533,0.48477420215130235,0.02016805598975096,0.7583807690686508,0.5233184612617889,0.8301972670843282,0.4679530501868977,0.7299106055512241,0.2979220120499224,0.44186154339995004,0.029910865543706516,0.43444084654267534,0.016278697550437794,0.9297082540863376,0.8212957268023429,0.8435250494664622,0.2385761568934483,0.5495158900348104,0.04895587536297479,0.5429824770746201,0.01901792587514067,0.6262438602699526,0.059961133267042555,0.7266012753687559,0.16884378536989922,0.8794980012999475,0.43050833152101514,0.9542951297867731,0.5988283639507956,0.7510541759771258,0.3719199677488933,0.7031808519195343,0.2845221409658683,0.37957875457875456,0.5902739086724382,0.32623806634950675,0.9353243975414782,0.6732233342745367,0.8409160274279204,0.3067926707777904,0.744996041403982,0.49789129691670364,0.7294301202623907,0.28199872405093146,0.9130639150593755,0.7754308964383023,0.7272500504697141,0.31915002091747235,0.7830363515481855,0.4543892871036062
6,4.15247372057354,0.4085184337073506,0.6841600040017676,0.2209457043932603,0.627284899471851,0.4018348999445532,0.47775231138111746,0.017439240672530956,0.9180224994021339,0.62858776233427,0.8847621194706624,0.5510853907577922,0.8189561992898114,0.374243388187615,0.4842624106269764,0.01982903838465415,0.8342283138168706,0.6803181631468855,0.8934742422562733,0.6046777377940421,0.6789456251960221,0.2458494439586611,0.4508837601118224,0.035025117308514556,0.5026296028270786,0.023497900446604304,0.939935755542611,0.8366052569102717,0.8164275527256863,0.269175480055667,0.6426596784757481,0.08273552525898976,0.6396673209672512,0.02575932736701757,0.6366986522417472,0.069018715529517,0.7514707169838717,0.21742055046731062,0.8752416819623855,0.3080209610321127,0.9499275303823106,0.73396442339195,0.7933014674076483,0.42276880642460585,0.7286043973591261,0.32232394446508694,0.3532509157509158,0.6129472885652433,0.38742381857470837,0.900205986508924,0.6301655307908238,0.8400848474983214,0.4434712937602005,0.8202812069319414,0.64701978300095,0.6602103452988337,0.2054782004204251,0.9190306156354955,0.7668131973686889,0.7673559124232929,0.36778677764984924,0.7885880289802932,0.49259408593794934
7,4.092149119096515,0.5237004808793222,0.6793802262666011,0.19971756198843882,0.6895766902051134,0.46422556463729525,0.5683412533550009,0.025211435504579924,0.9478487523334629,0.6278962537966998,0.9001047376158338,0.639799053161677,0.8424024031856137,0.44193242988811626,0.5504063853294896,0.028712200533594787,0.8028659807348333,0.6556147192153136,0.9423800214689174,0.7051259404228402,0.7505608899946512,0.3547640566287532,0.513717600982352,0.0433771338385765,0.48888347159361156,0.01942041264211255,0.9230318976468028,0.7903976593826134,0.7973749964064162,0.17593601303322137,0.6275785622492568,0.06573092549815122,0.6373121371764046,0.04518176740484514,0.6804011329282673,0.07564856948264312,0.7529375191735941,0.23959731953269944,0.8951940021298062,0.39719778165495845,0.9166720786216449,0.5997663146079028,0.807643397571025,0.41816933786450927,0.7483149589032714,0.3339724976533116,0.4926739926739927,0.6649128397645574,0.4394386434057336,0.9208362636127954,0.5974924997052996,0.8496032311229577,0.4829395359433439,0.7922609447849163,0.6378421330042254,0.7268244351311952,0.2976311882240312,0.9045051861015546,0.7339061424514208,0.7814907509063806,0.35653685991596823,0.8057762359177653,0.5065410003785746
8,4.045845524553725,0.3967636058316159,0.7312385470249361,0.24115668672867244,0.5670132495522744,0.24718300010849645,0.4434287557673259,0.015061884431887069,0.9636766810749456,0.7659462866195589,0.9293063867132852,0.6958219751976009,0.868168149178992,0.45990656970156274,0.5084321780983707,0.020673075338942963,0.8266990391226972,0.6467955834046002,0.9711140763813968,0.8508143341498546,0.7224585885069355,0.30096498144393374,0.4825629128162625,0.03532967076637218,0.493473351677181,0.02389503455813892,0.9369644248247208,0.8273535947767365,0.8647265688961884,0.28938006273328437,0.6097343768200072,0.09763150554662842,0.5792189709383148,0.0236190446758971,0.6465341664553119,0.07778647124765144,0.7676416639441053,0.2580617276686215,0.8794401663998578,0.4705327159987415,0.927370147980046,0.6005634756815312,0.7936171648630059,0.4364946489717497,0.7387056936683886,0.3516653490357364,0.36675824175824173,0.5468305088578811,0.21113100703639717,0.9474047780547382,0.7362390831812532,0.8850926811402526,0.534597505702842,0.8135152332639357,0.62007167413351,0.7017609443330903,0.24485808672862122,0.9153006609787393,0.7764650056274919,0.7746760950545212,0.35742568951698234,0.7977972716690226,0.49725543598958544
9,3.989846135958325,0.5553774521028929,0.8117988778377117,0.29634542410135395,0.6268784605621341,0.4101137383278692,0.5250507923463607,0.02537045086163931,0.9588165639288557,0.6873829006715433,0.9329133261003321,0.7606554779212846,0.8942789754229048,0.5093678028631871,0.48960923510661264,0.020131356895509496,0.8116234685344297,0.6811170738732396,0.946753569815892,0.5485638595108119,0.7185741125885805,0.3045384258285625,0.4774831816383063,0.04056796696077149,0.5043205485164788,0.023583264490818483,0.9326485363577028,0.8064755905003961,0.9062090253325783,0.3864571205809761,0.6675555860017224,0.08099141716476223,0.5857811185556862,0.07618726992021095,0.6533402069572302,0.08332778957165728,0.8040367933707587,0.2653168149079542,0.8963619172207635,0.497237273869981,0.9238789818079409,0.6870301455515058,0.8100567627646501,0.4207895436129002,0.7560938114651254,0.3624547956184255,0.4803113553113553,0.5976196692865792,0.384202733324961,0.9432184663784243,0.67044107229675,0.8978869513907258,0.5820180889118257,0.8008990411400756,0.6626133535522931,0.689221369351312,0.2588638354012958,0.9071079496367941,0.7325783982198798,0.7938424183427681,0.36503912448688963,0.804256552218097,0.522250943741985
10,3.939149323879021,0.5387375009541256,0.8374665477252452,0.30325644401440566,0.6796197187809352,0.45057381132867197,0.572043237407664,0.023166645180048663,0.9759890670788076,0.806556313364974,0.9550182217283919,0.8247817255701826,0.9206841348216851,0.5666704422948141,0.4513661531818702,0.017405963415946194,0.7397794612355847,0.5972307012597792,0.931359625997399,0.5461188232990677,0.7657670409892734,0.37299199832104624,0.4932028512664086,0.046109734954464396,0.5048309326878915,0.026098805640950164,0.9503055717363689,0.8674239428601587,0.8751876475712999,0.3373020381314526,0.6597244234694755,0.0651218949922798,0.543963927951363,0.03366144069813863,0.7353412535391476,0.09778957477879596,0.805946679080123,0.31041887224103487,0.8945393975044136,0.5007791592470813,0.9541537108510811,0.7340536050711212,0.8137940652983064,0.45971487817167034,0.7647658890429874,0.38034413403981354,0.5641025641025641,0.6541460476189498,0.41357287651754837,0.9575418110999679,0.7779290938006812,0.9001983844385212,0.5726156909400447,0.7267079142597426,0.5712464676540665,0.7356220389941691,0.28960478393264,0.9258111430893727,0.7992527386733083,0.7817291338843981,0.38567349599777223,0.8116794961978745,0.5442707353594373
11,3.892854775083801,0.5259903824135562,0.8032399309695115,0.33599574344280486,0.6651973923970688,0.4568534998263799,0.5443417361760431,0.02464358978707295,0.9229308473995494,0.6693290923845295,0.9588764793936624,0.7974863302762814,0.9106560781365026,0.5155851041293893,0.5654199420900905,0.02761837636100317,0.7390471957010049,0.6214252594104436,0.9727895892875329,0.8090663558188496,0.7959074617596547,0.43724034155644265,0.5225140160090762,0.047996043888381655,0.5426995302285076,0.02605743115172107,0.9399051422235012,0.8368262571087739,0.8584352973674969,0.335365892388884,0.6199042186930129,0.06357497530647596,0.5199929598052611,0.02097058132025346,0.7287005375594927,0.09650433717356413,0.8138312524422977,0.3241240595694029,0.8847628295714579,0.498790900364429,0.900669433541294,0.5541659842133962,0.8328800589913592,0.4752349178408975,0.763938187130637,0.37975500349139896,0.5059523809523809,0.6527788685513864,0.41887387089084765,0.8846259160157631,0.608378676216606,0.897980548151464,0.5085845327698424,0.7211409553411723,0.5751379041727469,0.766322259930758,0.35370634953430496,0.9169364938988545,0.7763847999148088,0.7936460704142388,0.365235207500092,0.8047758731862339,0.5151859058570355
12,3.8448946725302147,0.5517899396992596,0.7844593028587626,0.3223185208151284,0.6233484754305789,0.37574091198936577,0.4717318249567206,0.018929097059946914,0.9548895642893603,0.7336140566024875,0.9174814696277688,0.6323325934000424,0.8801829700374384,0.447954542589288,0.46241761172421675,0.018549825583870097,0.8186267591924937,0.6573493971137292,0.9068570523410764,0.5123962287883117,0.6603096134367393,0.23364006726421338,0.4557603631848992,0.034311116398431596,0.4773754669435961,0.02474785064236508,0.9548923480738594,0.8772415204362674,0.8976823884395346,0.4276167384119379,0.6170540278369196,0.08406185173885455,0.6198386199428432,0.045451976934381924,0.6290611438418579,0.08536887443471353,0.8164541645224271,0.3295647311550672,0.8885820940679505,0.49599392484395516,0.9291538170670199,0.6446116398353728,0.772656906162523,0.4252307292676049,0.7399436182846946,0.35366791406215886,0.5132783882783882,0.5982623462437526,0.3383243657015155,0.9205000270487336,0.6922086560503525,0.8825645512442265,0.49682289167509286,0.7984499897369735,0.62627230310847,0.6338813092201165,0.1816262742576817,0.9272281833564224,0.7920849483860092,0.747641474213433,0.36624289436498214,0.7869325544376655,0.49908319050630057
13,3.812197438124236,0.640714449278681,0.9090896812758967,0.4051680972795743,0.7733200677094125,0.5711746573840658,0.6985489376156758,0.03639868821777502,0.9835004979244227,0.8311161570367156,0.9384403153266494,0.5901468292452322,0.9327227606813717,0.6037812007478106,0.6299312319825254,0.036090731735873745,0.8207498562529099,0.7195495623954627,0.9834062032733338,0.8727092347691422,0.8175410359466325,0.45880030524443954,0.623157622993558,0.0925061332266219,0.5976857587143497,0.030545834606809735,0.936307957918968,0.7996003252534131,0.9250940893983653,0.4646919553873422,0.7173897684330324,0.11971318218076245,0.5918450829012762,0.07399968779003291,0.7699829646404346,0.10123221804525079,0.8622577009339274,0.3622631167480619,0.9088193694637489,0.42425886038306887,0.9663518527397946,0.8355833723965428,0.8607675830504632,0.47850547029585233,0.8212814447227024,0.4241826485890405,0.5446428571428571,0.7328717133734783,0.511273566664232,0.9733723944787294,0.7880932634917046,0.9202209697438298,0.5853958680337141,0.7900803448376976,0.6706043118638958,0.7900151466836736,0.37608619906482826,0.908301979869031,0.7242252164830513,0.8214406407026491,0.37945871243050117,0.848043312812727,0.5764481625759895
14,3.7795499852118386,0.4260743454698115,0.8590144813959498,0.30800116765517777,0.6117262859597661,0.3138640738412401,0.5084810578196002,0.01903620356706026,0.964734815089787,0.7731854674857626,0.8252198584129936,0.47585792412446715,0.8402386700496423,0.44904486108158126,0.5263671056474861,0.02392042449322858,0.8550885504598137,0.7144753171828022,0.9706627514283319,0.7890886946639248,0.7231055962177555,0.29608542414470934,0.5687101195500611,0.07906499654375441,0.4592213949773837,0.028776718613169203,0.9517591920666446,0.8713270404485707,0.9455022080228791,0.47042710853218167,0.6579909412575687,0.12452500581385438,0.6401848946058982,0.045942776147464406,0.619762704592229,0.07801233963882677,0.8514472638080127,0.4001176118934861,0.9225028804250064,0.5305791510649044,0.906091605481228,0.6517355352526891,0.7940186982230518,0.46367740224695697,0.761991955975766,0.37651167830646726,0.4507783882783883,0.583403062892293,0.2651765665587376,0.9427174406072233,0.7173845098353707,0.8516328565324435,0.5035455763181601,0.8350939800017594,0.6712259002993683,0.6824326940597667,0.2234591951637402,0.9196532545407143,0.7914095716161633,0.7531309198209086,0.38037260871461653,0.7954377440650156,0.5075105612151652
15,3.7410199566475626,0.4827112434165331,0.7377971937605776,0.2751600835924808,0.5853649197655625,0.3033608874431514,0.5111006112172574,0.02204256923827038,0.9511532572109807,0.7345692369259733,0.933987624723982,0.6391962303076282,0.9153234576819662,0.5264367625895249,0.5273122690270882,0.024564634291394556,0.7769759634272653,0.4970227719934501,0.9599183784568157,0.5777545616169943,0.7288279099869195,0.3636164774741583,0.5860248373361685,0.09253042752800161,0.5489674090064749,0.028511355583877178,0.9513719567399129,0.8843400863052076,0.8199736387192093,0.3178287247450217,0.6347974863135464,0.1118551393342263,0.4759641487032319,0.019842350203197932,0.6047100697420537,0.06795218968718258,0.7522664878673412,0.3133370141173266,0.8013480265538343,0.28908562405238336,0.8988608795772242,0.5979072020054508,0.7596113577199859,0.3579939766596164,0.7362694230255904,0.33547182408069137,0.4926739926739927,0.5717024771639978,0.2614278778819493,0.9210093755071638,0.6681145419798089,0.9129682381427147,0.5484969545635713,0.7546995865466382,0.47951850023525555,0.6919859238338193,0.27928941444599226,0.9192088958638988,0.7985181008588726,0.7270990561472112,0.2832981986599678,0.7855247933150633,0.4740947983750597
16,3.7161344431818972,0.5008014655369819,0.8266844522997657,0.3585979267875637,0.5717358811671143,0.29364426103725616,0.5026478603835365,0.020083395406541665,0.8888763862465778,0.6454003921437689,0.9416769659773845,0.6864081621535904,0.9086799554754209,0.5688313719502752,0.5625800071117432,0.03036404650229685,0.8467009600407222,0.6393711220972292,0.9596410040098746,0.7188023618096705,0.7161606868396292,0.3413471210398419,0.5851865942244362,0.09934232339385589,0.5026766208615612,0.026569191210847234,0.9578080807371901,0.8915400239670392,0.9133108843715978,0.44527298578109187,0.6714714059573069,0.125434265469812,0.6183084589729668,0.07019985090567674,0.6496161029259182,0.09205617531650773,0.7982704795338121,0.35837509211364144,0.8722363253392192,0.447162469690869,0.9064627543188919,0.6348323713908427,0.779146028121581,0.43994935940589813,0.7609465664245834,0.37778972712257697,0.48214285714285715,0.551506466859785,0.23942399186884364,0.8704240825277666,0.6081491928124034,0.8971473335096749,0.5794203899550993,0.8213858018356158,0.5920952955071688,0.6708648414723033,0.24590651021697638,0.9249303493014482,0.7903751784175702,0.7374429968777915,0.33441524674878603,0.7819574103406265,0.48425511507526403
17,3.6676998478102782,0.6178917639874819,0.7910712231235463,0.2683217646002846,0.6029064921198979,0.37878755182318513,0.5164664763392766,0.02669309571324042,0.9231661122275249,0.5251795506023703,0.9030846183987958,0.7019265642992422,0.8419490624643232,0.477801433719149,0.46101605857028555,0.021161153779896823,0.8205773275686488,0.6408746826033154,0.9321910733647526,0.582863499371039,0.6675981537993421,0.2971901852789806,0.551315407334691,0.10497914425460705,0.5029716760634593,0.02418677521703998,0.9600436390688274,0.8918838207463653,0.8853621769993137,0.33443679492310274,0.6461758129285669,0.1256432626620225,0.5716457275563962,0.07375949094988794,0.6938951727244445,0.09985053924937976,0.8116195716930487,0.36810769520196673,0.9045987595751747,0.5368492389611272,0.9125132694055004,0.6418530457471674,0.8202594344947096,0.4864348161600157,0.7485917736105013,0.3623230526601612,0.5544871794871795,0.5834100529807587,0.33142216727056384,0.9059253371728664,0.47902290722200896,0.8497283659226402,0.4993659377922808,0.8047336011494591,0.6003852710526406,0.6287194788629737,0.21133413363958442,0.925699446372796,0.808314614277646,0.7845493538493874,0.37810677824109007,0.7832522337586975,0.47256454421368776
18,3.627443111349577,0.5736966643767651,0.9057171917596938,0.3760647146376414,0.5953668483631462,0.38806979979631234,0.6356351482324691,0.038759414053881225,0.962400995134975,0.7884540447538192,0.939459594831155,0.7155125024302984,0.9507240165028324,0.5846008880964865,0.5381013232922292,0.027961103112515474,0.8983728505104269,0.8118095008502662,0.966058921452784,0.7235420073511677,0.759931973303328,0.4156225187115318,0.5919738922639782,0.10758841117863362,0.4841337983348802,0.02361145837674094,0.9468586467537389,0.8520386308145584,0.9268605701986283,0.4839224023273686,0.6534281535174233,0.11301886202003754,0.7202600248196697,0.0676720553046919,0.6872520341014616,0.09029047927502318,0.8542491887478851,0.4438420736063731,0.919009117332399,0.5659317238240836,0.8652364032976712,0.5718904632904702,0.8021597388077405,0.45566632124316253,0.7906281157885008,0.41170806547881256,0.5128205128205128,0.566811471146354,0.33828868918099775,0.9419234562455526,0.7282487548778475,0.9275652633934931,0.592299102156885,0.8542705920300268,0.736068763508206,0.720225947521866,0.2961230113121552,0.9115962662113598,0.7722338712222802,0.768286767532349,0.34369985063411107,0.8129542520115715,0.5438517204132117
19,3.581844597279175,0.6391115182047172,0.9019927134484399,0.46669957047223504,0.715830050590937,0.4798315006372179,0.6212226196673377,0.03933744291785889,0.9714169965341604,0.81177519438142,0.9198748432458328,0.6749192481283403,0.9391902165996764,0.6521520875081311,0.5468013029729626,0.03603395903734482,0.8797267534329574,0.7466606522654735,0.9659198962425788,0.7171239771218225,0.7674235247084356,0.4183617902816709,0.6493438248886276,0.16545047078766745,0.5837145882651162,0.041204018254151514,0.964954725694274,0.894074474743356,0.911452532820357,0.5011177680207556,0.7184660192135469,0.16121450976800752,0.7651002481966959,0.11712618184750964,0.7299961505032917,0.1272793260047245,0.8434995199038812,0.4847264796773226,0.9063606658464127,0.5585136924288262,0.9134657229026449,0.6709153423626736,0.8587952888523064,0.5293820874977395,0.8130737240252606,0.4425666559116309,0.5464743589743589,0.6807548473179647,0.39272411568823495,0.9374491795911064,0.7292438116376566,0.9167121085722424,0.6146268529091788,0.850712840512565,0.6730269908973595,0.7073358919460642,0.284421152482692,0.9203091213021231,0.7552402733652396,0.8161497553947286,0.39139528605565926,0.8327748206623992,0.5486683547194315
20,3.5550047326166205,0.5091977711625066,0.8460283291787206,0.3460705674064988,0.6930578957176011,0.4830676640186832,0.5206114024099749,0.02496911077078434,0.9407164757658933,0.7015943644761239,0.940412364943159,0.7561132547087869,0.9272349390001456,0.6235986165143776,0.514719403629529,0.022696573060778165,0.8381367062980694,0.6977844451855674,0.9353546292015134,0.578772162049442,0.730381028450102,0.3177260952071867,0.6120246403222875,0.09023527886560001,0.4907290998022517,0.0240088498772549,0.9653232224694183,0.9093546999886187,0.9419264359023395,0.45784934855732584,0.6846856125630856,0.10912889343213973,0.5708576210108048,0.058137386721668405,0.6474943686073543,0.09498147515008067,0.868736596278668,0.4804215042281236,0.8879097890816765,0.4684356611070071,0.9036937047937378,0.5966617920913552,0.7926625573280622,0.4514240585808587,0.7739379439406855,0.3949062762856316,0.49290293040293043,0.6548968653565048,0.40634344376488774,0.9137162046881697,0.6345819539731966,0.9121685962520601,0.5707753939179123,0.803978242383368,0.6214216690181185,0.6778710368075802,0.22170333945998388,0.9183397318256405,0.7773549015503696,0.7538067991692547,0.33050478206728906,0.8049682109260825,0.508955069107394
21,3.5183607921210167,0.5812533394397374,0.9026186565733199,0.44379125333682545,0.6391448190006823,0.4338265311646429,0.6266148334303011,0.03631900300147767,0.9779673350870742,0.8148117037680567,0.9803149811022746,0.8520223087860797,0.9697956977288922,0.7023218080564348,0.6147503587620486,0.0414222293404388,0.8243769002046083,0.7460101419604147,0.9693496729640355,0.7500423878959877,0.7798480824695165,0.4037820748083632,0.7101870612832057,0.21397450466280787,0.49897855023638493,0.02664372274220784,0.95403465579316,0.8623724235218222,0.92367009275821,0.5345756478236293,0.6603031260681352,0.13670117822301675,0.5818459927569521,0.02612782340573145,0.6333776259365187,0.08950139582824004,0.8959396110972315,0.5197773538216488,0.9278653694085898,0.6034319283302007,0.9116328910097009,0.640533134922079,0.7728110123964672,0.4619274607285959,0.7978774917174909,0.4447579055299381,0.48695054945054944,0.6032746508553607,0.36624403697660957,0.9519223326827767,0.73943219721079,0.9436496632551326,0.6347737982968311,0.7862506231123363,0.66546938981765,0.7242073615160349,0.2784306501409699,0.9113575368445804,0.7417825017419588,0.7189951410801348,0.3294935742934667,0.8056653299066223,0.5365180212111823
22,3.4832455901715256,0.5483550873979085,0.8438096826098194,0.3620622952000369,0.5678322954090256,0.3045281617693587,0.4928053967713657,0.024370461438982104,0.9650117967040616,0.8084985261613861,0.9209712417748094,0.6999267417873376,0.8719551742599905,0.49561748728395244,0.5480109343052716,0.026346753724489937,0.8241355788446757,0.6810647909150707,0.9687427614507652,0.8130821583132771,0.7261354340416882,0.4056444733118218,0.621552299542622,0.14148619547893287,0.5114005105204555,0.04337937687249746,0.9666391460273569,0.9077144468049696,0.928621113773488,0.5637967124991531,0.6722270967914408,0.151012803775998,0.5691453024598918,0.031226039068329842,0.7431208625011236,0.12229178296835969,0.8576285458248011,0.46327750374000176,0.8716651799735647,0.47889418094825476,0.9085942047369882,0.6194369503879071,0.8166419219419631,0.5281728177011119,0.771268880012627,0.4129443171500585,0.519459706959707,0.5568345589973746,0.25237562322762536,0.9302284161510068,0.7296581844514485,0.8728020021567949,0.5114488338455855,0.803563616104155,0.6165648509236121,0.6619362700437318,0.27489474809728415,0.9188879914527731,0.773600264826318,0.7661656568114756,0.37962483923478063,0.7872026445310445,0.5054524778009506
23,3.4183158873965764,0.6740706816273567,0.8799841596705211,0.41230638085238175,0.5921613801808798,0.3950342146023609,0.5966710272480553,0.03555365334645181,0.974119887351292,0.8364763937136377,0.9507921495097595,0.6660326283682177,0.9451890769121751,0.6284520707912084,0.5774637110600307,0.03689102236991673,0.802441287317533,0.6556943155830564,0.9770338013773635,0.8319734260429839,0.8324216733725102,0.5101358232364555,0.6905545431231116,0.20224891963400793,0.5428119646587921,0.031273277377236536,0.9678651666467819,0.9053639455544678,0.9277745904251928,0.5342020684311325,0.6822260370102331,0.17265846076176902,0.5594132027516423,0.075097040118662,0.7009873357573133,0.11424702649574099,0.8722358884127075,0.5323899344008678,0.9109529833134993,0.5850073958228383,0.8853424735689223,0.5866291080870105,0.8156706542736201,0.4813404436273587,0.7944815711400921,0.4394765499627506,0.5833333333333334,0.5713982027249009,0.34165243416798924,0.949266563187922,0.7583733314743283,0.9290261867458847,0.5994954442786945,0.7786452804738585,0.5785091947943183,0.7479546282798835,0.3275613833539505,0.9191763070049433,0.7763672917171498,0.7661501702142958,0.3343385016248886,0.808802476947384,0.5308996544873313
24,3.3655234211028584,0.5653003587512404,0.8703233928318341,0.49557842876430336,0.7158207116611959,0.45971223858378296,0.6344140311497907,0.050018807567034126,0.9728350995670376,0.8077610776864265,0.9627301661107723,0.8115455385141052,0.9544442399524441,0.6983746852046236,0.604552150667361,0.05547588731243127,0.8165728409219247,0.7381317046230977,0.9648405919364477,0.6453203628112356,0.7896199686076779,0.44586249325913907,0.7246298771550517,0.20146328415592735,0.5593537950368035,0.03771130063738193,0.9497228378729288,0.8467572132894957,0.9492867204891773,0.5746345134555583,0.7170388949250801,0.1754991637771225,0.583018737060659,0.021961716583399887,0.7326802722315954,0.1365667150614845,0.9273455133256034,0.6250731174080284,0.9615043907185894,0.7149040107004777,0.9301275137519293,0.6566292499260211,0.8502728459020962,0.5532708214454458,0.8176730758036191,0.4643929681317393,0.42193223443223443,0.6643729582259978,0.35363012013519357,0.9378087196794099,0.70950258529306,0.8865831078193989,0.5256832116521263,0.7723379174852651,0.6434086745826954,0.7063211780247813,0.26518511957643276,0.8941309382012995,0.7035778536861222,0.7986526660453592,0.3641214819746486,0.8086010693545017,0.5093012924143256
25,3.334486351059772,0.611174719487062,0.7760564249210068,0.35282625360350833,0.6955015895727157,0.47563049655160883,0.6154992675789943,0.06403866316101155,0.937380382134686,0.7135947855792171,0.9026887071916027,0.6865786399805931,0.887131692957558,0.559764245584702,0.526381392631726,0.028070271805892506,0.8476296450741966,0.7446819015979192,0.9257418358177611,0.6109465521174333,0.8036527169764505,0.5397384555476393,0.6660399870242582,0.18888796226825139,0.5106563990182089,0.032006109890559964,0.9746506418129375,0.927679654538205,0.9223726527648097,0.5572405018092733,0.694235219871184,0.21909860899591982,0.6214429863551479,0.0320865574789323,0.7231726502615285,0.1660763678766286,0.8955525803120019,0.5705878365821321,0.9180969312925503,0.6046381207203992,0.9269771490063954,0.7199356022710185,0.8303389962897401,0.5609207176011574,0.7905333261364504,0.4454775383600954,0.5409798534798534,0.6592163288466559,0.3725579802225879,0.8875305338587722,0.6246841791878402,0.8659287443791074,0.5077066397412525,0.799730522241445,0.6243540467529481,0.7305473305393586,0.34388080694955203,0.921789805693721,0.7771476489426064,0.770421705572133,0.38588534696569876,0.8050235673044561,0.5194595212517836
26,3.295166514373155,0.5788107778032211,0.892018641566692,0.49430462345714843,0.7581661121948613,0.5927017413896324,0.6426362313752495,0.050427545469690166,0.9554275546735294,0.7622617670503509,0.9215520038030289,0.6730049940575759,0.9297881637843138,0.6610032256193996,0.6007616550042544,0.06218793263979452,0.7813060247647198,0.6882264077249889,0.9620188533507104,0.7459042889082496,0.7775880848355791,0.49775816714227245,0.744481743097296,0.30806506976551457,0.5675942166454745,0.05170045358547724,0.9767446012618695,0.9329824408798562,0.9312413050896395,0.5493062168067805,0.7337533631345082,0.2280000879335598,0.606391586967287,0.049212370428444105,0.7075768420693851,0.1376952353831131,0.900766107420528,0.5694569378922509,0.9430138939600193,0.6555273162786046,0.9145973778622921,0.5908814906120368,0.8513307643729566,0.6160965622236982,0.8142264346301997,0.47222404167849713,0.5457875457875457,0.6996844180648556,0.4675900582140616,0.9069174014905932,0.6868730220306509,0.8931511587685922,0.5904171541191785,0.7433601149458992,0.6012889127282648,0.6996896638119533,0.3006394994223981,0.919047740761378,0.7825581277521164,0.78999289275808,0.4068960938866531,0.8074061986573359,0.548037552593332
27,3.2314706055337843,0.7081902144874437,0.8474813042427072,0.4704821730050099,0.6055830511021891,0.4342352360552353,0.5795066679864724,0.049490743388596825,0.9646280915038745,0.7983162445477173,0.9410023946736126,0.6490036080609377,0.9106564472062892,0.5992213516053653,0.5478048842436789,0.03404111567506027,0.7970007937863932,0.6836085494585775,0.9701641083324095,0.7344897751421042,0.760997661293593,0.5196476329840343,0.697895518104047,0.21165122970324107,0.5344451394936498,0.046952097793934125,0.9792222588727393,0.9327247458042389,0.8729493135942462,0.5582336635142549,0.6718127318868116,0.20770274726808155,0.5516909891473608,0.05642922820212005,0.6949293072676962,0.11568286868414432,0.8757976393079498,0.6067447807886303,0.9160681817901157,0.6280531866890063,0.9134602603686481,0.6668829817017378,0.8212001887665551,0.5408305684077741,0.7835379491890971,0.4544964061180858,0.5856227106227107,0.5763455406319451,0.36248023960351594,0.9161439325529427,0.7027640162775004,0.8848576718823122,0.5341820057296172,0.7618508635603906,0.5971035637947447,0.6771267993804664,0.314045299434687,0.9231775798874342,0.7632833257195653,0.7589096329399923,0.3590752637451352,0.7854874315479261,0.5189905306149665
28,3.1731756586089825,0.6572780703763071,0.7527021100986269,0.34238190068421875,0.6707600716013571,0.44675345768775676,0.6511995396821215,0.07464862029641718,0.9543352441257411,0.7260730267062091,0.8873323342666455,0.6139314886141269,0.8978319487475247,0.5402657445844502,0.6086909312573816,0.05397042302957629,0.8203347996019161,0.5890152850695222,0.9458108121505779,0.6027959878543085,0.8872058589562785,0.6833584181474459,0.7270126411578981,0.2659541227792287,0.6193537473373482,0.050260484554480706,0.9783630085551663,0.9332166316304836,0.9032504121684373,0.5265593258648158,0.7121598436488552,0.2190080372199707,0.6516252110566855,0.07409865648279985,0.7404415860594754,0.19403848635914153,0.86450416996755,0.5638674747395543,0.9131192193399906,0.5353038661944857,0.888485858409905,0.5592295056448379,0.8497532429010025,0.5745071478133068,0.8059177424328803,0.43663038533129234,0.5654761904761905,0.6222408167712781,0.3504187598761833,0.9050497904763489,0.6380797736568735,0.8830325350479176,0.5071021538075762,0.7892683928100167,0.5227438232902036,0.7961011525145772,0.4124755526007214,0.9234938835184722,0.7900115510681441,0.7792612340052488,0.3741498125006812,0.8140639721634085,0.5135687752571976
29,3.1551181469952896,0.6759026028547439,0.8459512951553603,0.42073318704812757,0.6922643255924465,0.49149155393896526,0.6060999240162165,0.06907095096425013,0.9727501490203916,0.7858965480067526,0.907831569031214,0.7353650388679078,0.9150899595302676,0.6831241378257674,0.50726810637136,0.03147720317944843,0.7551803812813135,0.6306334999716887,0.9424638421791223,0.6092036068455579,0.7881302311038353,0.5111189147449727,0.6858082069868594,0.22335091675064922,0.521164077949087,0.028811108591735655,0.985746826026234,0.9594294378765322,0.923338858077814,0.5839693073530707,0.703629917718969,0.2804998624269212,0.6737287377169484,0.18015670813076412,0.6833507429495231,0.14918647937104498,0.9075083616444128,0.6506967380544346,0.9006945950918956,0.5943822269381038,0.8727363107380672,0.49795511014300853,0.8250949476696761,0.582005446944619,0.7912300650405245,0.46183609447496776,0.5444139194139194,0.6334553857603674,0.3715447693307745,0.9484800692447578,0.7122770295817089,0.8666826052454879,0.5704347540846808,0.7160053367738909,0.5534295837214953,0.6854495034620991,0.2677417451867041,0.9172391229890757,0.7684284191618256,0.7316084213903093,0.3205467355307328,0.7855600635522839,0.5092004337997031
