epoch,train_loss,train_accuracy,train_anterior myocardial infarction_rocauc,train_anterior myocardial infarction_prauc,train_atrial fibrillation_rocauc,train_atrial fibrillation_prauc,train_atrial flutter_rocauc,train_atrial flutter_prauc,train_bundle branch block_rocauc,train_bundle branch block_prauc,train_complete right bundle branch block_rocauc,train_complete right bundle branch block_prauc,train_early repolarization_rocauc,train_early repolarization_prauc,train_left anterior fascicular block_rocauc,train_left anterior fascicular block_prauc,train_left atrial enlargement_rocauc,train_left atrial enlargement_prauc,train_left axis deviation_rocauc,train_left axis deviation_prauc,train_left bundle branch block_rocauc,train_left bundle branch block_prauc,train_low qrs voltages_rocauc,train_low qrs voltages_prauc,train_myocardial ischemia_rocauc,train_myocardial ischemia_prauc,train_nonspecific st t abnormality_rocauc,train_nonspecific st t abnormality_prauc,train_normal ecg_rocauc,train_normal ecg_prauc,train_pacing rhythm_rocauc,train_pacing rhythm_prauc,train_premature ventricular contractions_rocauc,train_premature ventricular contractions_prauc,train_prolonged pr interval_rocauc,train_prolonged pr interval_prauc,train_prolonged qt interval_rocauc,train_prolonged qt interval_prauc,train_qwave abnormal_rocauc,train_qwave abnormal_prauc,train_right axis deviation_rocauc,train_right axis deviation_prauc,train_sinus arrhythmia_rocauc,train_sinus arrhythmia_prauc,train_sinus tachycardia_rocauc,train_sinus tachycardia_prauc,train_st depression_rocauc,train_st depression_prauc,train_st interval abnormal_rocauc,train_st interval abnormal_prauc,train_t wave inversion_rocauc,train_t wave inversion_prauc,train_ventricular ectopics_rocauc,train_ventricular ectopics_prauc,train_mean_rocaucs,train_mean_praucs,valid_accuracy,valid_atrial fibrillation_rocauc,valid_atrial fibrillation_prauc,valid_atrial flutter_rocauc,valid_atrial flutter_prauc,valid_complete right bundle branch block_rocauc,valid_complete right bundle branch block_prauc,valid_left anterior fascicular block_rocauc,valid_left anterior fascicular block_prauc,valid_left axis deviation_rocauc,valid_left axis deviation_prauc,valid_low qrs voltages_rocauc,valid_low qrs voltages_prauc,valid_myocardial ischemia_rocauc,valid_myocardial ischemia_prauc,valid_normal ecg_rocauc,valid_normal ecg_prauc,valid_pacing rhythm_rocauc,valid_pacing rhythm_prauc,valid_qwave abnormal_rocauc,valid_qwave abnormal_prauc,valid_right axis deviation_rocauc,valid_right axis deviation_prauc,valid_sinus arrhythmia_rocauc,valid_sinus arrhythmia_prauc,valid_sinus tachycardia_rocauc,valid_sinus tachycardia_prauc,valid_st depression_rocauc,valid_st depression_prauc,valid_t wave inversion_rocauc,valid_t wave inversion_prauc,valid_ventricular ectopics_rocauc,valid_ventricular ectopics_prauc,valid_mean_rocaucs,valid_mean_praucs
0,4.6863317118732,0.45079896604394315,0.779024184924806,0.024918519666405597,0.895348534419716,0.12321401969732898,0.9750984151967771,0.8302457506763488,0.9212133815451249,0.5950921941339447,0.9821642605709465,0.6387754186391983,0.8072377701242237,0.024045478027418972,0.8813316260104069,0.22121425366447334,0.8058488024340775,0.02959694276759449,0.8063596950111018,0.5300658448912918,0.9081587051958485,0.15427908813740726,0.4332084012618745,0.01657057495097411,0.8994692720108901,0.3436200272689677,0.5673026850983935,0.011106731941526244,0.9367129547147944,0.7590756366459689,0.9598828689834369,0.7367920410791221,0.8959126582020894,0.3814044204717517,0.5882334387967316,0.00916504337815574,0.5668597613066506,0.027472946984380957,0.5382011656082366,0.043094184899098574,0.4531337449930028,0.015548024914845074,0.8164102389058642,0.3847666825784717,0.986189989437351,0.9346323311384241,0.5371649396570555,0.06319097435477254,0.5376078292892095,0.019716802119330346,0.6743809787328304,0.20198673218259255,0.9534792662789033,0.4826550841328437,0.773305214181167,0.2923940672824092,0.4584544893823244,0.8866432151492761,0.12908146352774735,0.9744366799203185,0.8278620304078212,0.9843499565081956,0.6874539499012055,0.8959338975001079,0.23264461985394105,0.7980838123862115,0.5028539193507211,0.3843054469861613,0.01420427147893401,0.8977911361706526,0.3591127389670503,0.9318522750626905,0.7364006188583629,0.9512702287315795,0.7191064904467587,0.5506795020542647,0.04408048349707924,0.49001444622792933,0.02085507595932853,0.8110653115836304,0.3968488961753198,0.985997724095712,0.9129498452201127,0.5393453249068222,0.06588198708854454,0.6803741564772062,0.2317158299246748,0.9604806059204333,0.524182894461278,0.7951639824800745,0.40032719469492994
1,4.192185926039594,0.49659264481259546,0.7420765110206103,0.021567406289427042,0.8489303964587364,0.10480409776517977,0.9626977695135546,0.8279541169322585,0.8811869072185665,0.5385640055720579,0.9838977307708069,0.6989420330170915,0.8426819429782727,0.04677118912498614,0.9262970078938255,0.3601510131594621,0.7913405842824719,0.03131292023877059,0.882370455872921,0.5753906202422696,0.9521405807948713,0.38136670149261825,0.5023167959340599,0.03081465466993124,0.9314472106159617,0.43090998204156294,0.6306485164261366,0.014934455083478015,0.9563053511019756,0.8321949838434854,0.9625350525491005,0.7874084885370941,0.9352035574943061,0.41886575823381844,0.6233894819151627,0.012344005568955697,0.6366601060374477,0.028637704698219982,0.5627327773622322,0.062011224291852254,0.632990839047117,0.04825972672814861,0.8751666835116686,0.5885877332923227,0.9824403511419469,0.9286973798553921,0.658383255060434,0.10474578428225947,0.5468049407551323,0.023519525579277757,0.6913453990210205,0.27784202287217385,0.9729101993741602,0.5499966999427952,0.8044192463135575,0.3356382397444188,0.504449731253855,0.8371170875434355,0.10932860257617542,0.9607214362003859,0.8249274133198681,0.9839217751123404,0.7384471462155957,0.9281799145114632,0.39192066327329944,0.8749756430668497,0.5609971596397719,0.45463135560461465,0.027704593420475015,0.9277391296705726,0.4200136939612413,0.9507458192708056,0.8145732668240858,0.9589071713427558,0.7827662452850704,0.5766544616219148,0.0701640129439263,0.6437363563402889,0.0665663753770496,0.8663674164929749,0.586098565521685,0.9806704687018853,0.9188718338807338,0.6689031331336739,0.11200369443615958,0.7067113190857571,0.30135455222117835,0.9704188597874511,0.5726013361838211,0.8306500842179481,0.4561461971925086
2,4.010363487193901,0.4668076606744213,0.762753774865576,0.02223326784837402,0.9196774299179373,0.23517873603008893,0.9715666518761114,0.8091593479712522,0.9193129949351114,0.6450524356061549,0.9901574972839912,0.7591507539326693,0.8515101785119596,0.03410427883569637,0.9198665362329608,0.4216819512639773,0.8158516343014617,0.030560950624358454,0.8722480267910665,0.5601276836743014,0.9485401310407614,0.4148010177269223,0.5497730382567152,0.025909595971667924,0.9392609914279814,0.5412951031920623,0.5887610940811863,0.013765652544268986,0.9624817520214072,0.8474026499062749,0.9828238179180818,0.8836588483175641,0.9492217707693543,0.41529254843215246,0.694426472955702,0.03327414989976324,0.6818555088257556,0.021718380757495184,0.6366881026608325,0.07643738972986812,0.683026765970525,0.05255730747317361,0.9226915451562305,0.6986878579175398,0.9887132003582149,0.9361895510332718,0.640847497542595,0.08445719687363204,0.6289662553289311,0.025735301714845532,0.749379965190935,0.2902341240516602,0.978562809396311,0.6189417268209867,0.8288063632160653,0.36529260800577007,0.4668252709489823,0.9140504365848247,0.258472205368185,0.969595481849727,0.7989056874052775,0.9908691462564173,0.7950043912829367,0.9214525495444927,0.4333025467111632,0.8613656340920268,0.5296726910760494,0.5102729076649515,0.023718914049783005,0.9314829950420777,0.5086263119711493,0.956483744761144,0.8296935790832034,0.9728952576118293,0.8781590982365767,0.6438584892866829,0.09325707847580725,0.6891392455858748,0.06974567027291437,0.9193519980935133,0.6924246243928623,0.987083984708168,0.922034245433021,0.6565514523327951,0.10205236831330257,0.7617119311177116,0.30808053825083487,0.9773951838172021,0.6551467826806079,0.8539725273968399,0.4936435458127297
3,3.9222317316769963,0.395987545529315,0.6765649924035017,0.01421341228717847,0.8673717887011185,0.09369819350576608,0.9841151415628677,0.9176096155798084,0.7973884917455807,0.3485635995071644,0.975369647063762,0.6617385661360963,0.7967770696944008,0.030368011093669538,0.9203223232677085,0.36983299883641313,0.7536018152934123,0.023092259554052925,0.8213781345673649,0.40338352901865776,0.9400178402258376,0.266301008873296,0.5070887100673516,0.023354390819614164,0.9157249172916154,0.4325944543093601,0.6812926979623202,0.018718543121453803,0.8818597525872653,0.6147100891691251,0.964700989568477,0.8572330020353535,0.9357104299762176,0.4728193810163875,0.6554571887597701,0.02684601405779125,0.6299789310098876,0.01862115119220984,0.6045631038391194,0.08627752999129032,0.6205346816324117,0.0475222455381759,0.880397048867072,0.6733993428471896,0.9748572841605698,0.8977306660347762,0.6697526326088539,0.10553948818370015,0.6109009678032147,0.029709386366130634,0.6698030073761898,0.2608046239537047,0.9516563679062823,0.3517637229840129,0.7956609983054681,0.30947866253893763,0.42488324962551766,0.8525978627131167,0.09816302644591611,0.9826349846968964,0.910842982647513,0.9744381904391325,0.6730694890455338,0.9202566814904365,0.3769794605226746,0.8100737168656089,0.3694985874108943,0.46780342401621816,0.021114619936720758,0.9099273114267409,0.4021860706258938,0.8745804697979676,0.5835290855643545,0.9660377678329266,0.8687230189962185,0.6236134340877357,0.10835493662644566,0.6296159711075441,0.06785220433532302,0.8715805011425067,0.6257505923451753,0.9747996768540829,0.8903194883211465,0.6806926464086297,0.10529305119941745,0.6821506039610483,0.27018477925070106,0.9454860064681975,0.40018288860037127,0.8228930780817993,0.4232527676171437
4,3.8434264720109526,0.5194747973211139,0.646131979361793,0.01811971253570345,0.931452470468706,0.4154066591377381,0.9705163257389017,0.8552527308958289,0.6971147921383269,0.21257736501129854,0.9547852291591915,0.5705422415642393,0.8903208152708436,0.09314441693451135,0.8571522694930677,0.4081350542640314,0.7428696417174521,0.019713393302340936,0.805289263661376,0.4454119610717882,0.8946391037306993,0.286915426006239,0.5423028963825464,0.0371031118428401,0.8664007064977857,0.4013802852536693,0.4808095266243874,0.009581825220962301,0.9678425955888659,0.8808600644332636,0.970076473305174,0.8420644665434207,0.9368935554659409,0.41913704344728697,0.6390306566657139,0.042115919028995294,0.4890285571299121,0.011792128427879415,0.5854167227643843,0.08317841476423647,0.6230514295625476,0.0791290251924673,0.911170747541161,0.7224168490071134,0.9873587190618496,0.9361676760044924,0.44785503813528466,0.05993614238701314,0.6554785136550663,0.09754881393430735,0.5655750251212014,0.2146847033580348,0.976279823647993,0.6232915546488589,0.7705708799188528,0.3379079609314831,0.51590448497665,0.9221133015969603,0.40455854179020423,0.9679991158915698,0.8490069621498336,0.9466325379057753,0.5516899095527489,0.8594859893786969,0.4097616463764419,0.7900911136507646,0.4062867777019646,0.4931433774578441,0.026019968285661672,0.8412131948446312,0.36111572241387213,0.959710078616404,0.8559414116290719,0.9646738038553878,0.8384471055989418,0.5877876410109595,0.08791862680450006,0.6393346709470306,0.07023076143482876,0.9073998479673049,0.7160352229871488,0.9865200300992404,0.9202906390215148,0.4387571496305899,0.05567927779773019,0.5722881825251731,0.23018259834146326,0.9712466582407219,0.6329274862246295,0.8030247933511909,0.4635057911319097
5,3.7870468826639065,0.5931735401245447,0.6719586831388074,0.01727851621942112,0.9084423344444146,0.42588872386429855,0.9791381453128185,0.8974729019131704,0.6724226767368551,0.1788509529902691,0.9661581416802175,0.6018882743278899,0.887819158977956,0.08271146893852466,0.9118384075740489,0.3238686628883838,0.7881528314749078,0.030632435367257033,0.8703910585007455,0.5292029901309747,0.9297181462913914,0.37634125819611564,0.5204507326897744,0.03914505904728143,0.9087319364880845,0.5048151092568425,0.625466211784708,0.030890500023043256,0.969668927270815,0.8767525392550568,0.9762995546442406,0.8748631130627248,0.8521105172374935,0.2949311385318885,0.6611769189574566,0.04233419973680172,0.5593070095156705,0.022634618765502976,0.5938109317448788,0.12722655119865883,0.6593157950747667,0.1287755988470565,0.9292467446389104,0.7462981191486111,0.9781188943964637,0.9241699393560828,0.5867105131425658,0.11268662717763878,0.643989479751111,0.08500953117912731,0.6187084131784044,0.2695384555860844,0.9457169813501884,0.5818138183399191,0.7928795825383729,0.3510008116672549,0.578112609040444,0.8870155189491767,0.4096286416707937,0.9767387244277085,0.888976046414264,0.9579091490157488,0.5999316736843643,0.9138700833297353,0.348080477935877,0.8550733400600691,0.47637648670992,0.4669731902794362,0.020066752870002973,0.8927313100724878,0.46759348251914745,0.9642147038417462,0.8562347665906386,0.9740156229595476,0.875093817636881,0.5930192041105384,0.12530520561844205,0.6735662118780097,0.12378202774570059,0.9249233263894328,0.7377054584471006,0.9789943338696945,0.9208852273914927,0.5855656985781763,0.10974764805224077,0.6232080396969862,0.2667969958509776,0.9323339010333075,0.5625601103988561,0.8250095224057375,0.4867978012210437
6,3.73319698551009,0.5615380096345906,0.6864961183284165,0.018812870665775888,0.920540218751536,0.3807043598018152,0.9860691980545955,0.9248610573504255,0.8312897574959754,0.39030843046648744,0.9617377247391183,0.6889911743667577,0.9048735666968112,0.14513955699657355,0.9145986103070178,0.48730624845202475,0.7889290891953692,0.030339665225117725,0.8343911479300608,0.5019717652971082,0.9541545912757923,0.5053550234547842,0.548974497495408,0.041753430630458055,0.9427122646078694,0.5049100040611857,0.7312778495567998,0.027267234572930746,0.9711753027347156,0.8785276038164567,0.9755294638837119,0.8665496533836428,0.8990494253731196,0.4381981493975322,0.7040331700457665,0.04838557687378099,0.6045524786920087,0.02160535675283262,0.672682088309506,0.15935699677295598,0.6322008832747382,0.09610900634333086,0.9300682788891113,0.7712851137901606,0.9857863465461426,0.9439034826407677,0.7393772981287317,0.15939687190681445,0.6999979911848542,0.09232372846990816,0.7568906166956654,0.299762896623475,0.9593475367007271,0.5751625573321592,0.8283359813420603,0.38454953136327935,0.5599612300643229,0.911448599199804,0.3965271906601669,0.983724071513367,0.9175351463062792,0.9596035509145134,0.6757523861687168,0.9155116359397262,0.49928121410576076,0.8197662626642112,0.45307426248590427,0.4826106190889333,0.027231354218645164,0.930809948822122,0.48443586619721013,0.963881849515209,0.849796101957568,0.9723258144230479,0.8598232575899115,0.6653526152949804,0.15542989269802718,0.6384899678972713,0.09562670936397735,0.9229275085606732,0.7660781268959016,0.9854232834903895,0.9378440935828989,0.7370668459200843,0.14761579322770044,0.7656188999990672,0.312202962009348,0.9492632749513483,0.5934503572078672,0.8502390467621718,0.5107315446672427
7,3.704332486987324,0.5526671366466925,0.7221811429885964,0.02698158399939226,0.9601341657570289,0.5199845929317479,0.9792545659105956,0.8832832469315175,0.7944825424082957,0.37505233355833656,0.9739082618642366,0.6742647910527019,0.8826176568953047,0.08871871053593039,0.9181400454095149,0.5426627596211278,0.8138480730319879,0.03268365610130829,0.8764676756692178,0.6368670797588751,0.9076981906079347,0.5527586345282449,0.5309366518708086,0.03750713150960468,0.9134005816372756,0.5241824354090554,0.6326155431138584,0.01944365359689275,0.9722750818723301,0.8799489682987298,0.9564747540759536,0.7098876227966947,0.8275542357931838,0.27404515731453216,0.7730402699337322,0.09844754214925416,0.5031802696691603,0.01424357713298957,0.6032945349312367,0.12464910585360432,0.6618658426871902,0.07703176905681822,0.9374435349450029,0.745198896030907,0.985012497616256,0.950791396361818,0.5523290965851172,0.09302992817905982,0.637787311432167,0.0802265617702084,0.5919198310982332,0.23259037217339296,0.975669345322519,0.7084118606140926,0.8032127578125668,0.38088051412564755,0.5546744206538021,0.9510700731797147,0.4881706212282851,0.9754754940347933,0.8689740371041432,0.9676034560624989,0.6518171963017192,0.9204943655282587,0.5393755455670094,0.8633182117207395,0.5961983871802194,0.4673464303814866,0.024716847878672645,0.8900219668559524,0.46426461695116883,0.9623755582964446,0.8470390623062277,0.9530997297813139,0.6916902899070492,0.5981498432932526,0.11748173957332168,0.6622740770465491,0.09281428604184835,0.9273478492801346,0.6883972526954651,0.9851987207084398,0.9411509241349534,0.5421479600921075,0.08160673951213394,0.5890404724151685,0.24810538992142847,0.9616393680074199,0.6781639465302794,0.8260377235427672,0.5012479301771203
8,3.6608913040878264,0.5772235929972976,0.7007789886671875,0.02270453403223277,0.9217213241424158,0.5636878505525988,0.9730494569914355,0.8937988433421693,0.7076323354400963,0.21231776452242865,0.9729277689048712,0.5795629166251792,0.9050876650901538,0.23932780844848148,0.9068876720085551,0.5082054355212579,0.7676693127619402,0.03446303544973521,0.8552405316712524,0.6195469743056927,0.9492100823984753,0.6193395745018963,0.5229052898473702,0.039696042487193786,0.9070030349434418,0.5317859520901806,0.6983697013711201,0.030466322571299987,0.9757296114365266,0.9016572689155319,0.9806585199223525,0.8794069991458461,0.8981383896443534,0.35344980185346575,0.7669567731485587,0.07544661904036296,0.5738695826455353,0.023967150555244267,0.6286760341499246,0.17678525732297146,0.6256461163174141,0.06564393214522152,0.9365178592814548,0.7602294495645615,0.9799350611327639,0.9245542762396133,0.6316093385940004,0.1499293410404115,0.6670055600256896,0.12440232301323369,0.6279040459261781,0.28484680454042566,0.9689042201945811,0.6823442235573077,0.8096167029483711,0.3960602500532517,0.5682438981408053,0.9057676778537,0.5443119652164893,0.9695683020280267,0.8829897148910868,0.9709378277379627,0.5720524639428478,0.9094965675057208,0.4887435803210712,0.8372071014062574,0.5697866858400731,0.4586927576817022,0.02867546671582139,0.885530458349393,0.48986144061093295,0.9681193478520602,0.8781949169623365,0.9726422415092065,0.8670616525840145,0.6273210931300164,0.1456129012096818,0.6158186195826645,0.05670632368499899,0.9266518572837599,0.7199835385310402,0.9803925897974208,0.9027710738684763,0.6297040518074386,0.14100900345123799,0.6296799595861025,0.29471216915568,0.9578317287437634,0.640666121057957,0.8278351363659497,0.5139461886277341
9,3.6250957893633338,0.5731406415227353,0.7297758717013376,0.02567105517553324,0.9600047150948526,0.6371716445548883,0.9783059180705654,0.9049954769635474,0.7293371849803988,0.2754148832759439,0.969119359721513,0.6024254608768553,0.9106891521830893,0.21301044879242753,0.8657001037341031,0.501478739502026,0.7754597255926542,0.028763521295043455,0.8595973899215956,0.6394779998126918,0.9499419180498011,0.6353402769731072,0.5724092576358276,0.04556637107860617,0.9244310630382808,0.5238569635205126,0.7526719389062003,0.03410244040889035,0.9669965934054243,0.8577550688978456,0.9846025570564876,0.922459810239056,0.9370426961021037,0.49593291037005577,0.8227234526285356,0.1083247179026284,0.5680907620346685,0.01608850686785239,0.6503950988076563,0.19579060139550628,0.678370506798805,0.14544540284606913,0.9262947251047324,0.776125355373164,0.9827280253052582,0.9478000341452568,0.5774861998507355,0.11842993818235997,0.7086002414582887,0.11534669210756611,0.6965295438369512,0.3255911477081268,0.9777873567562329,0.723813179693896,0.825195821452927,0.41600687107536377,0.5660410608864217,0.9473553276616578,0.6272328980878374,0.9742035581244143,0.883688925391996,0.9672860251724312,0.6065924316734914,0.8696850308708605,0.5039801738149166,0.8420789261822812,0.5892277143768665,0.508893121902193,0.03161150567639389,0.8912996351970215,0.44385116893482324,0.9571116239548115,0.8182517222259268,0.9802051000010046,0.9056705867241472,0.6394159534500596,0.16071099026542587,0.658284911717496,0.16487791329961288,0.9129368289733949,0.7471799380058043,0.9807005974802593,0.9300196963279597,0.5702713408595762,0.11970684708786947,0.6973653225804173,0.3253610771350853,0.9631660837813023,0.6709732177758599,0.8350162117443238,0.533058550425251
10,3.6036353168133464,0.5476148513688168,0.6888912272452645,0.02569889169050285,0.9002377562411694,0.41185392057866255,0.9793847427883635,0.9143246406647986,0.7479356388716608,0.28750133674001316,0.9722087886250448,0.6835564436463227,0.9368684079719833,0.36252817223293327,0.9079125155710412,0.503070354947984,0.7507046760832798,0.031336126741940334,0.8362671417831926,0.5578926739126876,0.9619169906868756,0.6530470608849723,0.5825137450100447,0.06632820973936582,0.9233540120999701,0.5313287805475565,0.7055686446713224,0.024480606520675477,0.978345494163596,0.9093997987722326,0.986583160401763,0.9230867523408051,0.9261864131042454,0.523861595134202,0.7133456209691463,0.07503029142265587,0.5991720284254817,0.043724023657002675,0.6231509488091004,0.18329400974269494,0.6326902368791931,0.16558283262813928,0.9366889912971478,0.7896525962369612,0.9826439935556092,0.9189816622490339,0.6234490930355323,0.12320303832453203,0.6951697619967442,0.11067270547322831,0.702018177042216,0.31903230132392507,0.9648457320093298,0.6637090899736795,0.8176174592053199,0.4154683813895196,0.5406643757159221,0.8794868040892797,0.3935310439151874,0.9760331787871392,0.9041704699397759,0.9708292329597816,0.6740110275712003,0.9079100643322826,0.4807204988197549,0.8193337727539164,0.4974127523943282,0.5098958020152389,0.02960782581805433,0.9016758254520071,0.4685590287161715,0.969302691271586,0.8773886671335301,0.9815866432611074,0.8892033919754875,0.6250210323559251,0.16604496498219246,0.6136412520064205,0.15359261774841454,0.9261374960175519,0.762374512836236,0.9823152193899364,0.8971908147635661,0.6151491144361019,0.1145827793183754,0.7086443082300347,0.3263004567023339,0.9489611246222148,0.6257309261792741,0.8334952226237827,0.5162763611758676
11,3.571068361438325,0.6249559393725767,0.7407710129759819,0.022980848253229567,0.9663718631786492,0.6081616529737685,0.9904512619689976,0.9412449711055682,0.6925324997801429,0.16802943796185327,0.9778557509427325,0.6466399211796425,0.9353533153786706,0.31028427349608917,0.8978849707918307,0.5088840609855265,0.804129031712688,0.045477145635480914,0.8668109733263094,0.6029193287431418,0.9320428867391195,0.5228749297432855,0.6263105932617471,0.0684667963009627,0.9521285139945201,0.5628007995343285,0.7848976937822477,0.046654536610302624,0.9794977922514618,0.9097494545762498,0.9869899494024439,0.8691870938827011,0.9543159212661725,0.45828557951840226,0.8285575169776358,0.13054220942251665,0.6325379558557805,0.05682620451415525,0.6860096667211589,0.22617439884984242,0.7285029788442408,0.21374034915027906,0.9523337765023302,0.81214214687658,0.9933821064291313,0.9761375075754188,0.689972741007718,0.1474864225391577,0.7682445468258364,0.182505824262328,0.7118266278259078,0.32913390217810523,0.9841088452553822,0.7622611656289952,0.8486084920384168,0.4280611908268428,0.5972332364084941,0.9518744438318809,0.5695730575799881,0.9876841183716455,0.9293812927292108,0.9667972139376413,0.6164586102390919,0.8964930270713699,0.482106286362663,0.8468457552497457,0.542171386707921,0.5515183012206542,0.03522019078987057,0.9321188997404907,0.5018864009414715,0.9706174646137349,0.8723239674554836,0.982795846768928,0.8163808607941969,0.6570049674029874,0.16999951591073514,0.7099699036918139,0.17311916971570665,0.9367246594035106,0.7668225708070977,0.9918232858534309,0.9682534430574768,0.66718132003337,0.14367519756398855,0.705825286220348,0.3186637825013766,0.9798937645672671,0.7034337798040244,0.8584480161236762,0.5380918445600189
12,3.5474030390537634,0.573757490306662,0.702950626553111,0.019465086391832594,0.9292587361666838,0.5003036152129281,0.9875256132701031,0.940881109772803,0.7157892686965163,0.20738838715354418,0.9695439391274191,0.6417388249749563,0.9413576157301512,0.35314667231187064,0.9460602726088988,0.4913310108786647,0.7722449824925384,0.03722165008798366,0.8491120996466145,0.5788098573601712,0.9499947198227092,0.615354223673927,0.5788125023334232,0.06601440374955345,0.9305825977962564,0.565854797448877,0.7521747636218287,0.041066524175477195,0.9796257445739508,0.9128036777694322,0.9903679965656852,0.9300840253896739,0.9296593156116505,0.47454228406099336,0.732339020471727,0.07509300642873662,0.5968857336407023,0.057435740892333956,0.6572076619774421,0.20758373756102833,0.7099484810526937,0.18809734979126658,0.9382787937971856,0.7976435977003964,0.9817576066447465,0.9461506679435713,0.6389472977646717,0.17828550210718946,0.7049433581950583,0.16672454584003024,0.6526148715560756,0.3016600714531442,0.9752715929391617,0.6880285343468047,0.8274328927945002,0.42241188094143034,0.544981936734514,0.9104726599762551,0.47573302848381016,0.9849039017198912,0.9319604051815493,0.9605790176564869,0.6148190739564836,0.9479912352661802,0.4912022614553057,0.8292244003653659,0.5089968928746675,0.5197104275295714,0.03134430411674734,0.9012700935631545,0.488948306872089,0.9694775152772623,0.8690937733433037,0.9857136937588523,0.8979086116192754,0.6479478698932184,0.16171548285855894,0.7032034510433386,0.13631359006716046,0.9159148662137725,0.7331653352882277,0.9790204011705917,0.9312130571224825,0.62524672352361,0.15405935087355413,0.6435352746666545,0.2977818116328375,0.9663604669001323,0.6330423732502847,0.8431607499077711,0.5223311036872711
13,3.520084319839101,0.5792210081071555,0.7112329584379273,0.02444612224679678,0.9590470933543849,0.6343086213143908,0.984655665503049,0.9207192800508572,0.6689134978011047,0.14952393460565355,0.9736371919316296,0.6456049280339936,0.9586512932518704,0.41088131442011205,0.8680344469089248,0.5010376529726365,0.749751019079782,0.03231355617494003,0.8690364008752894,0.6701203731640148,0.9202703235255452,0.4702102287454738,0.5897858901904829,0.07089073642045748,0.9143793118258124,0.45616986278329813,0.6800386058543534,0.023908591459828363,0.9762767915661568,0.896619405408364,0.9855675500294135,0.877285646432217,0.9453182509321836,0.4233029844035382,0.7649297732044116,0.12354023671272008,0.567332598815503,0.046405024513780826,0.6887860108384358,0.22189115724734096,0.6752170189006441,0.21670261912885835,0.9486236931997212,0.8127143049961036,0.9856552799458026,0.9384048054268089,0.5299597713703219,0.08552392635674169,0.7501181228520291,0.18823245133519123,0.6849093680635034,0.3118134574874174,0.9883493142706228,0.7584435107755669,0.8207106631741887,0.4196544127929655,0.5525596968895938,0.9407539409300847,0.5796492391931072,0.981226053181541,0.9050796385020259,0.964557412954414,0.6142149161886697,0.8693221363498986,0.4799627947774344,0.846546939693747,0.6060630819716137,0.5157594083135044,0.02776191206872551,0.8838935111774009,0.3948509176078234,0.9662863658136672,0.8546228672258013,0.978434615114165,0.8574957902154065,0.6618934205768013,0.15980582534829285,0.6503166131621188,0.16700972993481664,0.9316149699906457,0.7609161593001753,0.9834193505032909,0.9180132949106071,0.5036086753852649,0.07733808241890718,0.6699231808021548,0.2877323673068972,0.9819772779837539,0.6966467428513313,0.8330958669957783,0.5241977099888522
14,3.4971987397168474,0.5690870637997885,0.685445185134626,0.026530520156928562,0.9317571543701358,0.4168036016297984,0.9838635918265256,0.9331907650009137,0.7497679976191329,0.24885058582939315,0.9797949050971018,0.6685285696766589,0.9463970591874584,0.30747279879177203,0.9086996133170677,0.39781567720147315,0.7382915567481468,0.029376461079224675,0.8502949901068821,0.5777258463595139,0.9648707341786339,0.6512016257386734,0.5699715317273125,0.074738254044182,0.9418976344034805,0.5254098210164319,0.7377195945470463,0.026709803896475155,0.97803990928496,0.9120728645225532,0.985021891100348,0.9112211779638855,0.8942845395906466,0.4468952973587245,0.7685843920741464,0.09031506441829462,0.6035115194326625,0.08635642710678379,0.6386854067406567,0.21143283758671555,0.6845992775858853,0.1905878028259377,0.9430689274577884,0.798752989150436,0.9827091303372908,0.9395871314299404,0.6440293136558904,0.12330834274569559,0.7101910809511811,0.202185282611241,0.6640340422330708,0.29316391015036386,0.9747557064084108,0.6946385528593945,0.8253956417352494,0.41480276965966945,0.5542338532029254,0.9131722914469637,0.3981062090114409,0.979443183141227,0.9212666000078197,0.9674121352374156,0.6406384812941448,0.9056269159362723,0.40008448851038114,0.8339312034340448,0.5136261278611927,0.5003723810914589,0.024683369538434037,0.9212304703602289,0.46872432270340336,0.9654821154992285,0.8634082277157753,0.9792197184301199,0.8685315419306375,0.6176736770334208,0.1563182447522424,0.6599361958266452,0.15497079886658474,0.9176925858194598,0.7108115258399863,0.9804285523343526,0.9208494816339597,0.6212595353415318,0.09663952302451889,0.6503778060534342,0.277188533488669,0.9592587660585501,0.6320326389293083,0.8357823458152721,0.5029925071942812
15,3.472526952167359,0.6014569380801316,0.6408394572990846,0.022369195452309684,0.9438870013834847,0.5851436819855683,0.98013536297686,0.9186803848762931,0.6969717499625648,0.16403071533382568,0.9616153700368498,0.5838005600682379,0.9559793057074757,0.38889084988578776,0.8780883028214914,0.4032847497960198,0.7498728678725551,0.03906594059495441,0.8491128157798026,0.5968500230453124,0.9462264743471129,0.5681460025494849,0.6433944895918615,0.10556080057112815,0.9033139362214626,0.5005868041606767,0.6839479588016563,0.031161875904476433,0.9830060258088894,0.9214885557723561,0.9895390819967902,0.9475327770171303,0.943867761969269,0.5420900751489832,0.7901951237141515,0.10622744443346413,0.6681530762422551,0.07696580623960159,0.6839206346577501,0.2598938735729216,0.6846364635620289,0.25285376962552775,0.9614398874502177,0.8553988793931223,0.9893951604384056,0.9607544509131238,0.6377277195281782,0.16699229205751157,0.7812632191824664,0.2648588782232784,0.6845603814146668,0.324515868918956,0.9681680270396925,0.6763967891395543,0.8307406790695009,0.43321311710306176,0.58216582958851,0.9275817638621686,0.543197973962264,0.9739868505484608,0.9030179168624699,0.9494274387476948,0.5663001246838222,0.8853298648590302,0.3917123556507563,0.8311195808711521,0.5140080726533642,0.5655811636157474,0.04491627202799027,0.8735998692618442,0.4560967224425188,0.9711030341721791,0.8665480166541216,0.9872773081598006,0.9150548071424092,0.646013207063858,0.18561422938142033,0.66051886035313,0.18333007882470842,0.9418525825628279,0.7910245939319855,0.9886449212701054,0.9468260658356452,0.6147357912657972,0.13462048254129735,0.6713344586428948,0.30577350029592937,0.9542561533926888,0.6299734485159605,0.8401476780405863,0.5236259163379164
16,3.4453141481164002,0.6167606626718365,0.7304710587319283,0.023258352781840505,0.951871210513123,0.5605018021503789,0.9871481926486027,0.9384728950610907,0.7596344055182302,0.15579865323631692,0.9820420151836641,0.6495926038426414,0.9617408716519726,0.4607218960260772,0.915526553760597,0.4580620639155784,0.7654736192533168,0.038046412648037174,0.8785491779140332,0.6484478228797772,0.9548953555067938,0.5455006908535384,0.6037901524747955,0.09969085511113857,0.9311216994338881,0.5521306638354465,0.717528226044807,0.03779187096984208,0.9849896638665986,0.9318697390971222,0.9943210977457634,0.9536523690190033,0.9505990241528622,0.49967512745073606,0.7433944758206268,0.11859952545017297,0.6309676631212988,0.07396243749793602,0.6577564525707364,0.23173242266024102,0.6904673417425279,0.20830457415809348,0.9567131778522121,0.8441959778352479,0.9904973654665135,0.9647140511297111,0.6111722049293724,0.13672192221624202,0.7636538551843223,0.24592287967523005,0.646498969026071,0.28053761315528936,0.9784822451979381,0.6845613750511447,0.8361271567427921,0.4362487152964567,0.5787294034716716,0.9349289019840189,0.5260336826140847,0.9831560863395943,0.9262570512535062,0.9719173364691984,0.6134071674156261,0.9112978714217865,0.4398386663040734,0.8533785117599177,0.5690618230707293,0.5075786209443963,0.03257448850473821,0.9039942933883071,0.4638582035621512,0.9703072430838215,0.8732959184386638,0.9850786421762147,0.9012483470616662,0.6283237400677053,0.1383246800670411,0.6346143659711074,0.14170407921705191,0.9405018718566223,0.7329183165557749,0.9891698856952549,0.9526708686024307,0.5806560354985786,0.1029362853773448,0.6273295024561846,0.2717773617424492,0.9704743448672214,0.6232878985967828,0.8370442033737456,0.5193246773990072
17,3.424759020831691,0.5621548584185172,0.7219564079812528,0.027944430299570513,0.9088959734070284,0.5896264937407957,0.9891606348548698,0.9479085536147125,0.6797457464939722,0.2437999939258307,0.9748811964731363,0.6692024553715303,0.9597780673589748,0.4607454018959736,0.9004896452081037,0.5891234009026576,0.7571356114267359,0.03444842761907069,0.8586424568817955,0.641539030633723,0.9213720024987707,0.5742509125169122,0.6099107851991912,0.12106474724489405,0.8850713019292544,0.50810259885412,0.7388979668240175,0.04653512417179903,0.9820000131970695,0.9194684183445183,0.9848976178173785,0.9182677845342231,0.9399161477778898,0.47954879898034414,0.8160243255763526,0.1319546970375623,0.6343127829607322,0.11083770730580689,0.6583151576727989,0.28711312218946167,0.7514691654790845,0.23518728734752053,0.9602386598425944,0.8618710699374088,0.9901575405020147,0.9619773651754476,0.5898914304827435,0.14077209791736797,0.7129682517423888,0.25382261711775544,0.6521224809270044,0.32876603179556974,0.9782611382671939,0.778969213400148,0.8290966349531672,0.456263376225951,0.5720327782183452,0.8958209899277811,0.5392466064495478,0.9858023642856346,0.9313630210564313,0.972320726997578,0.6359428727425545,0.9008869435689305,0.52454632560763,0.8359081180801814,0.5652201446158217,0.5226340700780842,0.037012770010008925,0.8438656226028025,0.4286976645956804,0.9654358517672097,0.8500374978512242,0.969221501471637,0.8806829928300773,0.636549274729028,0.19185258942735098,0.7346432584269663,0.18794776904488317,0.9389696717671215,0.7770862115922091,0.9878380164630143,0.9325613275742618,0.5616807808727,0.12543341053022697,0.6285872069207952,0.3045200349891874,0.9614034104050293,0.6806955092191477,0.8338479880227808,0.5370529217585152
18,3.3977720437718255,0.5432087886264834,0.6624687481830339,0.018200076445630868,0.9011118120138113,0.6061810551961417,0.9767445895239794,0.9019290158493143,0.6405896524759369,0.11391288329476637,0.9673990541692612,0.6134694121739266,0.9685897576403358,0.4227325923831033,0.8992954980002389,0.36090814070506905,0.6722086935309642,0.025821947571267805,0.8070242971764091,0.4816565011952091,0.9215243271468538,0.6044979692303201,0.5839978531486778,0.11426955183293973,0.9009956503361235,0.5257633132158352,0.712862097017089,0.026663293362731665,0.9821271925483421,0.9235645463513997,0.9897492535110736,0.9326358788674408,0.9664583890842009,0.6520415752877273,0.7109863948930746,0.06395749745294343,0.6142355289429573,0.13780628645360302,0.6491287456422635,0.20003482358495267,0.649287692911235,0.10961132220835881,0.952481528728176,0.8285171831040106,0.9872460776412679,0.9534989726948213,0.5772369438983544,0.1265557751948138,0.7672751804817062,0.24150033092593676,0.663602641543011,0.27760250664126285,0.9758803150362495,0.7384183727395699,0.8115579967394088,0.4231442624601191,0.5102652216054278,0.8683791688303371,0.5310274292769777,0.971271925277686,0.8804490923698686,0.9567267324235444,0.5791235991484457,0.8938359742670869,0.3525079155994264,0.7794622100688496,0.39536364551227,0.4906449451521737,0.03209501579425232,0.8522192216057775,0.4064878270822493,0.9660386277707957,0.8680612870340099,0.9772250976905846,0.8769774904545383,0.6305503445539382,0.12219165530890219,0.6248772070626003,0.07464133789971408,0.9231809435016767,0.7039781076578759,0.9862578063443233,0.9385800814302071,0.5636291614901241,0.10905933184989926,0.6527326449363755,0.25006250998810414,0.9647278427634608,0.6522060995007101,0.8188599908587084,0.48580077661921567
19,3.3781667673101774,0.6281576782986723,0.691735616580337,0.037527443327460344,0.9659673085849174,0.7072611392114548,0.9845885607074198,0.9005313729584041,0.6418192317828479,0.20835905735597218,0.9655608133634634,0.6212096949933381,0.9689093496938068,0.49435790567423304,0.8799321522892999,0.5883523565413439,0.748815355604652,0.034602946946479925,0.8455000766786511,0.6459525841729286,0.8829247302260439,0.5384946421835749,0.6576289829620836,0.1160218273559381,0.8914804440136732,0.5225787010830449,0.7439446654112376,0.037967105298897214,0.9842941513685026,0.9294304358670118,0.9832884890080702,0.7851933051789357,0.9471075009468986,0.4487692687893196,0.8396428043407551,0.184937325627252,0.6891766903967292,0.08284135685842339,0.7073183495812978,0.22465308935980377,0.7170911963572331,0.23329321275114331,0.953295690066489,0.8349829348697216,0.9848828231406087,0.9447313114790478,0.5986962215123053,0.13063889498094833,0.7758058949746227,0.26380042302935747,0.7019246561786445,0.32046657473202106,0.9842398732314335,0.7545937260228692,0.8359835241923855,0.4458287937172664,0.5848092342937704,0.9456956876811479,0.6348619969524932,0.9791061599975757,0.8763476985658814,0.9521762609120238,0.5789936930808748,0.8823198480203792,0.5184997273895415,0.8161143159497722,0.5519418048424214,0.5409159629938237,0.032893717830536046,0.8418394741346444,0.4076675179269549,0.9682909279067323,0.8591182740299245,0.9711345041135522,0.708049026213697,0.6474664800751389,0.12961048741756087,0.6739727126805778,0.17313484793536366,0.9345893322123583,0.7192079479083884,0.9828275563123853,0.9313152671250979,0.5674272933334135,0.1104960713131211,0.6837841497575761,0.2879323908275521,0.9699687492455976,0.6581724629594246,0.8348518384579187,0.511140183269927
20,3.3529779477400137,0.4968570085771355,0.5926449212163498,0.020617428167718305,0.9339968925033261,0.41945770920629416,0.9874211652521196,0.9444803176928296,0.764925876639304,0.3065700818059294,0.9732483585261692,0.657090944439588,0.9646217253304278,0.5542875268101506,0.8625392152811179,0.44056274780758714,0.7065718645220151,0.02208620331745887,0.8255325236254085,0.5016789802356678,0.9402970507669804,0.5247933584271838,0.6379157395028601,0.09104865163680162,0.7967995665676609,0.43854015434750854,0.6692229146786692,0.033642709370514945,0.9812026166287655,0.9132443912345833,0.9944183975042562,0.9567330647837556,0.9295546808519484,0.5567925070318169,0.7590642998183138,0.09076458838664433,0.6208027634116522,0.10997417437424667,0.6607069390257334,0.26772704816071197,0.6319559935249021,0.23434061991289207,0.957433092797434,0.8398844018079293,0.988579508977881,0.9498367695727065,0.542592368847386,0.12157702769597971,0.76404024528731,0.3002627869783894,0.6604819793138095,0.34008954625258875,0.9785786821440037,0.7481934297533516,0.8125057454825311,0.4378568142004165,0.5078861573706934,0.9154595864511155,0.37162278649426655,0.9822985596422311,0.9284414441649187,0.95071845011808,0.6353872975193404,0.8600718880877337,0.41530457503454216,0.8019977703946196,0.4127685133522462,0.5414150481475437,0.02718754803740095,0.7634968104326036,0.3517454882010324,0.9618408553570157,0.8333551726641429,0.9826969633045033,0.8975466766647516,0.6264716370832454,0.13758350858703303,0.6014217495987157,0.178289625292015,0.9243903780095929,0.7412571876971663,0.9858007793606053,0.9268749975575374,0.4982254711904147,0.07623359774164262,0.6360582371727007,0.29958001763023584,0.9676414908471035,0.6729428794114583,0.812500354699864,0.49413258225310813
21,3.328962693132058,0.6350605099283281,0.7130489133594723,0.032826881058309124,0.9566998257334709,0.6239289193300392,0.9874751526500231,0.9447262704742398,0.7972492759120073,0.39614307993749714,0.987383988690209,0.7202394239384949,0.970313574955296,0.5818052842324846,0.8937543528696884,0.5586416636560497,0.7784653694017032,0.04216474228237406,0.8489999724026722,0.6520022670708765,0.9469882515285574,0.6404954032233083,0.6709723381991624,0.19496485308844,0.9215629923914792,0.5905971586595882,0.7796001908477523,0.05337251482626287,0.9869546051780185,0.9434881699621026,0.9916101576373801,0.9446018427566282,0.9500044527757423,0.5922840449735399,0.8417138295041249,0.2534232855743556,0.6442978652851576,0.07810356236849295,0.739701707732825,0.343114442030378,0.749074622857807,0.260363595998951,0.9746063607758734,0.8936319736722296,0.9886068687535787,0.9649504014067841,0.6268025179299548,0.18757008231943542,0.7838907623117599,0.284263270555844,0.6876047773884969,0.36044047250780187,0.9812315206981519,0.7722963451205552,0.8537928556834756,0.4965553827317332,0.5827826240197375,0.9431942179103864,0.6002336701770961,0.9825677661402952,0.9223553010164665,0.9811018139369945,0.6855729671939952,0.8940343681188205,0.5164835767739393,0.8188710507712404,0.5506617020450009,0.5575056050441101,0.049484304476202993,0.8851362351010186,0.4472752709972369,0.9663936657315104,0.8617175985144164,0.9786009904670061,0.883144030708869,0.695220130287597,0.21153432608164568,0.704716492776886,0.20315324030435156,0.9465735680784486,0.7784174137126143,0.9859608754182398,0.9441134123436599,0.5828959029790878,0.12032432053600708,0.6579209232099196,0.3089016824621958,0.962103106463603,0.6899044311429257,0.8464247945271979,0.548329828030414
22,3.310902668101683,0.643138291622606,0.717381255735293,0.03971309927434217,0.9582787970367475,0.7284632949051341,0.9840081527876672,0.9304331038146647,0.7752676782951217,0.38056412239125065,0.9777559307440215,0.7073978443324077,0.9520862219764789,0.4480925133455308,0.8846580228651543,0.5861798616811662,0.7332553009961048,0.03898583441301608,0.8078818841359381,0.5887686188771901,0.9514243701579774,0.7667719547500075,0.620047226444769,0.16823949040898212,0.9397597612722741,0.6349628880323088,0.7726660558412642,0.059989906697248616,0.9873299567688241,0.9417902768070039,0.9936299095892528,0.9194346901842533,0.9618458166773628,0.5440117004247685,0.819673621994211,0.19708964778692012,0.6711775076909877,0.15383490476196568,0.7076372475025295,0.3070949708732974,0.7025280820666012,0.23710933832867404,0.9733269555453489,0.9039187146825542,0.9864047214387367,0.9550897277416474,0.6043352719528179,0.18876614828517319,0.7716549142368346,0.2811089779652673,0.6464850411418168,0.28170070214428716,0.9865872169693456,0.802636685694589,0.8418110354562877,0.49200573148475574,0.5811084677064059,0.9349464877625857,0.6623574654179961,0.9786698208550706,0.9071135301988279,0.9721512329145114,0.636794957142214,0.8794505850351885,0.5484894417336604,0.7786928655655023,0.5024629129564953,0.4890647951689244,0.026907718227708596,0.8896110037668824,0.48009449568359125,0.9654610048642297,0.8389013147694128,0.9800045078303148,0.8396603990031759,0.6547824438216355,0.19087197718038926,0.651822632423756,0.15600705130412526,0.9442618399913837,0.7903170994209495,0.9828997029213836,0.9351362558683859,0.5535313523429982,0.10951252946746849,0.620526053479437,0.23796523957403623,0.9697806840278509,0.6985056681051032,0.8278535632982285,0.5350686285033462
23,3.2851359200749326,0.6252203031371166,0.7064016613706054,0.033099116674598986,0.905304491920958,0.591030454220036,0.9803232903798631,0.900655528827307,0.6520397248865368,0.24703080821463355,0.9554394012687035,0.5603950776814924,0.9591449639857937,0.533026720386784,0.915649356087723,0.5817373396008663,0.7391678657320498,0.042337189509234756,0.8413276358242658,0.6407937124545728,0.8888099342456289,0.5721342832921184,0.6730005037133815,0.21358238905369106,0.8936430563788297,0.5618233157679323,0.7069661540800041,0.03778996612430544,0.9888834753970936,0.94817399686821,0.9682683558954086,0.8411151399421077,0.923490678600835,0.43793661013084656,0.7891721616054092,0.21520288473395852,0.6290132294369702,0.17075745768431813,0.6849702018312324,0.29636956710684564,0.7094727294767351,0.305792787244275,0.9615564614652476,0.8777592078571101,0.9812950635180812,0.9480176276064798,0.5914533275083733,0.17746327106551502,0.720795719453915,0.2818809692093772,0.6573661607946737,0.31354863691245,0.959886543200106,0.737740315529563,0.8224170056945547,0.4641228605268704,0.5646312450436162,0.8781417064896384,0.5148586170968251,0.9744171423467736,0.8665396731435114,0.9335901164200695,0.5068978991308766,0.908688744009326,0.49415475898647027,0.8123183387034099,0.5249135416745765,0.5649729841168942,0.04782827971347085,0.8361707363311877,0.41265369067084756,0.9654909490273488,0.8525831635219467,0.9450501449035148,0.7585282821862748,0.6290171799817176,0.12911511392508382,0.6719458266452648,0.2040355474453867,0.9321201437101915,0.7410753796195362,0.9755137215170431,0.9256687625350063,0.545768839114056,0.12378946995742177,0.6322315533144852,0.2625084342718084,0.9192304667210225,0.5944461671339542,0.8202917870844965,0.49747479881331236
24,3.252090731458201,0.5544001879920103,0.6822099110918987,0.03901925636395608,0.9448780835501737,0.7038776597224661,0.9833682549580144,0.932053133096795,0.5677938344500731,0.07167156940426203,0.9330089499614711,0.43199833851535036,0.9593927185334401,0.5186579419888154,0.8429876280425108,0.5016562845533035,0.722613880014564,0.032914653445458276,0.7829776232832016,0.5602424343517709,0.9260237925096606,0.5686619303890146,0.6718172414011189,0.20058853101109891,0.9075138323046764,0.5563868157213334,0.7716098486447839,0.039110720126020265,0.9878737891520357,0.9444544891269989,0.9601448686787909,0.7997688744219311,0.845063534654958,0.4246370417184761,0.7829253115441354,0.23167577950431267,0.6410149331698042,0.1284608945558285,0.6618467695394594,0.23701533562268118,0.7553160906460474,0.20072245349724793,0.9518064005478205,0.8307761133420111,0.976514528872722,0.9337184461311308,0.6361391323540119,0.1947973202682521,0.7015424535306477,0.2760227856598431,0.6494659011239092,0.31213313118032077,0.976237607474508,0.7499425935978729,0.816234112309017,0.43926786643525195,0.5292977354833025,0.922615139668255,0.6229237782310149,0.977875625135899,0.9080505232169201,0.9243388113964696,0.4007301250877594,0.8306340399810026,0.4355929809688025,0.7411152360563229,0.4506442175943909,0.5315396476338554,0.04021577933393938,0.8623560321388202,0.4282528753261465,0.9640889633101157,0.8460198431366766,0.9345130915428582,0.7201271422509655,0.603028251162744,0.11117392126690906,0.703077849117175,0.12874218898832376,0.9176588039171175,0.6669206313123004,0.9713853404293498,0.9098179561465358,0.5965995866768297,0.1168400974645034,0.6155212434453923,0.2565327054342943,0.9553121220687331,0.6340045507992185,0.8157287364800587,0.4797868322849188
25,3.225529744025333,0.6046880507578428,0.6527152741438456,0.033299899855437576,0.9294146352023835,0.5841067547606985,0.9838996351265832,0.9317169664423536,0.6461604465768084,0.1487891833297916,0.9652159089659778,0.5953539581576883,0.9549601464466948,0.6475142712432606,0.8573595383532114,0.46481421484792274,0.6982657378463679,0.031214805195443264,0.8389494885062372,0.5906038985152189,0.8561885602111087,0.4983723678118544,0.595593487183871,0.19451405758962037,0.8943184338646096,0.5017271202261608,0.7136451920722182,0.049041083422887155,0.9905725952616325,0.9579977889075826,0.9863313178191172,0.9156406938626082,0.909787332367216,0.42428111408788993,0.7872569988599439,0.21553808980080097,0.5893960654986407,0.11054108561524598,0.6694209096914812,0.29896556311664435,0.7456392987997262,0.23669684799976368,0.9581108668706181,0.8743294149819916,0.9771150302634547,0.9297571014707736,0.6194304167576816,0.17936002343418045,0.7376495170478969,0.32091301266371053,0.644695636251923,0.32803458289500026,0.9770492962192626,0.7001498625771193,0.8145823756234043,0.4524336062619865,0.5651599259846682,0.905799132091787,0.4932407647037393,0.9755689288252841,0.8980698089458666,0.9510410008612132,0.5495461295909194,0.8478509131730062,0.4086224440496978,0.8023124388686783,0.45625897480915034,0.48262994682724436,0.031789101191659244,0.8407403989689932,0.3556783090647362,0.9639468782561158,0.8529728626621835,0.9729994776441753,0.8511286409531105,0.6254457603793107,0.15879619369615144,0.68877367576244,0.1451935616426463,0.9273171770089701,0.721476580302751,0.9718820960472964,0.9036651560355413,0.5805335990125057,0.10410438083044915,0.6070264378015813,0.2731291727610276,0.9546326731971633,0.6100654301053058,0.8186562834203603,0.4883585944590585
26,3.199296967765585,0.6394078251674303,0.6477535347100565,0.04432792216028272,0.9501299748641738,0.6597154385891228,0.9864490117148702,0.9220265684130978,0.7026602783618027,0.21797601945794096,0.9414051997953125,0.5614467759018458,0.9666914374076843,0.5357176122348016,0.9256116022309695,0.5063428245423767,0.821475034583199,0.06269450805870116,0.8702749532242762,0.6598448897215824,0.9099928355845156,0.4933009055898362,0.6960668125102899,0.24638154472042167,0.8796414181878095,0.566488226663302,0.7537845841179764,0.06116988414164054,0.9929224169867292,0.9702956486727053,0.9910368188945436,0.8771470103644793,0.9311990351371049,0.4909618315197462,0.8118748501006995,0.26655899427570917,0.6576683840667462,0.17286769312719424,0.742945216743367,0.283136980593224,0.7170843554153081,0.27855096256784895,0.9758022347056099,0.8907974197958308,0.9868061834782589,0.9539732705898163,0.6435897680937819,0.22228776292672392,0.7669543836835637,0.28489530851281214,0.6391740640439604,0.29954720181148353,0.9758559056847558,0.7591124978856263,0.8417250113202832,0.4725986808783904,0.572737686139748,0.9226912017349014,0.5466426061607128,0.9808912562580046,0.8876829237956778,0.9145297118546694,0.5113528686162764,0.9103890160183067,0.4349396705244223,0.8363108937269765,0.5197567318448645,0.5282773401596041,0.03234460783075313,0.8021951371599771,0.3944096302673887,0.9685791654302223,0.870952990516425,0.9768499683572914,0.7709368537099763,0.6751474148409327,0.12684858994628753,0.6632664526484751,0.13386135228979665,0.9427075897898934,0.7143516168539035,0.9829472222078636,0.9255351140307507,0.5815983162982569,0.12474346381938102,0.5984499336659131,0.23770920817448216,0.9519397973256581,0.6405420390563688,0.8272981510923092,0.4920381417148418
27,3.1608340929851817,0.6028375044060628,0.7139517717157469,0.05762357470703171,0.9478669199538102,0.7224790319958375,0.980397378564878,0.9335885780799191,0.6312025997231204,0.24286142363503443,0.9517784892344103,0.6907332243800143,0.9809013344382356,0.6303121236784786,0.8704995918132428,0.5987505520222272,0.7530974530704024,0.056381938248196366,0.8859967272713299,0.6855579036269497,0.9299271212381045,0.6886156903234147,0.7485534816509802,0.3086949215306842,0.9384112389535599,0.6279843896795936,0.8122772387313972,0.07698977873431039,0.9937921011768152,0.9735744851196131,0.9942683278456336,0.934863105487496,0.9798925338438308,0.7144274440668901,0.856561236123021,0.25504048226674625,0.730613688487777,0.23573315240355822,0.7618893268172477,0.3394458881066924,0.8440061876186618,0.3687488050588065,0.9666921936011232,0.8986121757730325,0.9851328237375415,0.9571407259785101,0.6511159007754479,0.21900097238006475,0.7784139635776623,0.3801392716965589,0.7568109438749734,0.37505740002937205,0.9921318745225948,0.8470799537356302,0.862930094167752,0.5315168074132562,0.5512379945369636,0.9273158325765253,0.5977654218132123,0.9707368349981473,0.9075092276131648,0.933092682274853,0.6320301956351776,0.8523230862225293,0.5050972840642479,0.8440179611171733,0.552275433744897,0.5543345674452166,0.03610536317731373,0.8852690029625333,0.4401684860169965,0.965382750784612,0.8565468346976036,0.9837476393534842,0.8590412168664224,0.6948792177721524,0.1323061240609996,0.7750999197431783,0.22749503070723417,0.9216187778753699,0.7459859736217883,0.9787058212787452,0.9317178744397547,0.5827468585638521,0.10221455858760717,0.7019745027205033,0.26764752295971755,0.9705574751446312,0.7282856397313914,0.8463626831770943,0.5326370117335955
28,3.139767906806147,0.66657854541182,0.6807565910050383,0.07114802757295358,0.9230305356513865,0.571057213569442,0.9840646033906051,0.9308283811345732,0.7346929746628803,0.28365773382750614,0.9480654495681871,0.6431543878072054,0.9856746397342012,0.6702911861059371,0.9177743986053132,0.5300099396220624,0.7324709522259747,0.06147029074105262,0.884735136393679,0.6883175042992167,0.9158646852198447,0.5102318478579718,0.6957812168156623,0.2894836762374424,0.9194338338084762,0.5638240653935853,0.7650741575816944,0.07774891495042352,0.9928479424219936,0.9615787729349121,0.9849518002960966,0.868706021664127,0.941937204702744,0.6093476662677487,0.7657808398303387,0.2092099155477699,0.6651321757914153,0.2435020572449487,0.7341617318513697,0.3865361388374045,0.7983361658027117,0.3680155764888887,0.9621219552968516,0.9067910137443872,0.970719126706302,0.9362648252888377,0.6280978320227173,0.14840351544518401,0.8265577699387336,0.4543585682852652,0.7519937588884519,0.39144794531274496,0.9740248930923759,0.739276776237015,0.8493877835117325,0.5044100754776387,0.5813728081769319,0.8934607782807915,0.4770532487023412,0.9771694814063437,0.9031985414698657,0.9199950202692289,0.5641416126282551,0.9023584905660377,0.45876956969423904,0.8454681446366074,0.534757878532031,0.5267203834623281,0.04136675567594341,0.8599544927430699,0.3863718157529079,0.9642543049974712,0.8267742844586264,0.974609237661855,0.7770470978257306,0.6474944185777858,0.18114326276259443,0.7367082664526485,0.18535782905990417,0.9242037294654798,0.7336146167240367,0.9673112723722794,0.9151110756383095,0.5813156320583535,0.09206317818753831,0.6897841831154378,0.287152659484879,0.9348721974194181,0.6245908546327493,0.834105002092821,0.499282142576872
29,3.106959043553679,0.6836740688520738,0.7182655968370254,0.07190957418375789,0.893764814663278,0.6400173891106873,0.9733690384566354,0.9178460295392199,0.7017728190623794,0.2514129895845264,0.9786331366579748,0.6837792333647857,0.984580249069683,0.705087673510858,0.8964297440474925,0.5758356159929103,0.7844378320575841,0.08412759053919645,0.8561206724595437,0.6910902335106881,0.9435813826182721,0.6273818443791764,0.6782636097990103,0.31745199684154934,0.8975969285226755,0.6218357851800708,0.7823242047306597,0.0872057200624521,0.9951932205845736,0.9773824747447784,0.9901685875549338,0.9207683595038438,0.951202960581666,0.6390042345799108,0.853481442055912,0.26966596663525333,0.703886458707404,0.2320850475810059,0.7078009120071198,0.37137042381931973,0.7668258024145385,0.2937205782593916,0.9671212073292531,0.9067383625111921,0.9858593835277065,0.9611686447408172,0.6126174093490608,0.23271250234173632,0.8111689217823577,0.45677116385960576,0.6850359609987304,0.41684441296074304,0.963832321538296,0.7220234962284152,0.8493590237466833,0.5259706670602265,0.6020794783681381,0.857394776995171,0.5380461789403754,0.9645185038099598,0.8832134806270119,0.9622780004764158,0.6095649717163905,0.8804542118215967,0.46951311062182616,0.811780614095841,0.529219399799969,0.5013224468057691,0.034932630310607754,0.8303611746178818,0.4203186982664002,0.9662810257712444,0.8431436997569389,0.9625956815236718,0.8450606287752375,0.6388248500738329,0.14133452128114274,0.6882255216693419,0.18296888547200638,0.9296503898205375,0.7179612805881156,0.9803638640749023,0.9401299531983434,0.5598524360259358,0.11790775049175717,0.6291838320663471,0.2960038944687089,0.9134273114305494,0.6168395252279992,0.8172821650674374,0.511634913096427
