epoch,train_loss,train_accuracy,train_1st degree av block_rocauc,train_1st degree av block_prauc,train_abnormal QRS_rocauc,train_abnormal QRS_prauc,train_anterior myocardial infarction_rocauc,train_anterior myocardial infarction_prauc,train_atrial fibrillation_rocauc,train_atrial fibrillation_prauc,train_atrial flutter_rocauc,train_atrial flutter_prauc,train_bundle branch block_rocauc,train_bundle branch block_prauc,train_complete right bundle branch block_rocauc,train_complete right bundle branch block_prauc,train_early repolarization_rocauc,train_early repolarization_prauc,train_inferior ischaemia_rocauc,train_inferior ischaemia_prauc,train_left atrial enlargement_rocauc,train_left atrial enlargement_prauc,train_left bundle branch block_rocauc,train_left bundle branch block_prauc,train_low qrs voltages_rocauc,train_low qrs voltages_prauc,train_myocardial infarction_rocauc,train_myocardial infarction_prauc,train_nonspecific intraventricular conduction disorder_rocauc,train_nonspecific intraventricular conduction disorder_prauc,train_nonspecific st t abnormality_rocauc,train_nonspecific st t abnormality_prauc,train_normal ecg_rocauc,train_normal ecg_prauc,train_premature atrial contraction_rocauc,train_premature atrial contraction_prauc,train_premature ventricular contractions_rocauc,train_premature ventricular contractions_prauc,train_prolonged pr interval_rocauc,train_prolonged pr interval_prauc,train_prolonged qt interval_rocauc,train_prolonged qt interval_prauc,train_right axis deviation_rocauc,train_right axis deviation_prauc,train_right bundle branch block_rocauc,train_right bundle branch block_prauc,train_s t changes_rocauc,train_s t changes_prauc,train_sinus arrhythmia_rocauc,train_sinus arrhythmia_prauc,train_sinus bradycardia_rocauc,train_sinus bradycardia_prauc,train_st interval abnormal_rocauc,train_st interval abnormal_prauc,train_t wave inversion_rocauc,train_t wave inversion_prauc,train_ventricular premature beats_rocauc,train_ventricular premature beats_prauc,train_mean_rocaucs,train_mean_praucs,valid_accuracy,valid_1st degree av block_rocauc,valid_1st degree av block_prauc,valid_abnormal QRS_rocauc,valid_abnormal QRS_prauc,valid_atrial fibrillation_rocauc,valid_atrial fibrillation_prauc,valid_atrial flutter_rocauc,valid_atrial flutter_prauc,valid_complete right bundle branch block_rocauc,valid_complete right bundle branch block_prauc,valid_left atrial enlargement_rocauc,valid_left atrial enlargement_prauc,valid_low qrs voltages_rocauc,valid_low qrs voltages_prauc,valid_myocardial infarction_rocauc,valid_myocardial infarction_prauc,valid_nonspecific intraventricular conduction disorder_rocauc,valid_nonspecific intraventricular conduction disorder_prauc,valid_nonspecific st t abnormality_rocauc,valid_nonspecific st t abnormality_prauc,valid_normal ecg_rocauc,valid_normal ecg_prauc,valid_premature atrial contraction_rocauc,valid_premature atrial contraction_prauc,valid_premature ventricular contractions_rocauc,valid_premature ventricular contractions_prauc,valid_prolonged qt interval_rocauc,valid_prolonged qt interval_prauc,valid_right axis deviation_rocauc,valid_right axis deviation_prauc,valid_s t changes_rocauc,valid_s t changes_prauc,valid_sinus arrhythmia_rocauc,valid_sinus arrhythmia_prauc,valid_sinus bradycardia_rocauc,valid_sinus bradycardia_prauc,valid_st interval abnormal_rocauc,valid_st interval abnormal_prauc,valid_t wave inversion_rocauc,valid_t wave inversion_prauc,valid_mean_rocaucs,valid_mean_praucs
0,4.700443312975549,0.43549228590594025,0.8170519190850718,0.19884759656813875,0.5332103495901834,0.05216310988026845,0.7176223994948514,0.0178488312615667,0.8776467950282707,0.14021319684601868,0.9613068875400761,0.7552111365183515,0.9096995947131846,0.3061337961561058,0.954752139580165,0.2612307010169836,0.41980951352509277,0.005701441462177437,0.592169041571712,0.019321000672888465,0.6800394021952616,0.03765713959965202,0.9361022152703237,0.18733427304642983,0.5552206393467902,0.03174669702255485,0.7257708417279625,0.2803565401797558,0.43730174130287564,0.019842742578114938,0.6076555025294977,0.06282405806532004,0.9317206808393542,0.7688114271915648,0.7854267712630474,0.28397994203035365,0.8200724223009667,0.1460989335010164,0.5794177105072187,0.008468411292112381,0.6484071703607318,0.07243632105779672,0.5965282913812326,0.0704648304530594,0.9305418172915406,0.24232269665429454,0.5315822956557487,0.11368886723277775,0.8153890072744079,0.4859401396257552,0.9731355226170119,0.9176176562031306,0.5300397238737894,0.04097348245866919,0.607865494633444,0.10010117926388343,0.6718118807704636,0.02328628020704417,0.7195463489739383,0.20180794385877804,0.44741745546694495,0.8014292104856486,0.1878820601227698,0.5277777583179211,0.0490005761789821,0.8743461370671208,0.12993691549341646,0.961728026894259,0.7583323128337833,0.9529996178830721,0.2603318310317479,0.6715502878293576,0.03475559188246982,0.5654337021688669,0.029056998718475422,0.7227786849644013,0.2538398078903894,0.46714889519427105,0.02325308522544066,0.6098143275286048,0.06694618682538776,0.9244123890799473,0.7490775330975973,0.7898955104598611,0.2571426779760882,0.8411040036319558,0.17109306353184872,0.6488993578366166,0.08173851381719657,0.6127511734520674,0.057142126744503155,0.5317429341163588,0.11651398171056705,0.8071573075197103,0.4824669627301761,0.9737772932916113,0.9182451893885968,0.5353787246523083,0.044132570949007785,0.6131020763689439,0.09924693828496584,0.7216613709371452,0.2385067462216705
1,4.218019745885409,0.5144965342475963,0.8473921756815341,0.29283069530405265,0.6827119668645205,0.10208759344369553,0.775600305128552,0.020311511705270555,0.901540458303286,0.30506392325392073,0.971277543386558,0.8061416280573515,0.9006800839136792,0.39988537078684405,0.9640550277747729,0.36619348210592495,0.41362693377089826,0.006820121162413508,0.6900524453230005,0.03779362137813925,0.7520020498311426,0.062292596916584154,0.9630981741850744,0.426575547730379,0.5595476122648652,0.03538982593966757,0.8391577827109846,0.47222261806557164,0.5470644977262662,0.027491179624383872,0.7026236241502491,0.11055726885598083,0.9532012356571933,0.8103921794459895,0.8942565409537658,0.4059879664674515,0.8948042571215032,0.18202413203535098,0.7691213463873331,0.03778256237705749,0.7370782250404764,0.13939312003550658,0.6421565796565796,0.11473755928761742,0.9311475055528806,0.29997661294025413,0.6325280337655725,0.17265416006310597,0.8722219231454663,0.5701854916693226,0.9772697694869579,0.9139087823282673,0.5832647906014148,0.0717036447546555,0.6743240909249344,0.12938609586446054,0.7785195335710863,0.051706287135876355,0.7803687326028769,0.2632676992405391,0.5182976820451666,0.8278538255699518,0.27375421684589996,0.6783854312615591,0.09221702420353833,0.8982485595091282,0.2605755154150925,0.9708590352526274,0.8043614056524666,0.961818692423496,0.3842739524338926,0.7463348632979276,0.057529372308107195,0.5545785448797368,0.02912497169968813,0.831379866841618,0.4360176797895965,0.5740209609554747,0.03538126837905407,0.7012366780273642,0.10386585209757876,0.9476729256004189,0.790980541990961,0.8784992295656416,0.36732846829506705,0.9054352448924027,0.19639274235016219,0.7241851324752453,0.15222585131250158,0.6526634486164067,0.12024254793354969,0.636593193428918,0.15784092210326867,0.8628021895832657,0.5600460503160591,0.9778229401095456,0.9151127292313121,0.5921317831964994,0.10276058685119091,0.688304694622671,0.1264440009793274,0.7805413620054948,0.2983237850094157
2,4.011326287643399,0.47342923157188643,0.8965961675023993,0.4532032198423495,0.7343227235715495,0.1309076225884397,0.7917743735157831,0.021063336453404934,0.9240415211290829,0.43161148845132097,0.9746364209768601,0.8495977095270508,0.945458616067905,0.6527031939664694,0.9849217788580845,0.5557740528776411,0.6922863381242477,0.01707805398270818,0.693145743830916,0.05579684919022602,0.8108848693200449,0.0918072045523687,0.9588114725156771,0.511891844821162,0.5827629605176625,0.04390692311157809,0.8764260206753927,0.46634352970903875,0.5398390899577191,0.028820003227720645,0.67859003217554,0.1179057227638112,0.9369743097374299,0.7347005999596893,0.9378187818635703,0.5866842772857663,0.9261494273420116,0.3649601016252475,0.8765704218974795,0.05180177118898243,0.7615937897016071,0.17390990144386637,0.8052891085979321,0.23409048660123336,0.9743912558385408,0.600154726001688,0.549639816593264,0.17097052976149035,0.9135889457414018,0.668889922528316,0.985771180687961,0.96166330107522,0.590206117016497,0.049686529615250524,0.6002691493406827,0.1579924975399234,0.7869948348529017,0.04308896460392985,0.8117769738553624,0.3295358701534248,0.46798837295967805,0.8778563469406013,0.40854247789766296,0.7293437902819033,0.12050275486426801,0.9151565512826081,0.35795146917851234,0.9753189089926758,0.8430262887263474,0.9822513592773847,0.5689738070044195,0.7886657910597717,0.06824491260220307,0.5931490579741103,0.03751985196983149,0.8670648120008526,0.4202299492300863,0.5804508332429393,0.03736828598918325,0.6752437724312605,0.11484853140886611,0.9316530802870122,0.7303636094002915,0.9192025558193078,0.5120982375406492,0.9323162454146239,0.3251190354888923,0.760962457915207,0.18554769561506362,0.8192122790922125,0.20646140333048385,0.536223121861559,0.14461034304483364,0.9079270403909699,0.644098212926493,0.986023419757273,0.9600002149349413,0.6066080297433044,0.05756357541173478,0.5973518377427459,0.13549000285061336,0.7990990645754162,0.34392803297076885
3,3.8761182834647707,0.5349929194305731,0.916741743253217,0.48112041584160753,0.8109731164906334,0.2391105219962,0.8321119857083747,0.028155657954306794,0.9378973568979014,0.5804352051062605,0.9775059669784657,0.8485843047834623,0.9544121567722877,0.5875379204653733,0.9836357782345044,0.51175005827388,0.5043994412794734,0.014012776265125964,0.74895526213165,0.06124692702515824,0.8355783895560099,0.11377024175545464,0.9781870551098807,0.6558573767762108,0.605217304908552,0.06249512787780705,0.9207634555100425,0.5843518133273136,0.6223162682787658,0.04946577987370081,0.725170924793091,0.14513650696779928,0.9596853561783659,0.8082600842627667,0.9203358658996563,0.48168011351037515,0.9154823475014162,0.26401082704833806,0.8858074324698096,0.09522998856992804,0.7783754230565961,0.1857476716834552,0.7511771225006519,0.22560355632207443,0.966250523931861,0.459161745563462,0.586543058290714,0.16936886957041575,0.9096819501405766,0.6005394686962572,0.9823235745216973,0.9512173455336479,0.6029923976393792,0.07008261868238008,0.6861007428649623,0.14204789039778642,0.810704302477637,0.05495716490199825,0.8253330822634347,0.3382477849654481,0.5355146455988671,0.9017299856037869,0.43342176802747046,0.8081086303685852,0.21948051485937348,0.9271174885317852,0.5169603762673343,0.9769712930788546,0.844097433502722,0.9816774933129537,0.5221062471549421,0.8174089665197735,0.10304244272434507,0.6040532034576551,0.044852151091445164,0.9097947953160282,0.5260502757757327,0.6397944153597588,0.05770835128975153,0.7182521517528201,0.1391777958215734,0.9539765458044978,0.7958290769404675,0.9073872458905211,0.4348000661547928,0.9216202756996267,0.2735790675257202,0.7645982574456744,0.1985294046003229,0.7596741408479155,0.18962300031614635,0.5812705830858114,0.15395905546708738,0.8961203203829364,0.5575061338640843,0.9812486512316182,0.9494264460847222,0.6124041138578524,0.07356680973381342,0.6845765080533666,0.13466140756668918,0.8173892532800912,0.35841889123842685
4,3.7870551487729642,0.5221982062557452,0.9289547336262841,0.4802992101293833,0.7634161733023892,0.13369797588255988,0.8147045096666529,0.02902789114530058,0.9476640094017119,0.5143639626598145,0.9843363744431335,0.8886385262641452,0.9586659007542929,0.6146657444176473,0.9849068765629275,0.5549473134936574,0.6433841133384428,0.03909698487947247,0.7581812619584932,0.06057066701965051,0.783278733632969,0.10765231181521515,0.9754675759844076,0.6386305687812033,0.6074368635521986,0.053609748827462944,0.9083878844014337,0.5150321167845029,0.5909691139264421,0.03396949761561098,0.7168642865646816,0.15728986700615413,0.9675428264368405,0.8562265047222084,0.9413002112067785,0.5687651051382453,0.9491781267844266,0.35322853936785553,0.8858649531413969,0.07125088899622506,0.7850482874072444,0.2311090719783923,0.7133001213883567,0.23248805437288775,0.9737889866422621,0.6041602274183937,0.6221400419474642,0.1979551101696305,0.9504009827964766,0.7273315331741234,0.9893382004734422,0.9674398047491233,0.6298520790097258,0.07460003159345766,0.6717841683865322,0.15355206210554784,0.7626527777141432,0.04346799048281977,0.828886077658984,0.3536809753925247,0.5176268912573601,0.9121966018430405,0.4176577714013349,0.7576299178949728,0.12412856127463152,0.9415714995269184,0.44947688523896806,0.9831962810728753,0.8785212100374148,0.9818982464055687,0.5494342389711099,0.7616562233525298,0.08596390458545419,0.6051518776434399,0.03922891175235032,0.8988323707623829,0.4502300318937166,0.6072094972758085,0.04227379302455185,0.7134247898372902,0.14510902365299194,0.9603347591955731,0.8289133527533071,0.9225212737054819,0.48408568155735837,0.9542964010097551,0.35304573144054946,0.7765470727909383,0.22840828007726893,0.7262570596503631,0.19964427707811516,0.6209907904066467,0.17003978173190887,0.9418976946194537,0.696521760867788,0.9880260838959624,0.9618981794021079,0.6385909238927672,0.07200506775551331,0.6734824764905042,0.13975448974552168,0.8182855920636138,0.36581704671209814
5,3.7046497156479585,0.557899182629003,0.8710479623043749,0.4385771714031728,0.790319953388145,0.14887888170750985,0.8299147071569903,0.026390960887907045,0.9596568879898015,0.6744871681754327,0.9848061003306255,0.8880748080337939,0.8982070392217291,0.4859958798755783,0.9804133827955481,0.5096415467117593,0.589921784393928,0.03531102672774104,0.8083825136706373,0.08603335144605531,0.8667928835982857,0.17104036169315118,0.9681302433478336,0.6236833082203085,0.6209952996131436,0.07140396331818404,0.9026919611012317,0.4729148188672482,0.6114185623444323,0.04194891972950879,0.7779395557723057,0.1988796969488625,0.9690828943031939,0.859101023268487,0.9389807523894109,0.5322663182647202,0.9146356638603285,0.3223715492081153,0.8988176556807477,0.10343656276950824,0.8190449220625122,0.3034434966622603,0.8276978497566733,0.26162166734246833,0.9574734030397437,0.4888937038392987,0.6245864689689921,0.17613406080270178,0.9322919550517195,0.6755231069244273,0.9860134656241533,0.9622993672670881,0.6535081634261924,0.10229310285769817,0.7197332545352165,0.1676897425040645,0.8199249581999575,0.08015433664272295,0.8400867944259949,0.35387463936070623,0.5521353506745174,0.8626746049174862,0.3849244634944833,0.7818539950307309,0.13347168052635888,0.953587204701732,0.5872890401849719,0.9834770246289452,0.8779879216463264,0.9801959845495855,0.5223909337520083,0.8467303535702988,0.14261844254883632,0.6286447074237052,0.053973106294407526,0.8890149990092513,0.41022497932030166,0.6160452788609206,0.04841849414665725,0.7692759738748136,0.16410112256395284,0.9606745779023197,0.8276575653790298,0.9063847888295943,0.460480868721335,0.9091427602226868,0.28394261670119136,0.798326803674362,0.2834799503689887,0.826014513490841,0.2497176274332358,0.6215743849907209,0.15938378164665729,0.9219962007613122,0.6321143199959837,0.9856305749093115,0.9590504233538334,0.6618734917543847,0.1001678211377381,0.7227331581267736,0.146705035755326,0.8312925690614887,0.37140500974858115
6,3.651162530018799,0.5414026980696132,0.8906975717114958,0.48252242585101346,0.7819475809745674,0.15970286258441563,0.8191167155931279,0.024838130291768668,0.9509469862451772,0.6313619373823821,0.9839432020212477,0.8985945709916698,0.9362546603050996,0.5145185706461484,0.9854787760010689,0.5533473837701531,0.6888732615705806,0.06876149407024247,0.8004979555401199,0.09270900125793564,0.8719525407937775,0.22339715910309338,0.9755200977345913,0.6280500237526911,0.6315083026279441,0.07735137186629067,0.8962720918464341,0.45326760987490267,0.6482876093824607,0.05005383206005309,0.7645968731803677,0.2147773271854695,0.9729203990228014,0.8849352832289223,0.9506763925434798,0.60913790670982,0.9425702078532415,0.3937098390524001,0.8781427389551091,0.08252623930352428,0.8260383470336403,0.3307158401671128,0.8338329441270619,0.2802491836568722,0.9751214476711206,0.602036137981974,0.5687050158779108,0.16663072232580756,0.9386278553945964,0.7042370768703734,0.9877699034962045,0.9693218698117921,0.6511547671164536,0.09467516415404273,0.7060607995898159,0.18325704543752788,0.7974540088938546,0.06290510051811361,0.8448203233251198,0.3727711110680897,0.5203845867183424,0.8698675060390894,0.43084479346765736,0.7737113877524333,0.13594707542277626,0.9475753861610895,0.56236620003412,0.9822259577763855,0.8863996522330807,0.9826373894508105,0.5527756706506824,0.8378827332315705,0.1613226456313953,0.6443417211375515,0.054768770023650895,0.8830550105662721,0.38918218991926673,0.6459626206284956,0.05727809581874854,0.7522019635009979,0.1820628483000648,0.9639288342603206,0.8482734176165074,0.9228484852090486,0.5237072676867465,0.9401444620643613,0.3615541659019551,0.8025067065606011,0.3009508124121249,0.8404106941954452,0.27990590535277093,0.5563581242923618,0.13921884010273422,0.9203419314819018,0.6247038555366397,0.986423843398999,0.964906830575524,0.6643873961884922,0.0878804441015272,0.7023693013281742,0.15281172664714604,0.8309590727612199,0.384843060371756
7,3.59184074632864,0.5578246503192468,0.8759377498522176,0.47517744617169366,0.8139841981135971,0.16457219029547362,0.8370191430907796,0.030480840075674406,0.9524690583858819,0.5697450691927642,0.9859127342368492,0.9021040717662867,0.9260837734471601,0.4803249036139318,0.9820771585102797,0.5537641342851091,0.6957004243080303,0.0768286995564338,0.7908867926436444,0.11252357100860831,0.8409889791310292,0.20173465227904902,0.9764309749449183,0.7252215871079533,0.6632128317072656,0.09305061602069534,0.931023469225438,0.584872681944822,0.6598063075504065,0.06522062650079861,0.7575375172682914,0.1910006694162067,0.9725050735778783,0.8761180135274949,0.9483081260920331,0.5611357440942208,0.9459271114752331,0.419860872696324,0.8643664612791121,0.1116353926760978,0.8264332192754418,0.3223352762985172,0.8723847878259644,0.30005774244528904,0.9606277208583165,0.5443820710057415,0.6498045937488679,0.20418647633123446,0.962080523611947,0.7685643468175111,0.9872343958756512,0.9660266578132715,0.6480750167313276,0.08711212001487824,0.6867658824309557,0.15828379214846233,0.8124961786316507,0.0746457648927327,0.8509314358510773,0.3793202153570456,0.5467690243720653,0.8534213373024588,0.41105482746910615,0.8050734181471725,0.14033364672236398,0.9474471536731337,0.5064095979861647,0.9840325073991345,0.8901588078094688,0.9784255861811787,0.547926002205236,0.8073996411889709,0.14194993955937227,0.6547240853875621,0.06991512919362383,0.9166128205666786,0.507557753189431,0.6584669738161708,0.07539664296482752,0.7527931071864653,0.16128316786420702,0.9624453183600108,0.832186791353737,0.9200955457590415,0.4891632356084675,0.9416955036054941,0.37937069223929104,0.8055611382499843,0.28377939856467144,0.8692796841990085,0.2989062106557294,0.6429446956004892,0.16450486980370704,0.9504833255054232,0.7003291596311033,0.9857077116153363,0.9603471295927803,0.6657189654540318,0.0813100342196744,0.6764406387905612,0.13050875675491713,0.8389384578994153,0.38861958966939397
8,3.544324422237435,0.5852276962063054,0.8693002594157544,0.4534111210411776,0.8356242612876016,0.1908579303028946,0.8358003937648666,0.03325374167696617,0.9449116198223505,0.5665986374304038,0.9841814578007555,0.9127842836329373,0.8934507680107638,0.3920077201436551,0.980218354893514,0.508556587348896,0.8164141274469264,0.14294269248783453,0.7953838150605542,0.12138213302248303,0.8372264101346867,0.21450717880642653,0.9740801631969944,0.6475315317368857,0.6798363931067238,0.10564681334168086,0.917200026002401,0.5108287578735515,0.6897555019318696,0.07650504325289798,0.7713844177282123,0.21633264899771715,0.9751874084076204,0.8903408740526934,0.9532034177855135,0.6325560049826813,0.9333029334503198,0.40956554345642904,0.8351279817015629,0.07199676842485074,0.8404966411799631,0.34476612845025917,0.817345949698891,0.31713252271168774,0.9599326408752241,0.5005768335518823,0.6303111809929582,0.20500699703160097,0.9517084835321239,0.7768315079787251,0.985070255956882,0.9611349077037644,0.6780061457227347,0.08380176436873113,0.6968062059930596,0.1808496094939291,0.7985010045755306,0.07717951107957108,0.8528488649812985,0.37660306408511474,0.564284117164791,0.8491180896143928,0.4189382842463353,0.8308334033888172,0.17057430616746608,0.9370467245947646,0.49358819509808044,0.9810386126789415,0.8977016562325577,0.9786707395113505,0.48453670324372344,0.8103800497781346,0.15230741097456305,0.6859084889135728,0.08019827338424818,0.9028700938295526,0.424318840485074,0.6701730047176184,0.07990299629978882,0.7613309619618833,0.17451510589033792,0.9642889617741548,0.8528218763030615,0.9164876918897159,0.5276084569854135,0.9227833177432138,0.36509263145340226,0.8063342716446995,0.2946672744611697,0.8144725287365997,0.3047267085489722,0.6191741892343697,0.1650160767977129,0.9342701371679981,0.678631126882737,0.9839941656133427,0.955558016878269,0.6818187797740354,0.07260964671974282,0.6930817128866709,0.1453153612260636,0.8372037962726914,0.3869314474139359
9,3.497483591639961,0.6033887356835855,0.8814077689028834,0.4384651042064058,0.7955992401942382,0.19160196559998327,0.831785041249223,0.039556726174911516,0.9608069150400277,0.714542770934057,0.9847272422410797,0.8908165871535136,0.8496295069190497,0.39428986341425953,0.9816186870454386,0.5273792247435412,0.7500677769086179,0.10468433061661742,0.7993849230672843,0.1383094908373063,0.8566862185818558,0.21423288694822967,0.9746029973589062,0.6747640313127251,0.6886601117733282,0.11835823413515284,0.9278601552241983,0.6282596285080154,0.6296448397298284,0.056557727463191,0.7758350361953327,0.22833088929836506,0.9735198171512129,0.8756321252236678,0.9567015385795455,0.6117990828399075,0.9664403436124763,0.48179474468423755,0.9187160689502286,0.1469071233990377,0.8479564653673825,0.35507515780991755,0.8368067687920628,0.3066193279212631,0.9436596538630653,0.44886979146781647,0.6477472885107294,0.21597014025460134,0.9386407610802876,0.7294159210880041,0.9861644375959171,0.9637471871213269,0.6627337922976707,0.07827106759691727,0.6882189616153576,0.1681519065042233,0.8503152441275738,0.1041777962246844,0.8537834857848144,0.387377886910067,0.5868674070209435,0.8591497287493187,0.3889629146393946,0.7900364755553064,0.16490617658311427,0.9539559439251983,0.6180899659687105,0.9827294029163359,0.8717037665719429,0.9803497520843788,0.5289226599676817,0.8184321706893526,0.13812812967162483,0.6801968072229105,0.07165846071146703,0.9124641982801661,0.549727314565524,0.6246279570751908,0.06519632330609261,0.765435324055147,0.1781820211472768,0.9613746479570897,0.8299668135231705,0.9236201094274592,0.48849868906389965,0.9636724710371287,0.42887197085821566,0.8205820754476031,0.3004598027009383,0.8261176201578444,0.28145897103463285,0.6358052418123936,0.18079168153003278,0.916259005147592,0.6251231825316643,0.9847705744982581,0.9582312506542456,0.6792062126240832,0.07138768809996315,0.6764513930205581,0.1404702179688103,0.8377618555841657,0.3940369000549201
10,3.4575882120306116,0.5998857171250404,0.9206495086042636,0.5033383027843726,0.8068598375369507,0.1867608599197356,0.8374451170607257,0.03728232602109447,0.9622179036904306,0.7060166970232236,0.9878234851256648,0.9191772278797136,0.8457834809096615,0.3922096215174654,0.9791622135825958,0.49424239072230947,0.6938766372469231,0.09176205783858622,0.7966506722655704,0.16074318353598588,0.8778323306126748,0.26393253574518993,0.9758730085870855,0.722305529502166,0.6505272357038581,0.11735361558487697,0.9207379163066328,0.5879819144204538,0.679263309815931,0.09046286292037031,0.7710649077549797,0.2165312285155442,0.9766849578115101,0.8947638229930983,0.953906709581267,0.6374510536648773,0.8704426604310771,0.32101006615395544,0.9240248222954426,0.18158672691424652,0.8099458729902772,0.2852298580616722,0.7745961661402838,0.2925264997786905,0.9430640633586415,0.43768731761987634,0.5683245321473143,0.17723026685165444,0.9419830543808357,0.743147199937573,0.9834264296176256,0.960033566893775,0.6449280534942415,0.07848574254670826,0.6686798551301594,0.1505894100817104,0.8336413599789811,0.10932833257994762,0.8428362893629143,0.38425607921460264,0.5614518893940523,0.896017210388047,0.4377513428697704,0.800080505426965,0.15406752967170737,0.9549669787179393,0.639081513887882,0.9848242150458856,0.9007183103500302,0.9768669634594934,0.49997190587116,0.8405347892351996,0.16263079374469794,0.6464482134973868,0.08491583157379767,0.9040795563091153,0.4948448728452974,0.6652769769181143,0.09544937380200252,0.7671815682792197,0.17761488926675584,0.9637788002943715,0.8462034545454579,0.9062092844776812,0.5101232496134285,0.843221422418273,0.2993956125625859,0.7839843732008895,0.25012332808330784,0.7793706705720947,0.26384317044925665,0.5560906955972588,0.1384345204797695,0.9170542092363759,0.6150612476487128,0.9812590881298106,0.9547591682655447,0.6577300890013177,0.06846080167486193,0.6597864028010222,0.1258553064302273,0.824238100650323,0.38596531118181276
11,3.4197545833568217,0.5020247944150455,0.882768425551199,0.46059249737549923,0.7789300706559391,0.16490231758290363,0.797604172181924,0.025850578100087188,0.9423124720482015,0.4728791270210532,0.9866983396928632,0.9204245603972135,0.9009112376304604,0.39579961827472765,0.9856012267986791,0.5684554609524624,0.8852372762462127,0.13671704003178808,0.8062072611440144,0.1635705453514146,0.8418214493527114,0.25023291463417124,0.9764631500338963,0.733895275871048,0.7309005565738296,0.14379200618159385,0.8623909872701462,0.39501804239376775,0.677954456614857,0.09855376313200058,0.8091001340185676,0.24802489922693924,0.9637504279643934,0.8579892284657443,0.9516215690883607,0.6842908616187839,0.8993871894093388,0.3484497821171503,0.8904915512736091,0.13181947439459452,0.8384658064010991,0.3333070000893968,0.8024756131373778,0.34189072027384804,0.965887722155081,0.5725593181684823,0.6804659964941383,0.23741318432250874,0.9514532383949666,0.7871869832058186,0.9814230753002512,0.9569672600694482,0.7502231203105256,0.11156319430265535,0.7521247457255905,0.19404121388595522,0.808222091687878,0.09050681629882305,0.8607461915412898,0.38666763156213857,0.4806588656182455,0.8532609455953282,0.40418429035880343,0.7709686571764838,0.1455634783271818,0.9333243942006433,0.38164967633973645,0.9823359832856428,0.8957325445792882,0.9850228579583906,0.5427296532069226,0.7943852588175434,0.15638594393827007,0.7209059967815895,0.090214393481196,0.8430591336670494,0.331932232657255,0.6391450053950981,0.06843583481041507,0.7881748154099043,0.1950924142743333,0.9470465015072389,0.8011277926496408,0.8988722110177071,0.5053270504396515,0.8722895030992137,0.28845376962552055,0.7992982971805019,0.25666920152617195,0.7904998779553737,0.26810384540094845,0.663028780383017,0.1867099455749764,0.9240287202360716,0.646258422487902,0.9795787956911346,0.9522631325546081,0.7423494881399868,0.09248659426041407,0.7373543631141682,0.16254080782418853,0.8332464793306043,0.3685930512158712
12,3.374133972928425,0.6690765446821197,0.9306806143769545,0.5637176280522274,0.8209355873915745,0.19869012760868252,0.8620880715522532,0.045515257172166965,0.9630503979006954,0.7622184736647365,0.985568826505763,0.8919224716603362,0.9084251633455729,0.5283437541324922,0.988970621734953,0.6401670618981445,0.8135881727538583,0.11199879489233346,0.853835949145155,0.1596138336861483,0.88332191712016,0.2920687022817412,0.9767198445709282,0.6917547304941405,0.6766997560867674,0.13433609570812138,0.9302373518787566,0.6432433675653463,0.7087979939548528,0.09107346683330073,0.7941291057638302,0.22191810930484512,0.9716266486628313,0.8569353744941088,0.9611936338085502,0.6345819548798697,0.9696232590319906,0.4805149879721464,0.9339300048720982,0.22270875466138157,0.8577862104288869,0.30332918309304835,0.9290934842405429,0.41122524598356563,0.9711475374405337,0.6142169375035942,0.5818001149544867,0.15310834901397602,0.9492481175445663,0.7598610369452661,0.9823676570698068,0.9568813269751992,0.653594509776295,0.0727068721758936,0.7553795476869647,0.20805967572439835,0.8611034310713623,0.12230419589627545,0.8741051260953924,0.4204648489383388,0.6204069464112693,0.9073653303402223,0.47882124537232346,0.8037434731640792,0.1720112881728868,0.950825579265241,0.6599851194816371,0.9831188737455658,0.8785024790360894,0.9854592999433731,0.6132123749305987,0.835740371992082,0.16184961891593377,0.6591481180843338,0.07368834098962235,0.9086714082570418,0.5251455002135132,0.6704045800291926,0.08065212246920762,0.7684952020338469,0.16133904463828078,0.9574974348632163,0.8009003355705832,0.9207725761064212,0.4775123626949316,0.95921159267258,0.4161675231219982,0.823970840749594,0.25397082768843016,0.9121362859716015,0.350441287594336,0.5611352172459407,0.1196095958656199,0.9220099562648212,0.6338957282832046,0.9811150428779891,0.9528702920814698,0.6596224722396544,0.06079403255588708,0.7305522858891661,0.15415744213646604,0.8450497970867982,0.401276328090651
13,3.335489999356203,0.6195374027974461,0.9470555516610485,0.5593281259016621,0.8856826150409373,0.3470525651646871,0.8784006832055754,0.0573532392309259,0.9622971747772431,0.7303475364398498,0.9855362069837321,0.9153446487043561,0.9355203451444505,0.5786450067053488,0.9873832664151136,0.6515300840295678,0.9000781365915413,0.17854782805606767,0.871385195875709,0.18949497013701694,0.8607061916852277,0.20404182578137706,0.9736702287300152,0.7370773771081293,0.7484716901262785,0.16085752720799695,0.9447743804773594,0.6433501786268141,0.7778418241959278,0.1584724174290174,0.7990189298121464,0.21290987343740075,0.9755356254359638,0.8823249088734466,0.9698552787877638,0.7159277793868933,0.9644840719297829,0.4957624287093796,0.9410351139370283,0.2475194415082231,0.8885550782171175,0.37715239078610197,0.8661316253228017,0.3585510954849701,0.9719598399806689,0.6353946749350231,0.618986279874818,0.1689791322902349,0.9664084959304265,0.8125470372684196,0.9923176878311006,0.9779955509826552,0.7072504815722968,0.09025138748309433,0.7706026861585112,0.20993662696456583,0.8501450895554953,0.10334624140539428,0.8907532062591458,0.4428586392870936,0.5741969143623761,0.9143243133331707,0.46303959884383245,0.8695409847932896,0.26805301393668607,0.9437065043521615,0.6328748076715671,0.9812658039959923,0.8925941553953218,0.9843037415232194,0.6248376532836026,0.8013704539012338,0.12154040482171649,0.7116532091539567,0.085710565548651,0.9221792636673741,0.5211042421504087,0.7101171887637328,0.12355687460180936,0.7693267792677294,0.15140659275194102,0.9588658380390325,0.8193775272418994,0.930744594565116,0.504205334187121,0.9396971627257779,0.42280062021129317,0.8580379076117108,0.31083755807122365,0.849985060054373,0.33160295987234356,0.6042988062415912,0.1313933532367707,0.9340816396978602,0.6590317154311871,0.9904937359342726,0.9715463058408079,0.6973422528741581,0.0734696593314307,0.7419733316497523,0.17160573555239522,0.8556654286072753,0.4140294338991005
14,3.292059733851001,0.674492559191076,0.9027226959140259,0.4668550937624087,0.8947521261386318,0.5032819866357353,0.8815857075903669,0.05060721088731204,0.9555722304239761,0.5766412032945416,0.9895556947406634,0.9379731526918181,0.8767552543530632,0.42087427079359196,0.9778911788848094,0.5437180468650018,0.8259247992372465,0.14310319902366103,0.8799069750404956,0.2111745196404905,0.8767076184274618,0.29881775962914914,0.9832146665442631,0.746432426624859,0.6577795926462878,0.1401218942055254,0.9490862974869441,0.7264007819298417,0.7798384399660745,0.16779442244616222,0.8130491335803749,0.28400235493455306,0.9754049123112958,0.8708459653234506,0.9583979278513841,0.6872052404946554,0.9340153201878828,0.4030149538301834,0.9246451543111104,0.23792089618820983,0.8511295646070689,0.30784450588847706,0.8563068563068564,0.3746218231009949,0.9406808687188852,0.46201801832931283,0.6365721811257863,0.19813148779119,0.9655591004879048,0.844133658106163,0.990457956328608,0.9764430044768816,0.6836318494508793,0.10792167346611375,0.7673663376330839,0.21949227317296968,0.8265437656676103,0.1341484073032729,0.8769662216415373,0.43005500824416165,0.6139226354624729,0.8691001960162344,0.3828868967004668,0.8814580647873115,0.3892323479134546,0.9438249163844858,0.4919198472833949,0.9850040207453802,0.9131992832422537,0.9728538149541228,0.5204129562116434,0.8253419532489299,0.16690267395537595,0.6313832044545078,0.07284520037397911,0.9215403079002987,0.5782203045129494,0.731323873356969,0.13222860832023084,0.7820944803593828,0.18021937926189663,0.9573191313208509,0.806814453410541,0.9006350877819225,0.5057252896207713,0.8942218362418949,0.3296521893218701,0.8042011938871172,0.234118022183528,0.8386520942577301,0.2891720471380341,0.6180254935498928,0.14562414705203125,0.9291451922161633,0.6834948452049825,0.9879134617360832,0.9689809294717001,0.6707690947399294,0.07783346699593052,0.7450498974870415,0.17068703441801858,0.8444928657713124,0.40200849612965267
15,3.2588965835809645,0.6740453653325383,0.914520883742703,0.47983486719108737,0.8607011483607017,0.3354964905695496,0.8666684315490372,0.04740975374984354,0.9708014833855672,0.7965723663976286,0.9863198149002376,0.909383978047427,0.8563301753345836,0.46401125328142034,0.9796291097437595,0.575203894147379,0.7924566583350234,0.13848189933829091,0.8305796167707621,0.18422822976551556,0.8997498017268757,0.3445845933388786,0.9756536089062764,0.7304447859631398,0.68322160294397,0.16607675958098794,0.9453202804553715,0.710167596576733,0.7337110884975995,0.13928034486840635,0.7972528773478809,0.24796507006707222,0.9810418673166391,0.9134650293941469,0.9605978864043582,0.6793523755212123,0.9445000699258816,0.44917306723951944,0.9328462805894213,0.24752483972814499,0.8204111000916253,0.27577635020121216,0.8276983552718846,0.36993494956619916,0.9389528590647211,0.5034228568911792,0.5411300613793038,0.1599980369553904,0.9606303388255696,0.8170009323904239,0.9869173942160837,0.9679867217853291,0.6055527879675338,0.07153239085336177,0.6860283059050043,0.16823860927429388,0.8614347743176871,0.13195635384670737,0.8621663808312878,0.4294465855903743,0.6124319892673474,0.8690909238790068,0.38529876471430136,0.8397244367539091,0.24150394488289256,0.9589794846904761,0.6951504083427812,0.982796803007061,0.8895628152378726,0.9743125348163767,0.5521083433698702,0.8455539768809263,0.18580360709894933,0.6593810968228877,0.07301548030012607,0.919334258032078,0.5697118108293208,0.671260587999094,0.08953911077284274,0.7623220919180005,0.15532429940395417,0.9622273524957894,0.8412474028583411,0.9009409809602567,0.489027752321036,0.905397624563142,0.3657070033427359,0.772800212533177,0.19758533368752337,0.81085432641186,0.3077419913383877,0.5179094449209142,0.10989505585503531,0.92027352008042,0.652168247330053,0.9840287518882758,0.9606745554436587,0.6136068285382175,0.051240477090091455,0.6585863698427848,0.12414744301980901,0.8264690803517325,0.39682269236197915
16,3.2164574889395596,0.6311644431194257,0.8816135588540548,0.4378823402923994,0.8330551270817189,0.18464903058579743,0.8205418581073795,0.033488152815652816,0.9541940836716972,0.7188486009942455,0.9844140578601929,0.9098715891869081,0.7601651143278072,0.2335529311942237,0.9766891452496548,0.5121109039207745,0.7940848405355078,0.12881154014309765,0.8443402858371236,0.1905412974258778,0.8297580204988264,0.2773135075202561,0.967964446747359,0.6866058480731627,0.7050238982455185,0.15780718216444883,0.8754863395151852,0.41453882180126755,0.7364043226918381,0.10592434294022918,0.7698371176586709,0.2505324781102871,0.9828677854002547,0.9216323310343186,0.9492973162290753,0.6414623528629885,0.9593651437278636,0.4915201929749726,0.8728436662928251,0.20042488392070612,0.8211173750777139,0.3281396884454279,0.8384743017095959,0.31517200592923167,0.9197645787694129,0.3765575497707204,0.6361368142670543,0.21223570507960188,0.9511270759912608,0.7652211501107608,0.986246815076177,0.9659328598123694,0.6380130371367182,0.0644776878401071,0.7230599042157325,0.18477179521539003,0.8387951318413552,0.16823087453734664,0.8518100415220563,0.3885092015965204,0.5627934709696654,0.838872540646935,0.3578895412474163,0.8140843047693773,0.1527429904464245,0.9372027187553705,0.5941875163050895,0.9802467427526782,0.8849110691247705,0.9704941278296219,0.48314024690740215,0.772992456986985,0.12181407892791705,0.6793533273522167,0.0856737243945644,0.8532837846392978,0.32197993676415576,0.6789409907569693,0.06702309876132452,0.7385726947010486,0.15106777432011723,0.9617669723602089,0.838384659174464,0.8807940729106555,0.43818859955759676,0.9373140105120128,0.3928196029896836,0.7790240096334976,0.22680146082170238,0.821229697806283,0.2799158351312004,0.6058996231851754,0.1429175520941373,0.9137193103210209,0.6059599538206664,0.9827840955801501,0.9557929769452708,0.631052768917902,0.04858958207314968,0.6946769236695787,0.13026996429410923,0.8236152587043492,0.36400350820505817
17,3.1692405926396705,0.6197858438299669,0.8488605049589011,0.39214218549058694,0.8563440681116493,0.3713915657261392,0.8547975385773872,0.04761866283081677,0.9577576742505289,0.7745535201329232,0.977303416472319,0.8799094056936801,0.8235139346411002,0.31678171921143694,0.9695379524933665,0.5243729129842739,0.7077646701450618,0.10009463111672504,0.8049087386754289,0.13687428103695487,0.8367231769755383,0.2430051998425683,0.9668934664708208,0.649418016091179,0.6791062066037655,0.16758827912727708,0.9292898992945383,0.676076967787858,0.6800489928390712,0.11355097745716404,0.7840102930387741,0.24960528354720674,0.9838449960963248,0.9248142320857818,0.9547760096944103,0.6454649626856548,0.9276213306307115,0.3380383627477613,0.9147052954257595,0.3351534674927107,0.8195529045614146,0.30764296852857353,0.7774275163981046,0.3030793270703164,0.8883292251406512,0.3703106039792974,0.6450197243636945,0.2172853064752956,0.965557081428872,0.8184351760942192,0.9784810295156445,0.9497950485653543,0.6252080902708139,0.08364630866136546,0.7450232720660374,0.21786291456585666,0.8713714379514843,0.16466887948206865,0.8490635159675778,0.40425647023253736,0.5551166430647686,0.8097816167679281,0.31282148314996083,0.8312703744699136,0.2529720641911702,0.9390423544920087,0.6536165642172471,0.9724073170317432,0.8551342162102288,0.9673324555386238,0.5099265869023403,0.7786215470893992,0.11622039763482214,0.6364614573987839,0.06691256894918338,0.8960696582232947,0.5146480513280436,0.6424895856526547,0.0780084388746847,0.7455129832416967,0.15791409876650306,0.9609941408737741,0.8334592122235579,0.8882884062023438,0.41777838427280556,0.8878923752519446,0.2669857244030622,0.7675067714594237,0.2011720618827108,0.7596520465621291,0.2713780104466033,0.6084684003701928,0.14987274738590103,0.9324907084973447,0.624598961686938,0.9768564512233971,0.9424892057615818,0.6145186229919711,0.05402898863369951,0.7135208492952502,0.15326256113778527,0.816458906131691,0.37166001640294144
18,3.1351479238724695,0.6541452386276118,0.8928947465355646,0.41334504635204183,0.805930395521054,0.18806299594456927,0.815115825308021,0.03905171714427213,0.9581808169311055,0.7243149680128173,0.9840779464959936,0.9118820533441547,0.8473956493327119,0.42067841784299365,0.9820463231036479,0.5741488248557217,0.8536812430917159,0.1419618531002078,0.800857989895235,0.166853319321048,0.8470912225086813,0.3125858708273231,0.9692094549742952,0.7233078982072554,0.7187510439380345,0.21226793244385916,0.8773951366483965,0.4291036282406601,0.6898213163972651,0.11479398433801682,0.7862638134388156,0.2765301282777577,0.9861211647190954,0.9361977317160065,0.957310303951222,0.6831177917611184,0.9551598650195988,0.4776683422627264,0.8979564846643642,0.25852586199062083,0.8619135463863906,0.3226687682961272,0.8403848661201603,0.30519071318403007,0.9493450098834012,0.5506695521757115,0.6300158900580313,0.1883127916867412,0.9500217662709799,0.7910031876398349,0.9837349029975735,0.9626145110609218,0.6439630398803444,0.07847625854607827,0.7466207832397429,0.20658488444760653,0.8452354902940008,0.19243230329115285,0.8598748584859085,0.41436969058254913,0.5748677051501826,0.8428694824683405,0.33171339436757485,0.7872733705094435,0.1483549666545167,0.9445712710124701,0.6015270684060865,0.9785935472689384,0.8839445522014325,0.9782718186463851,0.5281922286947929,0.786036476186955,0.1591420576957132,0.670411415388559,0.08132070798233684,0.8567281234397912,0.32620195228573656,0.6157752860734153,0.04975741625994777,0.7442378358465862,0.1500822567559085,0.9609586889143633,0.8405763725466966,0.8863447698711581,0.4510908709507947,0.9271051921793073,0.3781396602711506,0.8127908671027031,0.1926061360113798,0.8165609647978408,0.2385438634585124,0.5982689614737934,0.11904579465892685,0.9064551492132165,0.6147049529096216,0.9797700157227858,0.9539824292498924,0.6251489645267101,0.054883404997306984,0.7074665388286556,0.14197780713380434,0.8212819369735709,0.3622893946746066
19,3.086792352596356,0.6441082209137661,0.9175492143354623,0.46275767810068397,0.7747023393210407,0.15044687168948384,0.8381505797638586,0.0483151469073015,0.9484037471647616,0.5931437856466316,0.9848894573561688,0.9231519723300587,0.8740159509747178,0.4919029605797055,0.9820197891280693,0.6007131616756051,0.8518465256871849,0.13230445281729303,0.8443791351380951,0.19229859250208628,0.8511476594498426,0.3450359866227279,0.9583397477543641,0.6594879322703144,0.6949865149400707,0.1626912043639074,0.9151368217987534,0.5000284514435669,0.7321887389060033,0.14978440004809998,0.7862835349790757,0.26784828980130565,0.9850600710020927,0.9277752534700963,0.9595497256541305,0.6761150125473944,0.8592844464157469,0.24482440337852923,0.9229995406541561,0.26358533430523245,0.8527152986399739,0.31736727264932846,0.8030666817431523,0.2772551787953728,0.9479793059758524,0.5476081832531642,0.6593163765837577,0.17688257124447798,0.9538668576382306,0.7613984482067804,0.9850480367521439,0.961325696550194,0.6401854619439874,0.08132223678984968,0.7190938885891567,0.19980708765208238,0.8364417219010738,0.14382103811963595,0.8599516846496759,0.40210709299146113,0.5559364984720877,0.8769631310543397,0.35627122137393125,0.7581243344729025,0.12409211447084925,0.9270026647428645,0.47645854230990675,0.9760029712296815,0.8889910343146856,0.976441800829608,0.5512852238842961,0.7725611090864168,0.13561032893764854,0.6511126301248915,0.05696916835683021,0.8918930173591795,0.3832740753645483,0.6239266894650003,0.057933894740293014,0.7456975988249852,0.15735149978963137,0.9577783261863315,0.8299429940456086,0.8870009776683108,0.4494780647479835,0.7750460530217095,0.1988644257170864,0.7929094267842886,0.181503690990365,0.7708598114059821,0.23044515509448016,0.6264600564979964,0.12190230982598378,0.9100038599093496,0.5564882591253423,0.982975556463298,0.9540736427026242,0.6267245487932958,0.04896413082291582,0.6738212614872299,0.11510803230193509,0.8101652912703831,0.34375039044584726
20,3.049536768455588,0.5966559837022682,0.8995074607455343,0.5142443380806677,0.7474890480308689,0.19530499968501946,0.8273819048571524,0.03341368297815514,0.9515763030639758,0.5363214738177894,0.989077123032692,0.9398214307685238,0.8785563307332087,0.47487882224357536,0.9823414547236202,0.587511933055879,0.9233440529713415,0.2864284626170836,0.8470462321481297,0.24947515372759144,0.849044412407068,0.35584909666153935,0.9734671593412803,0.7043219596174161,0.7409643811732564,0.23535150457976167,0.8925308855709873,0.4890837061624269,0.6894910492327062,0.1424021428849828,0.8267985633851641,0.32745979195946046,0.9776254235647593,0.9035726578218864,0.9583251500077153,0.7246987089258035,0.879684274841698,0.36660396263336076,0.8888358471693683,0.2429444623428352,0.8981720949026282,0.43064947835555073,0.8419315404609522,0.3805386838200241,0.9493196591989327,0.499432136555753,0.6370303758386178,0.18876980139087152,0.9499233967839217,0.7829882690533017,0.9774550227703825,0.9553328081680895,0.7367338723300862,0.12217074752886857,0.7743374984198148,0.2953208385609197,0.822682583992294,0.10923097202993401,0.8682383250606484,0.4312186437866811,0.5197883282402922,0.8570295000366006,0.3899329939389898,0.7234571447252891,0.12807098457383168,0.9359426787558992,0.409983269077608,0.9828755085704678,0.9104652195065602,0.9794183996206453,0.549226859765234,0.7850760668818124,0.15969905668587095,0.6836037652554079,0.08442949443238595,0.8667062623393742,0.36588289343589186,0.5689007320967425,0.04489771317966941,0.776583879363869,0.196350359818344,0.947077406982833,0.8012078595087381,0.8679098720702176,0.453305158595602,0.7898808965880912,0.2663037019060597,0.8288935211295914,0.25395387171626055,0.8160966340933766,0.295832436073259,0.590421909851939,0.11092378932566382,0.8915426143406616,0.5715229615254295,0.9725751392442786,0.9446088673776083,0.6942182570233836,0.080876713057557,0.7306403528671527,0.16434343708322893,0.8144425270918816,0.35909088202918965
21,3.016502405939,0.6847034856276862,0.8927183935136325,0.4597950308236705,0.8731269340877014,0.4413794240955566,0.8857562226810918,0.06850550768879964,0.9709352871089292,0.7948419642405599,0.9903578708303897,0.9375491850631885,0.8211156627122976,0.4069981739652371,0.9803059361021145,0.6138253711705666,0.8447453142188405,0.17344480037771887,0.8504656797875351,0.26572989594708407,0.8606944234444222,0.3320891252380552,0.9499885246596237,0.6472826062740138,0.7221701990961638,0.25322750098564484,0.9593509431769155,0.7961804167538413,0.7215731270963074,0.17709788337169263,0.7889432101813597,0.3303764141776026,0.9886839654940709,0.9473591625270998,0.9707070202351834,0.7371643795746033,0.9339224252494631,0.3844764649818764,0.9420071774324741,0.3656680716973506,0.8647867426576205,0.40751297459224173,0.8592106367841662,0.42328002999406017,0.9169486775304359,0.5041749752551771,0.6462175433489432,0.23344046535655213,0.9662347870302351,0.8313216124260282,0.9785650305027367,0.9558703211562688,0.6557084438271884,0.09413459038472047,0.7787157163262358,0.29347523870201747,0.8906475258308703,0.22094603966598178,0.8751644078909624,0.46775527237454323,0.5949168964746218,0.8451611643852329,0.3423175594525157,0.8396582927011527,0.2730078764373739,0.9529275344801862,0.6280693506032604,0.9855092239133791,0.9109168500237075,0.9718782658336824,0.5469740907480738,0.7727151619080483,0.13821772685839326,0.654202304154028,0.08484508118997594,0.9274037185463009,0.6000895549483609,0.6319011108002823,0.05577295400629872,0.7256638769578342,0.13815036774441655,0.9600526472211608,0.8327700006573228,0.9006159508667139,0.47063735248690824,0.8612061715193703,0.2687570961594108,0.8050348297327047,0.24493864188316328,0.8339993182334672,0.3041659253055385,0.6033852766027551,0.12844322699193064,0.9186344707687704,0.6180449336027076,0.9766518559052934,0.9504169705445882,0.6312686407836083,0.05425413014419823,0.7240527717021431,0.16060441524783006,0.8260961293508057,0.38756970525179874
22,2.9766074825774327,0.692082184293558,0.9161985807969553,0.5592310147537181,0.7991909753309603,0.20291919190035634,0.8466783933295289,0.05895829603706234,0.9664434389328451,0.7281585721099562,0.9850545375988214,0.9159689747894908,0.8004532816158481,0.37828361864574217,0.9736661809528051,0.5441056686439133,0.8738670852680919,0.24178953119207172,0.830865251631239,0.24397934846531197,0.8543781461932978,0.37459284466266124,0.9606718679382521,0.6975792964580713,0.7301448224803019,0.24889768776286098,0.9322031500119203,0.636268090791811,0.7170166350629783,0.19605045724755005,0.7932582239491736,0.3535522664353658,0.9902604003346922,0.9548095017419829,0.9674273304120339,0.7183892439361218,0.942290081465382,0.4457835233248258,0.9229837647264189,0.3178135207949267,0.8569479501736967,0.4163317009426424,0.8382464963347318,0.3938268970167569,0.900979145828971,0.44145270309613444,0.622633027317716,0.21755072828669778,0.9578744221621788,0.8263959247797551,0.9738181443888411,0.9508317295912524,0.61825628056777,0.09140936810265056,0.7438530964627557,0.25121304859224325,0.8534459618623095,0.2039783271187665,0.8631823811832328,0.4503614670435964,0.583513453081911,0.8629041309811384,0.40121352855042536,0.7768152543481103,0.13618823505820654,0.9451416128587535,0.5855599374695722,0.9805006020028971,0.8920493095498019,0.9691261031899857,0.5219909235771562,0.766454161802999,0.12984793521924243,0.671964084817932,0.08588335401429449,0.9033234219298137,0.4650199424883448,0.6169627785802233,0.07454524852877277,0.7354057685700508,0.1500192323249834,0.9608360930667006,0.8406900818908598,0.8966729530937351,0.43681151099835147,0.8714060629942849,0.3028937830455055,0.788795050773908,0.2183673272002619,0.8044708313343265,0.2912053479769715,0.5779996188242666,0.11614388728097229,0.905229497238962,0.5955698851881036,0.9716223628366782,0.9436775782902089,0.5861161610606835,0.04616293912746557,0.6839680647522354,0.12964595358940748,0.8137857307528842,0.3681742970684454
23,2.9210789452984933,0.6821196988894686,0.8241323841947912,0.39323140389074923,0.7390136513225388,0.15610556844769818,0.853884408048648,0.05630899187237077,0.9526076528268476,0.7026496069663396,0.9741313595098859,0.8892181302002972,0.7527047739000365,0.30226905967799866,0.9718211215536056,0.5084045411283805,0.8465697597343708,0.19847876682451818,0.802025072228867,0.25455837890758903,0.8681349138171962,0.45139337702887466,0.9537988231597084,0.5904362775736388,0.7501938720051535,0.298198581816844,0.908716319111535,0.5522979945581055,0.758947028154984,0.20514011967673523,0.8071829117440052,0.3866178008157393,0.9893237302656419,0.9457966719858119,0.9665652408497429,0.7506379995333713,0.9511799329403491,0.4338476578270358,0.8269317213749889,0.25263237560251073,0.8502605217705786,0.4294671860394197,0.8565656194332665,0.39163881171570186,0.907579314337504,0.4407036403092026,0.6513869050610872,0.25333956557684534,0.9549568585852684,0.8190891715521359,0.9723514148488478,0.9502040074743408,0.6472458066249107,0.09351658653580233,0.7252644807403693,0.2321844393960163,0.8719794601154998,0.2686543711999359,0.8548376806521512,0.4359650387190718,0.5689051203696802,0.7734044197187452,0.2661729710552052,0.7115076640699435,0.10842357373873462,0.9251770042700097,0.5440472870873517,0.9704981526641266,0.864499968450925,0.9708605917748181,0.4984596931426886,0.7762523614096802,0.15902771673593377,0.6729690548411443,0.07347427106832069,0.8847735812501295,0.40153720942439847,0.6481986842430782,0.059533100999513894,0.7456104310438282,0.1705807347864623,0.9565318643060331,0.8123038809704854,0.8876903032358243,0.46453806468842007,0.8966180599259963,0.32970856898577383,0.7760702757948745,0.21143175895940286,0.8227179057703261,0.3033439378630583,0.5964527237105842,0.12813532160616672,0.8959045211149593,0.5883051490300203,0.968297745116174,0.9414622964315092,0.6354124748490945,0.061409099312727686,0.6730784705665821,0.12851648583904426,0.8094013144837975,0.3557455545088072
24,2.876884012662865,0.7024173312464287,0.8829091822393335,0.49193946633567476,0.8526232254544839,0.37243832826255585,0.8785773185161654,0.0976139878380573,0.9483442607223497,0.636101271614853,0.9689336335088624,0.877864998595775,0.7798183361865174,0.381818051200238,0.9682167259492103,0.542378748569516,0.907048008350958,0.2590003356894272,0.885952018770009,0.32154955099398164,0.8819398491243914,0.43094054456719283,0.9724440444748885,0.7504899510030045,0.7421665663458907,0.2771564512433044,0.9192570344451841,0.668521740313272,0.7511277579943912,0.2178113523543734,0.8490907166008932,0.44405634560534746,0.9907058352745052,0.9567870109463792,0.954549461981825,0.7148720429987774,0.8865072187420737,0.3414582450997256,0.8852687460022366,0.3676301438842189,0.8807754507399471,0.4639030158139832,0.8793302837420485,0.4524457789305346,0.9124887463156474,0.4541259623045194,0.6596353861719784,0.2814260313712398,0.9572602790993596,0.826325259002687,0.9732658563999602,0.9485576865307487,0.6860227339983691,0.1023419426062199,0.7896767116663834,0.3251400986431244,0.8503278042840086,0.2009092928665475,0.8747951140393526,0.47162870125661716,0.5717373481404189,0.8233670871662234,0.33592542633283135,0.8171339367445684,0.2148208789352406,0.9238344346722516,0.4918212386774149,0.9636964503304065,0.8531230860074603,0.9624867064743498,0.48886094848156175,0.7956226697676767,0.16845271741269427,0.6487324304695177,0.0723890906820539,0.8809658088159151,0.44721814659217995,0.626741988707403,0.051041176236463814,0.7731915574010884,0.18813796889905166,0.954550782632078,0.8124795148105853,0.8586267825590319,0.4218858555644023,0.772059062641674,0.21565572564080632,0.7973378293562916,0.2703521266362881,0.8461034798149413,0.3328866987980861,0.6094732668213982,0.1479141522228582,0.8893689309724776,0.5786186234239491,0.9696615908016565,0.9385250115147399,0.6526947321657707,0.06694777881743999,0.7209278385816829,0.16721582677914404,0.8143288683448201,0.3632135996232626
25,2.8460206550674103,0.7195349183871208,0.8744432929178212,0.46504285657060435,0.8239073281921554,0.3417606745206345,0.8732289405411129,0.0634976480932958,0.9659886367440211,0.7902242716182437,0.984041179843431,0.9161188761130262,0.8146583272887172,0.3823448841312181,0.9736953492367503,0.5302476548758029,0.8289774378397077,0.17403964788086385,0.8526526487700063,0.28543670228847406,0.8947707411460971,0.4775892162535433,0.9608029737020507,0.6420809879583635,0.7708936762902705,0.27700935036470387,0.936193374407731,0.7159407488245649,0.7687124638259407,0.23907021670702527,0.8287402464848552,0.3742319695172781,0.989780796237753,0.9528802285577196,0.9679247025170318,0.7586195126366952,0.9474123156737997,0.3981104900094025,0.9220508337270487,0.3669293137893555,0.9057792723473151,0.48945233403185934,0.811617289558466,0.36956990933330086,0.911296723827057,0.4326499164511642,0.6738819196898997,0.256293644425218,0.9660968335126281,0.8496677816124333,0.9830439423847629,0.9651812004981378,0.6687494743379894,0.09901054789735295,0.7242151448306333,0.2575039142058399,0.8682327417525983,0.2730319937932763,0.8747067359867018,0.4694120176056928,0.6040843705746441,0.8199287509455139,0.3317974374819681,0.7826828097853501,0.1849164925030144,0.9419968007977231,0.6258012165097899,0.9795732286839639,0.8863902033707975,0.9658435806658042,0.4866565873871743,0.8035474403463458,0.159588127679684,0.6907855200011394,0.07300720968641937,0.9017009883837842,0.51673845958858,0.6400560823784865,0.06504675984916185,0.7571640701542615,0.1411783170080716,0.9539438181972572,0.8065166328457102,0.8892170919424661,0.4876650885238887,0.8838147141396964,0.29115232014390313,0.8301427187917262,0.28513149312129726,0.7723944875107666,0.26161875586491473,0.6020372712339919,0.12409729923826487,0.9048849297214066,0.6100229270317242,0.979226606575824,0.9533727996918957,0.6401868876711503,0.05906397379299759,0.6541199401615382,0.12845284903682708,0.81966238690441,0.3739107475178042
26,2.810757579950009,0.7166033142033739,0.9017281036806419,0.5099288882218037,0.7999796022314435,0.3035189323769786,0.8947452098150993,0.07069897873744452,0.9639188428790183,0.7708872337139523,0.9765205330365606,0.8882962378515424,0.8876986384580403,0.5084616566841023,0.9843871033425173,0.6300385938774686,0.8775278284787684,0.21266645840564016,0.9122058213765875,0.31574194436747827,0.875212568880431,0.42315617401256295,0.9791761853143889,0.7193131412109182,0.7775253253974114,0.3353693538450948,0.9505421666856828,0.7422094008835161,0.7936111219193152,0.25607782875518587,0.8313669855683044,0.3774316138468014,0.9910405314277851,0.9561979200800058,0.969538579701551,0.7844911602998901,0.9545469083495807,0.47820298799233857,0.9231635488379699,0.375958453555812,0.8878374898750706,0.40510906882445596,0.8751144890850775,0.4761791680789172,0.9534122092156028,0.5811269711788529,0.7086849853132406,0.3001908403224106,0.9713510244333142,0.8897113828597442,0.9747708312993763,0.9477146495551376,0.6675798748666825,0.10746370337701155,0.8169344309137125,0.3603912785641258,0.8758403258120377,0.2512394501831454,0.891998616649829,0.49920619541651207,0.5946932995453529,0.8470014396213065,0.340823495226646,0.7527541729716603,0.14366227427722594,0.9404687756724651,0.6019062700951838,0.9750528787790436,0.8691343574049537,0.9795279704987316,0.5825127955927966,0.7766504045573813,0.1351102237729699,0.6629096708961706,0.060736256065123444,0.9143547729187924,0.5214486124246926,0.6364553063216848,0.07104356671487011,0.7615433590894585,0.14147777379901003,0.9556939844888831,0.8057356584852856,0.8963971038807286,0.49420160004302954,0.8877398216286286,0.3674296391218295,0.8050810963127838,0.21439196051283413,0.831366240492443,0.3131926457858154,0.6236930194771108,0.13856927242859002,0.9116837050108737,0.6476377006250434,0.9719770086372559,0.936859842796452,0.6331092665316658,0.06270995865580024,0.7529986645493496,0.18497361954752897,0.825822933116821,0.38167787616878407
27,2.774779615661425,0.7088767980919729,0.884699524493968,0.5026239339415102,0.7906115569907046,0.24259775050120547,0.8321188001153055,0.0694438745984051,0.9546967522644906,0.7490611956385307,0.9681788855661493,0.8723366523056282,0.8051726098084391,0.35686424468935507,0.9802487194334328,0.5844866857596795,0.8611603196049977,0.19356972832107483,0.8288970103797931,0.30063478909207336,0.8624202174448924,0.4001577742360773,0.9637270669736173,0.6278998727836879,0.8228437463751082,0.379223558033377,0.8939105449316181,0.5291989659942002,0.7746557405845111,0.2337983507876175,0.8129387254419528,0.41061125092646483,0.9943723602196297,0.9728500464877722,0.9653874363439903,0.7507065413449644,0.9373188471816949,0.4000269037069,0.9062926282982446,0.3619262282568211,0.8583176934828546,0.4281481507792811,0.793350841144959,0.32298150746675713,0.9278694459236773,0.5020397663278819,0.6993299786375555,0.27811309724191546,0.9510537556371604,0.7958040287969399,0.974994892946774,0.9515781740409144,0.6213124046170556,0.07904122713275029,0.7634488493871917,0.29604782841152455,0.8660178095118776,0.25124256114738625,0.8676909701336301,0.4586790960268105,0.57471864053067,0.8235995412732109,0.3207585190372937,0.7583206065870838,0.13356312547140442,0.9270583769430809,0.579964429862617,0.9686557663157714,0.8523234558766974,0.9714906243238143,0.523822127057402,0.758510904885734,0.1275641025937759,0.7183813958787257,0.10987834330856579,0.8630163295061107,0.35472819094653824,0.6428616285774639,0.05984849642272115,0.7285521380574532,0.14873091474924394,0.9561589111082807,0.8179750355023181,0.8743597065805209,0.46196894597691823,0.8636033516525207,0.28789084175117774,0.7764596687312867,0.19473701845301442,0.7559607226725249,0.20595257524719374,0.6201902809878911,0.12605922331713648,0.8914686065936458,0.5602838541975684,0.9722582429016248,0.9424936184721915,0.5883647005290047,0.041019201715175375,0.6962780733556194,0.1487300849579224,0.8077774788730684,0.34991460524584383
28,2.743135107916745,0.7613475441603935,0.9100589452417326,0.5847442106150547,0.8099128708458524,0.33851284373519386,0.8846214033168022,0.10142453839948645,0.9741864719349366,0.8376483290604494,0.9830854078725237,0.9073930774984335,0.8875140349410133,0.5562083354937116,0.9888657202669942,0.6760847808817988,0.870346022189036,0.23337146412827495,0.866831780306833,0.35291169897125246,0.8879119335048996,0.5062093887359266,0.9710447149878538,0.6978244227317284,0.8348721005641919,0.387095820733837,0.9233126528205202,0.6866274909725298,0.8202539617440556,0.34011329110312094,0.8571486379237957,0.46080934055517825,0.9956934983009413,0.9801777578440432,0.974985234935532,0.803174786841254,0.9564826520384335,0.4416827341885367,0.9226147719231103,0.3966220626542069,0.9069264070272836,0.555456636296489,0.8486197493550434,0.4128541154225916,0.95582235778018,0.6037635312930153,0.710644919001069,0.2952880715490896,0.9680109014757612,0.8711942469280326,0.9824650515456516,0.9658196527895223,0.7202213159869063,0.14582782122948126,0.7958301705077083,0.3448243184600157,0.8985456128795477,0.2991636551580921,0.8966724750435076,0.5279581580096553,0.6113140046210032,0.8457469357213153,0.4053126164179667,0.7590913336695997,0.15162047608992132,0.9514049861474918,0.6420899158332921,0.9810117824662613,0.8836879294953903,0.9834451293903164,0.601039839338561,0.7772126239978497,0.1429180564884943,0.7380977200552541,0.10333313714849106,0.8851514464710033,0.46277730444599247,0.6486133075282077,0.08129942265022708,0.759034864053944,0.18808254906306587,0.9579254058223299,0.82326901112664,0.8916719714592245,0.4876672098012439,0.8870341216386396,0.3230931433447322,0.8123081036019686,0.27844901126545635,0.8013232723671327,0.23869008195023542,0.6260225927379562,0.13466339450722886,0.905798755414595,0.6235995163422623,0.9786967172262129,0.9556120562314938,0.6739356826920796,0.08196792950607795,0.7232361457695748,0.14904137595417705,0.8293381449115479,0.3879106988500474
29,2.702266802423735,0.7193113214578519,0.9018558138662941,0.5800288729772617,0.7787372733106601,0.31980556820092687,0.8849377094572202,0.16734196666122708,0.9538612918865181,0.724929729701683,0.9564971314140098,0.8468097839354235,0.7980474930659169,0.3743039838724266,0.9816966473017429,0.654953643424974,0.7931957075795129,0.21920215007345853,0.8515306131258344,0.33997925115869176,0.8930454140115411,0.4598123135109664,0.9704217805491214,0.7098028247647161,0.8167408769215087,0.3848311707376486,0.9502523832300984,0.8297076834493629,0.7793800721558197,0.3016382254785554,0.8430478417430477,0.4666363697763489,0.9952258652080147,0.9766875118593478,0.9520071386791993,0.7150623317182601,0.9355075208188071,0.4030208999283175,0.952109712767479,0.43637206719456073,0.8839959821857172,0.44442611571902274,0.869837274249039,0.4508333291686529,0.9319230664301313,0.5147884127664968,0.6554042339667707,0.28461907149902016,0.9514700134589195,0.8147525897353879,0.9680547393956749,0.9439152394778011,0.6092990478299114,0.08848711017945621,0.7480246154897722,0.3076572132125419,0.8999576035474305,0.312838612397998,0.8752166022730613,0.5026158586635906,0.5758366251770143,0.8351306639338262,0.38095334499426325,0.7151798557791104,0.1158438115377087,0.9161699467617992,0.5614556063916418,0.9591522994303665,0.8368087353234732,0.9751605581669436,0.5897041437898575,0.7696170863065528,0.11477890807684221,0.6917734011193233,0.07434420873151956,0.9110649218718673,0.5976888583317267,0.6272334469443953,0.06553719652077086,0.7421888832362933,0.16318838146370448,0.954300071470018,0.8120958953574222,0.8671461802518933,0.4271314400164093,0.8675624130826927,0.31577168187723903,0.7854506678926263,0.21132158333551906,0.8301629786744551,0.3049064181485398,0.5701329431127521,0.12276622718908639,0.8807920868720194,0.5581647733229143,0.9632405701821993,0.9308390816845813,0.5816778484411291,0.049473159339989206,0.666393619798912,0.12742893127639704,0.8054765221664588,0.36801011933548033
