epoch,train_loss,train_accuracy,train_1st degree av block_rocauc,train_1st degree av block_prauc,train_anterior myocardial infarction_rocauc,train_anterior myocardial infarction_prauc,train_atrial fibrillation_rocauc,train_atrial fibrillation_prauc,train_bundle branch block_rocauc,train_bundle branch block_prauc,train_early repolarization_rocauc,train_early repolarization_prauc,train_incomplete right bundle branch block_rocauc,train_incomplete right bundle branch block_prauc,train_inferior ischaemia_rocauc,train_inferior ischaemia_prauc,train_left atrial enlargement_rocauc,train_left atrial enlargement_prauc,train_left bundle branch block_rocauc,train_left bundle branch block_prauc,train_low qrs voltages_rocauc,train_low qrs voltages_prauc,train_nonspecific intraventricular conduction disorder_rocauc,train_nonspecific intraventricular conduction disorder_prauc,train_nonspecific st t abnormality_rocauc,train_nonspecific st t abnormality_prauc,train_normal ecg_rocauc,train_normal ecg_prauc,train_pacing rhythm_rocauc,train_pacing rhythm_prauc,train_premature atrial contraction_rocauc,train_premature atrial contraction_prauc,train_premature ventricular contractions_rocauc,train_premature ventricular contractions_prauc,train_prolonged pr interval_rocauc,train_prolonged pr interval_prauc,train_prolonged qt interval_rocauc,train_prolonged qt interval_prauc,train_qwave abnormal_rocauc,train_qwave abnormal_prauc,train_right bundle branch block_rocauc,train_right bundle branch block_prauc,train_s t changes_rocauc,train_s t changes_prauc,train_sinus arrhythmia_rocauc,train_sinus arrhythmia_prauc,train_st depression_rocauc,train_st depression_prauc,train_st interval abnormal_rocauc,train_st interval abnormal_prauc,train_t wave abnormal_rocauc,train_t wave abnormal_prauc,train_t wave inversion_rocauc,train_t wave inversion_prauc,train_mean_rocaucs,train_mean_praucs,valid_accuracy,valid_1st degree av block_rocauc,valid_1st degree av block_prauc,valid_atrial fibrillation_rocauc,valid_atrial fibrillation_prauc,valid_incomplete right bundle branch block_rocauc,valid_incomplete right bundle branch block_prauc,valid_left atrial enlargement_rocauc,valid_left atrial enlargement_prauc,valid_low qrs voltages_rocauc,valid_low qrs voltages_prauc,valid_nonspecific intraventricular conduction disorder_rocauc,valid_nonspecific intraventricular conduction disorder_prauc,valid_nonspecific st t abnormality_rocauc,valid_nonspecific st t abnormality_prauc,valid_normal ecg_rocauc,valid_normal ecg_prauc,valid_pacing rhythm_rocauc,valid_pacing rhythm_prauc,valid_premature atrial contraction_rocauc,valid_premature atrial contraction_prauc,valid_premature ventricular contractions_rocauc,valid_premature ventricular contractions_prauc,valid_prolonged qt interval_rocauc,valid_prolonged qt interval_prauc,valid_qwave abnormal_rocauc,valid_qwave abnormal_prauc,valid_s t changes_rocauc,valid_s t changes_prauc,valid_sinus arrhythmia_rocauc,valid_sinus arrhythmia_prauc,valid_st depression_rocauc,valid_st depression_prauc,valid_st interval abnormal_rocauc,valid_st interval abnormal_prauc,valid_t wave abnormal_rocauc,valid_t wave abnormal_prauc,valid_t wave inversion_rocauc,valid_t wave inversion_prauc,valid_mean_rocaucs,valid_mean_praucs
0,5.089263841630876,0.30289930684951927,0.7780050039689063,0.10662108687196864,0.760567943704571,0.013557054141925026,0.8848903168901852,0.1590912647935003,0.9107793982582574,0.45171540651840864,0.5573112663342741,0.0070651304459125935,0.8815209935797925,0.14703815885304514,0.775656496067424,0.024665769457375874,0.8167030508149392,0.07178418903703757,0.9678520999580322,0.553217770192723,0.6629647626653842,0.03812332966057833,0.7396940294217933,0.058622897332470704,0.7599388966137337,0.09278318530539634,0.9220685477446916,0.7101526754625683,0.9485856190632614,0.7407134793250635,0.7551098888357626,0.0720231135987259,0.9139838430644446,0.2243010617797578,0.7538636891287015,0.015876056643567796,0.7654387228561016,0.08217575482569434,0.7238649464714182,0.0715494802812972,0.8947052310184928,0.19446120194460345,0.8386820702792444,0.3691010402397933,0.7640011613558995,0.2823135237198641,0.8059996089576241,0.12230505660312044,0.6960226724720805,0.06968729234458096,0.8237775383110614,0.4330759672760446,0.8504647745029771,0.3053008368377551,0.8058635604745791,0.20835853013433767,0.3011850637251248,0.7742722168704245,0.11518513066680823,0.8837600585745921,0.166325279230368,0.8649876240781852,0.14008389602081597,0.7999052711453346,0.074245084578253,0.6709401411822051,0.037934427647445645,0.7309317018371345,0.05185253529265113,0.743602941076942,0.09387839918347811,0.9208727383451613,0.7005750078263498,0.9562255731383408,0.7540037749496423,0.7676628303312941,0.07821330742047693,0.8985234426410897,0.19252875756199592,0.7562605839353945,0.07411262874380273,0.7395460633974357,0.08231822045214565,0.8376994701696084,0.3433524719218153,0.7368418160936299,0.2164751449969654,0.7955816466326086,0.13237326993972187,0.6575769304678057,0.06481963627078946,0.8236958788498812,0.4349325884171081,0.8446108735951721,0.30855542698538335,0.8001840948611705,0.21377710463715877
1,4.751309664808401,0.29467590867307647,0.9318859822430788,0.48056112751182234,0.7857730812571779,0.0227064138196474,0.9022809760338931,0.35025846857627907,0.9262953100911436,0.527252561994013,0.8143385345809435,0.030830825184567867,0.9045243882555116,0.31265944745086605,0.6756650836014124,0.024275951869407803,0.8108393387710797,0.07263417081472545,0.9781429292407269,0.7263226829836331,0.5918912244830113,0.03765498384589146,0.6838594213970692,0.05264250182093762,0.6992983996673676,0.1175748531055021,0.9446252557258284,0.7823216240190051,0.9660383333105216,0.8260464845679879,0.7110601563879346,0.13959084692828494,0.8660214656027198,0.19343847867745062,0.72333270112339,0.014296569600196967,0.6588921929221968,0.06337756137357373,0.5987017160263018,0.03868849094418488,0.9156370210856,0.2278900973825275,0.8010776661930672,0.3265019327535467,0.8481147223517126,0.4721699334688208,0.5805136898489316,0.05257101434436993,0.6281291068166789,0.044028336606620797,0.8006363929661975,0.4349823390988583,0.7805295447394154,0.18035172971282248,0.7895424859508814,0.25198574724829015,0.28568234329581876,0.9315457581907317,0.4614010983925766,0.8801777605938647,0.30366328716304697,0.8916374838840543,0.28658479978061785,0.7973735769322734,0.062345054168378114,0.5729101929141969,0.03934604791254565,0.6683078363441834,0.046269205366028625,0.6794943704257173,0.11454752210545524,0.940295514087417,0.7686085838152177,0.96977342804682,0.8274735849488154,0.720633494487942,0.12538497603337037,0.8424609968727617,0.1660935031991779,0.6483529481844562,0.05702189287869003,0.6146046959915291,0.04190687511780275,0.7976316798541461,0.29445599166082354,0.8102966456724028,0.3813189730678901,0.5620744609695358,0.0503608569755216,0.6156199242963738,0.04901111514557478,0.8036253757780737,0.44427208115372496,0.780198356570823,0.19366892513904163,0.7645797105314369,0.24809128284338422
2,4.577483372683436,0.34674914908946364,0.9325290499452745,0.5596101559658144,0.7761947659802231,0.021883761992082577,0.9407477116041189,0.4615897516643772,0.9103143939065572,0.4573128096582662,0.9068259221861854,0.12497431756300235,0.9280292009350121,0.3820011508621415,0.7502709093587395,0.03272071218504125,0.8392035830255055,0.10630353039831594,0.9761333218702697,0.7001740691047298,0.6966323276178154,0.0628179279807699,0.7448023981869899,0.07757770070364958,0.7782255869739052,0.1510405912136961,0.9516121350077281,0.812415960155598,0.9711674530991943,0.8253422036863636,0.8135046702770534,0.2623016770428985,0.9371647203900622,0.41372434815984904,0.81804357079865,0.028037186062634153,0.8170976732935824,0.160454606315424,0.6777706754132863,0.05964688370982217,0.9263469619241577,0.2584286529356803,0.8779209726804363,0.4041486656189875,0.8797964072937539,0.558103995621392,0.7673452957724586,0.10094551853996644,0.6792012750081486,0.062295888396994646,0.8352380999799258,0.48250683971273894,0.8018186354541511,0.19857407596191995,0.8436129891531993,0.2986512685081598,0.3242900797495714,0.9316477251444745,0.5430488997536181,0.9250417100979353,0.41535878312853913,0.9097161041817768,0.3163949756647943,0.8232028966412428,0.09166982295712768,0.6849266380588462,0.04592848975018768,0.7127607525091498,0.055614852226805525,0.7580594347143996,0.1506716542113377,0.945302738349402,0.7976190661407524,0.971631173955282,0.7916893869917028,0.8154396454598611,0.2502703878097208,0.9165247179953062,0.31474800963032734,0.8181076774484526,0.15829354665886347,0.6912872576995303,0.062117491508630274,0.8740961090304289,0.3675470735156327,0.8380387110134832,0.45526855236749736,0.7639402458849223,0.10028393333330317,0.669723148930962,0.06710496828332568,0.8341633286468302,0.4765311759591541,0.7981109956518195,0.2104869858458188,0.8253537374428477,0.2984551608282705
3,4.454973420813431,0.37661176119847956,0.9328315260531589,0.5838739063658382,0.8082518048011147,0.022278300405890256,0.9531054046795201,0.501376982029896,0.9145899614382599,0.41441943843732154,0.9062364207934225,0.1700984344769711,0.9229473659548807,0.40063220096982954,0.6752768756042632,0.020920417555498533,0.8552548073069226,0.11587787649827368,0.981558708522539,0.7784429554009703,0.7166849379803752,0.07792380649851051,0.7791967435239073,0.09412433545697105,0.7319035859777279,0.1467644699567432,0.9543421850168557,0.8237182012522983,0.9716447446460996,0.8669609534272058,0.8387622157497168,0.32263227564217345,0.9393469398161081,0.4078326428341548,0.9048684223734829,0.06412636435622084,0.7463363135656809,0.15568128851051427,0.7187700274156407,0.07357876454875485,0.9280495175586203,0.28716622267276637,0.8762942166909133,0.4110847092297321,0.8988285528067796,0.6070257776959938,0.6979689701143263,0.06932358779834924,0.7170723877987389,0.09266078833000779,0.8170217490382232,0.46835050010085166,0.7978096365349303,0.2135797758627398,0.8455751546831619,0.3150174990890183,0.35313408362525156,0.9366653956814033,0.5662832576004557,0.9368756215420997,0.43325056599599515,0.9095241833253972,0.3664367459249445,0.8351934469347623,0.09696889943368801,0.6697412820133407,0.06338621613886401,0.7475161277307526,0.0761515681621406,0.7102154134468182,0.13246039550714048,0.946691594057686,0.78556160548893,0.9664912529163155,0.8404593105425984,0.8274593904647815,0.28209958896123355,0.9098170973170971,0.3442357044352497,0.758545756639691,0.15612992947165574,0.7244314983676686,0.08325399443876319,0.8668437591188948,0.3676410121091533,0.8488046371225497,0.5010489670973389,0.6830545043971127,0.07077071797709629,0.6900402879559827,0.08731015850835185,0.8167099195708564,0.46327114729724805,0.795618296521756,0.22814097003533604,0.8200126034276297,0.31288740816453603
4,4.3552730018131625,0.3974062756204815,0.9488497515499714,0.6019777294190892,0.7688201250288669,0.024061553237623802,0.9445807838493959,0.5732264288663139,0.9008458981276177,0.36264194296921193,0.9245614504669308,0.21312035855051648,0.9415078559257108,0.45494925323625124,0.736876897217832,0.03100285198397923,0.8446252646269203,0.10717910131852633,0.9685614209304594,0.7613788115972759,0.7331294685064177,0.09566464059173943,0.7766477281288349,0.13849472375560284,0.7652765566961303,0.1683903253867589,0.9616385388702584,0.8367253225282099,0.9768291399770058,0.8530476931708755,0.8666485672905195,0.3486919637813586,0.9434816859876312,0.4806428774364322,0.9031703192809724,0.06904613817897244,0.8408381274310317,0.22194237787573268,0.6718515417281125,0.05622424793155971,0.9361396496786608,0.3167680705222834,0.8891312623859501,0.50418182762961,0.9184431362460639,0.6181133385280252,0.7270394844941601,0.09476289577342492,0.7098804475833556,0.08708654200960138,0.8115155346506613,0.45394104822770465,0.7861526924759815,0.1991665500716605,0.8537324357359787,0.33355494671455155,0.3605127822911232,0.9475953887245997,0.5614627938006761,0.9257278854293557,0.5168457436284665,0.9242047772831445,0.3744589679202341,0.8199933695901468,0.08330236298092386,0.705405311305892,0.06542697936710518,0.7228050074592729,0.09500656211468597,0.7409759643302377,0.14719521434358748,0.9510650609075753,0.7913518693899241,0.9730406954931584,0.8116673577420735,0.8338094881558493,0.29245572240920614,0.9066723882900354,0.35701018862043526,0.8352467386587016,0.20592529373139817,0.6663030426135576,0.05543982932654602,0.8621388716726837,0.4420928221587113,0.8603734591087318,0.43931103493107915,0.693749116927701,0.09202051575298989,0.7108790538878695,0.08641148441254154,0.8029562943229802,0.43164206445889947,0.7852201014782372,0.19913069197804173,0.8246401060863016,0.3183240788982908
5,4.281265371290219,0.41710764949939133,0.954556356718991,0.6346762369508437,0.820492187240537,0.02519506691109942,0.9673564128904695,0.7202967686098786,0.9009697796633125,0.421050105865647,0.9550067469158934,0.31416726815350643,0.9205250975907364,0.47375527236758574,0.7622878284088489,0.05179523577953206,0.8621313620516784,0.16792435383029045,0.9730519502473766,0.7501508229176066,0.7355678169015748,0.10972823715850108,0.7798791754397615,0.17067416344416647,0.7627538694000334,0.22544342622754535,0.9652013658191613,0.8412688803033719,0.9766859111667716,0.8324554288588214,0.8908928769272277,0.4474718595223485,0.9553130731431764,0.529043106337941,0.9023305052617595,0.07020578047482873,0.7725048515771588,0.19361745502349015,0.6757684019887957,0.07239114881257906,0.9300612820443099,0.34048611914973353,0.8741577199794316,0.44781877010678073,0.9402749643233341,0.7081269236170594,0.705860728483184,0.1089663053344687,0.7605342861848726,0.13744800462907672,0.8134269747474154,0.46606590462028813,0.7626579054214959,0.19693602025420723,0.8584711319437426,0.3637368717408153,0.3768353581277484,0.9507280312438273,0.5800347988292771,0.9482841239342887,0.6340642693284662,0.9076325464902595,0.38514101026207487,0.8463553484899501,0.11567357949931216,0.6895279709627721,0.07462581061411538,0.7369450570710943,0.11775619015004563,0.7330268470729328,0.19067784170400615,0.9526990368640214,0.7982382631487761,0.9705093707218052,0.7990434035994082,0.860553844179181,0.36873727651238214,0.9233300648741826,0.37562692446659063,0.7470522410286522,0.16700948987920713,0.6800530487317413,0.07564401444759725,0.8647010851434463,0.37540882161591177,0.8763206997947063,0.5274730058270299,0.6869994683552314,0.09787761902389266,0.7505103232040463,0.11583893234440185,0.8071787339490797,0.4373249858767335,0.7536368675558212,0.20214396091363876,0.8255813005087916,0.3388600104233088
6,4.199726106388928,0.413033216566048,0.9583680452350395,0.6350176141255947,0.8489438717859402,0.049538797939121616,0.9657632149049058,0.679275991909337,0.885980020630144,0.28357007927993816,0.9563743126175634,0.330786985660149,0.9387314080456596,0.47181065409523715,0.8105799705257821,0.04682882881426197,0.9125774169258729,0.19588795191699906,0.98467915877154,0.7955985771987973,0.778187003464384,0.12114672375256016,0.8185979613122559,0.18075959351358853,0.823921148134409,0.25272063462008765,0.9689139173619025,0.8549502122001849,0.9828727941109378,0.8986618517393032,0.888914245601602,0.47109667287901885,0.9467155595678332,0.5529787035443684,0.9072095214234805,0.08294126081755074,0.8165477929285351,0.2162078667661596,0.7499851351235761,0.10396626432957032,0.92956950012766,0.27792903583369843,0.8910694024004838,0.4845087142326563,0.9344902016738749,0.7283130881267179,0.7589694101899891,0.11954544163884788,0.7395687289141162,0.1026771137347935,0.8288832709303446,0.48759045353970637,0.7805220667022366,0.21299851236291673,0.877189810746541,0.37066567786812177,0.3710963702765149,0.9484572255832366,0.5797013381049307,0.9435407504708802,0.5635129548376155,0.9155719068521044,0.35862794499295797,0.8858145217565279,0.12661999757358558,0.7260248476038774,0.08443484424631612,0.7733746975822623,0.11013347484849552,0.7909183014630937,0.18914479841903437,0.9545676900130744,0.7967630951683823,0.9717464600461642,0.8381782218292119,0.8361038021078453,0.3344985108128538,0.8971541839188898,0.36747289367189545,0.8025670564107802,0.1789874037304183,0.7409667056598911,0.09407059531670758,0.8714725603163388,0.39225801389523013,0.8657237209823245,0.523862309341073,0.7442415853979081,0.11264858104858196,0.7406614848933808,0.09747203035292706,0.8209305729803557,0.4615188306153321,0.7664298861158411,0.20972548372636932,0.841908840008146,0.33787533276483783
7,4.137136567284882,0.37328265136269906,0.9429793197259883,0.5813695711882179,0.7946785303006547,0.03360286572407525,0.9609265403759877,0.6596776317092257,0.8562254922659797,0.24907758652423062,0.9432874186170576,0.2706669814253126,0.9019337146803821,0.39349809800503754,0.7194726675196308,0.04011168746783368,0.8484215028837928,0.13949487154400028,0.9682633256578229,0.7237497955515271,0.7560128053408108,0.09639647623174331,0.7776354302634524,0.16670884470491446,0.776782958763659,0.22276307897781467,0.9623681967242296,0.8376035268950024,0.9843980683072824,0.8639336327773475,0.9111354576451082,0.5066938223619291,0.9434381635139152,0.5666490610317502,0.9236841436406622,0.12397456733351062,0.8176744097713842,0.2636890294006264,0.6893812535645072,0.07911935886625157,0.9347038820260173,0.38708288916860417,0.898129061954186,0.4934686384507996,0.9571816525424746,0.7796394135385493,0.7440952180535512,0.14545715172907864,0.6632792286640905,0.08929969341132798,0.8222379823298402,0.4823453831622638,0.7984263427250523,0.21927331973671577,0.8575674141483662,0.3621287298814496,0.3245136766788403,0.9242817732709558,0.49778975431949807,0.9337146232440934,0.526795444902545,0.8838636620186138,0.27942269841807693,0.8271750428201262,0.089746395872701,0.6919291709825016,0.0558159899549923,0.7175530133372482,0.09696584177922518,0.7291193756708723,0.16503404473721625,0.9428777053521737,0.7436318940817913,0.970628383733729,0.7990157838760592,0.8560949956502516,0.3839957433782685,0.8883439030497854,0.3990975856022847,0.803752138061321,0.2215266887001993,0.6658347976186397,0.06433601515040033,0.8721769107777196,0.3922497845910016,0.8741568748025516,0.5060757982665872,0.7188698804911433,0.12431902373338442,0.6851950921661053,0.07310041801888777,0.8084866193852926,0.44422960558481567,0.7866879853604115,0.22327411494810862,0.8200390498838703,0.3203380329429497
8,4.064292388265495,0.44694541750515515,0.9562780314924835,0.6505865861776329,0.8121318761821863,0.026047265333670366,0.9703115186337449,0.7213237432484801,0.9022685841179398,0.31452339164224863,0.9518504639773762,0.32640494643706275,0.9405463414569106,0.5144081075804818,0.7749555989113451,0.06144501669187852,0.9107861834194726,0.22496339861720568,0.9819782109875222,0.7847039666295957,0.8032474262668624,0.1513809305553257,0.790999348749426,0.233272190325842,0.8078883226447957,0.2765377008261936,0.9747753647917444,0.8931937558072984,0.9864474692726727,0.9108314272275421,0.915758139739944,0.5180053025221626,0.9622289776446786,0.6593047320621794,0.9039541741768296,0.09854055592726355,0.8048507965255064,0.2805235513178973,0.7450759923460912,0.10517728794544595,0.948539592046312,0.3886642373549407,0.9030994268642847,0.5049694892126496,0.9481205108457408,0.7755211906151269,0.8181274302457507,0.17260916514662172,0.7388381514211904,0.115715297158382,0.8420598263294153,0.5201702846210376,0.8066490242958531,0.23113691648176507,0.8808371839763877,0.40230617067176655,0.3867481553253335,0.9403522133872204,0.5702119941966638,0.9464129315775723,0.5625000870425461,0.9206066126304033,0.3744469399593556,0.8793222708574273,0.1546154463022856,0.7398104224150688,0.08788982201103593,0.7052814277471343,0.12419597396409826,0.7641277408473734,0.20128723038529628,0.9564031232899718,0.8140922617108273,0.9716711762411269,0.8466557204105952,0.858763049244855,0.3477766652090127,0.9108125578713814,0.39927536485271375,0.7813729119331478,0.20252026899127634,0.7180590021323909,0.08061510355181331,0.8776824924456362,0.4043956753436367,0.8659812625931245,0.5193693556209741,0.7900966515778134,0.14156927898497057,0.7343977718452828,0.0933938557231504,0.8172236442858578,0.4544723404338511,0.7955668304702256,0.2293462788059618,0.8407338996522637,0.3478226138684245
9,4.003437346397567,0.3991702069513801,0.9649309812464815,0.6612253446749676,0.8468781111434642,0.05033872675468847,0.9693405009755531,0.7178083667177508,0.8831012255696339,0.26451353046920906,0.9596712562923526,0.3225124649005734,0.9609313005787062,0.6257577299900924,0.7925905663205279,0.05836326969499515,0.9195964529808393,0.2575353662635796,0.9822314317029877,0.801131223522033,0.7769812723677001,0.14431754731594373,0.8465013418440492,0.2522159128866609,0.7770315233039189,0.2525386440917393,0.975603325888674,0.8977728322815599,0.987896894646556,0.9088570283953544,0.9406530739963271,0.56916374349611,0.979316282504099,0.6689703541905169,0.9207717596090037,0.11982026286450088,0.827442915905064,0.26819778105869924,0.6701051499283458,0.07797072486248063,0.9513171657879971,0.43614516250904295,0.8942664649028744,0.5471328959256759,0.9647662768394982,0.8232848675742324,0.6756034804301343,0.13910928501016295,0.6424440755745773,0.09321552493241833,0.8098190554044784,0.4961861723579106,0.757076333252872,0.2117513355940011,0.8721872391921814,0.41022446532057316,0.3355444585227696,0.9452059684443492,0.5381878222066474,0.9358774021496646,0.546731903301253,0.9379411206275022,0.42573234052289805,0.8923750896660763,0.189065686298856,0.7038394248261336,0.060125566775785066,0.7758249071175902,0.10975458697455459,0.7328794751325501,0.17536756318717375,0.9531259652316577,0.7862013136894711,0.9733989768359433,0.8459730105215837,0.8765666224561102,0.3601318638917004,0.9279712404712405,0.44668312766694207,0.7923027665024295,0.18162755791409618,0.6464509639810287,0.06958450389174457,0.8624973974724736,0.4165876114550964,0.8716994787886089,0.5281461712815018,0.6553956618162827,0.10448249110180988,0.6551252937501048,0.07137581483624854,0.7864553135798066,0.44182174540591024,0.750434257325852,0.21447352119454857,0.8250193329566001,0.3427396948483064
10,3.9392196697933013,0.4845842339320762,0.9637965821948227,0.6924702733389855,0.850283570227559,0.03913597377166974,0.9763280324968413,0.806706901817025,0.8911914577016331,0.29546278242628427,0.963576160774114,0.40035611261924703,0.9591877602149795,0.5387836995435659,0.8214188535931594,0.05885440753785243,0.9089969867683254,0.2515930788430604,0.9816858238288114,0.7972431913266812,0.826385864107084,0.214510324312004,0.8721599726999332,0.2967312464417469,0.8448978188811859,0.31377131537246483,0.9795977871683312,0.9081029027559541,0.9850534192421049,0.901486403529587,0.9344604944256335,0.5713737952440513,0.9709604863370559,0.6249079144927462,0.941301389217275,0.1784025849761499,0.8617155917852221,0.32465822760633656,0.7495666414603366,0.1045908763355776,0.9398490258473314,0.3414722902448994,0.9212781547962222,0.5978228281337029,0.9594379595152843,0.7949753311817983,0.774067560525894,0.15697287541886043,0.7292983424102688,0.11476408604542415,0.8675290364109122,0.5514397219026885,0.840390020797059,0.26517783195489786,0.8967082612856684,0.4285294991220485,0.40940597749124247,0.9312307331279908,0.5559715785593108,0.9425869301332187,0.6068148780555384,0.9228099721860726,0.38325579250153474,0.8584352598730279,0.13063078531856165,0.7519295771787351,0.09005391789520452,0.7571461001540464,0.15063835868110245,0.7937791952104626,0.21154835971287128,0.9543141234357151,0.7863800195369661,0.9641107442164396,0.8280730424802786,0.8465963219669419,0.33109054737054605,0.905446898093957,0.4083447692834741,0.8190004510139304,0.20404028202429778,0.7225091650392298,0.07916085563775738,0.8901994641405871,0.4583386826972937,0.8609248887156097,0.467114212509603,0.7291711636128161,0.11283754402400041,0.7250631545672223,0.09488307546592353,0.8336279929161737,0.4579449845957688,0.8348945036059278,0.25812550505434445,0.844409296799374,0.3481709048107568
11,3.8660247259970935,0.4521129909815905,0.9327158507971033,0.5826707070900186,0.8606272895505743,0.07552834917667306,0.9664661252616541,0.7623982277730915,0.8205060073689473,0.2255802554727706,0.968260144832564,0.46383242873347397,0.9441694225470316,0.5625279809519887,0.7818916246778067,0.0897359545807194,0.9056856843242306,0.2922500965799246,0.9602939204459283,0.7537852876399234,0.8286780490572663,0.27636196692042886,0.8306468084536454,0.30575353209918793,0.8014236485581837,0.33251725949569766,0.9817954598683329,0.9176239040142927,0.9784141665069849,0.884676420883296,0.9504329229267586,0.628453379197136,0.9768710568990847,0.6940805975539025,0.9175143299140601,0.18837840034473152,0.8251847187902841,0.3250118244840063,0.7535100527483491,0.13408626185320754,0.9316793667363176,0.38442353030554094,0.8904877806714725,0.539104541362364,0.9783457981190423,0.8784304850382404,0.6833795305686209,0.13851105289919755,0.7465012333124442,0.14774966111208906,0.8377793861839287,0.5549278919365818,0.796454065489983,0.25196419496177086,0.8788351709465616,0.4380909304792406,0.35864947454721624,0.9138893877852873,0.47237348867560314,0.9240501014299535,0.555395377729917,0.9129206959234064,0.37411252812823426,0.8496522542173555,0.12961922680003712,0.7428342632325676,0.10137714211002674,0.7138829246572113,0.10730545975796385,0.7398220301931435,0.195624937718333,0.9535535297245055,0.7969264061239365,0.950667243097121,0.7973932505263984,0.8566511929719477,0.36419912455199877,0.9039091208208855,0.4229356150555677,0.7684078570030548,0.18823020487292924,0.7195497995683009,0.10363424942678498,0.8437620932118847,0.35063888714872127,0.8776608142646884,0.5436703214237666,0.6465499794641635,0.09689802267945677,0.7361029743939947,0.10007989003766977,0.7969506812806529,0.42814986167120106,0.7911144663060571,0.239282270350538,0.8232595478708516,0.33514980340995176
12,3.788110300998878,0.44697026160840725,0.935274693764796,0.6587716224933184,0.8436698922796142,0.0728697380639101,0.9509247428918386,0.7528159435282495,0.7724930744255845,0.1928413345722347,0.9615500554705397,0.43497544470099936,0.9315684127538626,0.5806355613177622,0.6299416112014893,0.05897583406930558,0.9013931761406717,0.26086077389538787,0.9626520740344132,0.7661551979737351,0.7992810454033467,0.226867102426311,0.8357185687889697,0.30053742525920063,0.8198061008497602,0.3026823258204515,0.9832653934956789,0.9129934707288998,0.9823056388181727,0.867459919130385,0.9104078631329714,0.49549145079529555,0.9700310434373186,0.6300227221005518,0.9267948408251279,0.18489782130230237,0.8336281990815092,0.3063282244120336,0.6654511489994643,0.09945891990125563,0.9134886093123564,0.3633767881433546,0.878800671727524,0.5341580198897424,0.9513837986394925,0.765847616644129,0.6271993073837858,0.10716137170655134,0.6244797310899098,0.12720103085132067,0.7762537366959986,0.49069872117255375,0.7037365317072255,0.16794440366100857,0.8496730754750548,0.41007803017539424,0.3478422896325557,0.9050445949350758,0.5101828932076871,0.875215071880015,0.5504115307275413,0.8977618676288874,0.367872625403145,0.8508124234483498,0.1299031947996559,0.6983720235245647,0.07883397385725718,0.7208182985274437,0.0995112551264227,0.7648170557556611,0.17691917355586678,0.9506207451174915,0.785936605206044,0.9696037289087327,0.773618024030615,0.8026824933327629,0.23508226049841477,0.901303452774041,0.3567567974455024,0.7964312459047085,0.19458356276654815,0.629298839829213,0.06317177111409589,0.8343955664988991,0.3611465083437634,0.8581364658845855,0.44719197144641987,0.5831391226952791,0.0700974905712944,0.6438817149354266,0.08014479368680592,0.7367699126323973,0.37925085777053075,0.7050611254484005,0.17108446650905038,0.7960087236664176,0.30693156610877165
13,3.7214478492997443,0.38600283222777076,0.9650929633217123,0.6859866482973731,0.8195605820005699,0.07584724693576932,0.9622856265016047,0.6872541351313562,0.6966194089834714,0.14030814400376684,0.966943204074362,0.48577029915249115,0.9368486054058051,0.5208095929319221,0.7642725136516061,0.08914025585469038,0.8607659791294613,0.25704496858403675,0.9584307481519542,0.7822315415595887,0.8035143051246009,0.2643904041979584,0.7899204464219446,0.2662519814278695,0.7868102185264435,0.25539033460213595,0.9768367940764767,0.907255471608872,0.979542745658938,0.8969238116870955,0.915756033496872,0.5307473994750366,0.9522622755794862,0.6349470486385991,0.9173418604785275,0.15625751339658178,0.7965731017563549,0.31798300393970214,0.6822576603239341,0.12162510482033814,0.9233727689977516,0.34933463880154453,0.9051628783425243,0.5426665765181262,0.9630716823557902,0.8378753520003606,0.7141989115987207,0.1405286885071632,0.6791953644071024,0.14793538405515141,0.8517096626743885,0.5915216164629991,0.7814059880875447,0.2426921461965188,0.8596058588126134,0.42033535803027094,0.2988000298129239,0.9399334605599187,0.5180503235414404,0.9151104366186966,0.4713071182022061,0.8952598684082484,0.29750697171205664,0.8015479292626155,0.10216994906983753,0.6745001610277925,0.0746549305957199,0.6593778543446315,0.10194449026266621,0.7071731388497476,0.14289547456731264,0.9341483357762898,0.7337157193384436,0.9540301681835236,0.8182963179634022,0.8017907058001398,0.27491137932116866,0.8081232492997198,0.3239466600870041,0.7552585671372528,0.1808750336687118,0.6289947660977571,0.07678683612845108,0.844095216735277,0.3357039451350295,0.8438563514779983,0.4517243909843329,0.6809219729064804,0.09145997311592872,0.6824306547065695,0.08814042713095438,0.79564162708543,0.42297040071303876,0.7645282455503394,0.22833800143998417,0.794038037359391,0.3018630706830363
14,3.62731977198092,0.46714367344910684,0.9544745570386016,0.6316513486601247,0.8634489446151778,0.1638151404903757,0.9720282623030998,0.8108817524439711,0.8058675314884214,0.23722745541661522,0.9522808452196578,0.4945297186779712,0.9327123086613947,0.6642328215353462,0.7306394850309955,0.12656447849514074,0.9120950764609179,0.3974875779686708,0.9624590519665814,0.7687509662400758,0.7861173884269556,0.32419182195473595,0.8493232741999299,0.30321463344972266,0.8002600532850517,0.38835672711231106,0.990669578882261,0.9606989730891851,0.9900853612913233,0.8649146650638069,0.9255492764973252,0.604784360001478,0.9664801357797422,0.6223890918084638,0.9241426560378505,0.22606629008510187,0.7564609166078667,0.3022449155603059,0.7179258966259967,0.1367592612011076,0.9189510135630246,0.488207910539372,0.8894534475968954,0.6030750931577675,0.9719205811762289,0.8862021210893044,0.657438760790383,0.16977800526620423,0.6729876505533955,0.15563322661856932,0.8327641538221192,0.5970966049504666,0.7523502079589968,0.19760228022585202,0.8649571698415459,0.46639835542700175,0.33487366773496313,0.9261324654777032,0.4527846290727673,0.915783837171782,0.5489319898842947,0.8456528141976888,0.33292816357201827,0.8502738170177673,0.15208808252877382,0.6467494146422137,0.0703986063564972,0.7208921864055053,0.08749488158528171,0.7328224552199107,0.17949877691181348,0.9469967397876105,0.7731255064492083,0.968953505417701,0.748376136492716,0.8151938133744064,0.31159709446917794,0.8624280793398441,0.3610955916451578,0.6733269936092177,0.14263460210655213,0.65896407728816,0.07306342984206603,0.8028382220657356,0.31947425806579133,0.8461899162025635,0.504856025671198,0.6061243785598975,0.09174972361360836,0.684000894941437,0.08303632406629055,0.7732113775205391,0.40318724979464493,0.7371288311418874,0.19678469191596018,0.7901928325990301,0.307005566528622
15,3.5537255051885253,0.44806340215149937,0.963031693551489,0.7159410507276645,0.8855661093608682,0.1479211900446821,0.9774835430920696,0.8175519237083994,0.869441934654867,0.2898713402503127,0.9564565954563998,0.4216976563041495,0.9566255510014693,0.5927752291248746,0.7643511523055437,0.133279687023787,0.9095449993889435,0.3508007881059589,0.9755584269807969,0.8265294960573658,0.8217926532484738,0.36684470422822124,0.8580862496840012,0.40387321218936967,0.8133141251602973,0.33793465070161255,0.9912606013065354,0.9627031985448561,0.9883054802770249,0.9114155308609978,0.9254427476304868,0.5743513856585805,0.970701056078661,0.6313636461231178,0.9242723551892155,0.21216715042481787,0.7374728060012286,0.2467740249047948,0.7369596889056468,0.1873696201492211,0.9558057705095414,0.4975599586666057,0.9108761390824446,0.6765091192747348,0.9662931021379485,0.8533097682519445,0.7015681740156932,0.17135366818901554,0.6257508194467183,0.14749392514069748,0.8037260857611209,0.5538672119063305,0.7268491852649509,0.1787604704163585,0.8737129632881705,0.46961613872994123,0.3122903778788105,0.9218861101159862,0.5090610110848487,0.9220490172711429,0.5614598318736358,0.9073148769262909,0.3022828318991444,0.8330249918263576,0.1077609570262273,0.6481310621161083,0.0525613327667444,0.7043438537681116,0.08248393590498147,0.7387775675203748,0.1381392216963443,0.9423179681764935,0.7805326084143273,0.9655652372682165,0.80392059208587,0.7844988519516823,0.2595256818408034,0.8604153199741434,0.33007034638779886,0.6572006926893195,0.09976622949771304,0.679879700192682,0.06605259591459076,0.8121235981520647,0.3215859186255917,0.8528964582349391,0.4729765943661286,0.6524955818972608,0.08354285505333076,0.6377274334241138,0.07771520092523358,0.7359796771772944,0.3453195675753016,0.7251569163864905,0.17886546321359786,0.7885149955299513,0.29334856716590596
16,3.469902941006103,0.5225211795980224,0.9358370370629394,0.6581853289707084,0.853688015595397,0.18140306837320958,0.9434113950044571,0.7600863749207247,0.7647011623611542,0.23613998904203867,0.9607861126135022,0.5140623875926427,0.9403515076040204,0.6891039305097082,0.6343649309555834,0.1316071247166192,0.8902231604897387,0.3451584416424659,0.944404199801902,0.7422663801732362,0.8237430685524874,0.4348507289524726,0.8128000593770874,0.41629729604659194,0.7377352083466402,0.33260379560240577,0.9946503820180262,0.9760281250489766,0.9899712458824924,0.919713852269187,0.9252321539967149,0.5645142706389257,0.9619494073569397,0.6062371462297615,0.900495280958584,0.21369006455915104,0.8121607507873909,0.2950529997153655,0.7126637072539441,0.20002095766638656,0.9113696670213364,0.4405838728245818,0.9062408234186707,0.673812557622206,0.9784334883750697,0.899411587593629,0.6084664307867234,0.20146192211112757,0.5432921726330763,0.1619222998662335,0.8096116227439516,0.5834938275769368,0.6855245431498976,0.17025023019994112,0.8454656743902972,0.4749214830948167,0.347916821942312,0.8838818899326761,0.4507356270210784,0.8399171086620858,0.4666868551117696,0.842279548351297,0.34699583537419854,0.7960616768410215,0.10410100324132161,0.6461383794511127,0.05476515948934355,0.6386502386043746,0.07589658266560413,0.642366539564713,0.11687805446785686,0.9434777481280602,0.7556751532568815,0.9651130375151871,0.8075261338509232,0.7847191916598925,0.24476460804089645,0.8642748679513387,0.34365724983031826,0.7237922612817306,0.11535062537085383,0.631797200155973,0.06212225201953425,0.7956431076630468,0.3122937016938323,0.8591893488185841,0.4877768658850783,0.5615419546670234,0.08898012698979645,0.5833002992362984,0.06898781074239507,0.7475633359328298,0.36184878755669037,0.6937842026456754,0.15616533078452102,0.7601837861612064,0.2853267243890997
17,3.400821714613773,0.5179498645996373,0.9526138656446588,0.7617727560541313,0.8947938719017935,0.22686585128998207,0.9779776004213637,0.8603528390848499,0.8539188395105849,0.35637828374873004,0.9716190198420243,0.6402323572088747,0.9559599063692742,0.7298440199331769,0.7419172650601866,0.13519937696040676,0.9250931039965729,0.4689781616703338,0.9675428299546716,0.7994142602844455,0.846736690285549,0.48172152726416906,0.8874436433870163,0.45285568794633957,0.7952431702425465,0.4499483727464635,0.9942460818704261,0.9753512031967273,0.9861377152281624,0.8686123561977178,0.9154520085563366,0.6039997182115442,0.9583914404986457,0.6080430656037425,0.9401889880561445,0.3106163906653034,0.8054153807579272,0.38885950826442955,0.6897832178550515,0.1766982316437718,0.946385777240378,0.5798921877963529,0.9076282047649875,0.6628381778577566,0.9731868613871106,0.8707982564848014,0.6930682135636017,0.19081512187439337,0.6499610122905879,0.19201166877559372,0.8180267810987437,0.634643647863099,0.7029704618690826,0.20936148830862636,0.875065459678978,0.5244655583436832,0.33755683088618915,0.901902347993204,0.5304439041340555,0.9186060805086185,0.5855715710277836,0.8693291441605674,0.29876245111875777,0.8394271191692654,0.15703705563386863,0.6715745326567265,0.06969553846473892,0.7000842419030795,0.09127060554371082,0.6888025750666305,0.16280536847875976,0.9368484752573445,0.7542669820980834,0.9643291417894687,0.7515526411170916,0.7605919936108616,0.24357773164208943,0.828543475602299,0.31544592284695705,0.7111051543233514,0.1590689890324891,0.6210415351257165,0.05882346516741774,0.8090888299920497,0.3048986312387179,0.8571247367792665,0.468961206077779,0.6225511680677297,0.07895405918699137,0.653837938422884,0.08744179297099433,0.7383840349812659,0.3799449427397701,0.6980299015756822,0.18748693137246764,0.7784843382624217,0.2992636731522381
18,3.323632434591359,0.5454771310029565,0.9594690582677385,0.6721759263810445,0.8924819230255318,0.2659194326358814,0.9770694424559485,0.8254718074278947,0.8113283687038887,0.2310136102377565,0.9744799521531983,0.6026109690260903,0.955642143617145,0.6567724487583821,0.7334103316717903,0.14133073540726515,0.9116641173123499,0.408056092491446,0.9688346200446655,0.8022041673750626,0.8620149409772178,0.48697315726527046,0.86587371654249,0.45548940931464593,0.8099576401956979,0.411852844777094,0.9961330193695425,0.9808214203805409,0.9907808892903744,0.9310894557081649,0.9411008858122198,0.644032996891955,0.9823837924012466,0.7581655943953605,0.9212305923828527,0.2986959332211444,0.7818054205306069,0.30689212732266286,0.7440590544782695,0.25367630283202686,0.9428543921535252,0.45933280461920745,0.9273836889343443,0.7477001215891427,0.9735954730662458,0.8826983293989066,0.7346994343654649,0.24433550512678087,0.622651191443626,0.17090366442992994,0.8484830221098332,0.6656182944994211,0.7480741677524313,0.26531689231302974,0.8799023568868555,0.5218903863010041,0.3565625698740404,0.9059267611549768,0.41672310242526917,0.904124484586828,0.5238091782744948,0.8873490528949018,0.2957813629087729,0.8063706832189024,0.10061094616076467,0.6724674390197904,0.06282293432817032,0.6837523472769158,0.08969449871248009,0.7181003198529462,0.15259055804478894,0.9444984287000471,0.7607063549080402,0.9649910429664303,0.8145935407208647,0.7850500577589525,0.28588019914502333,0.8708550987962753,0.3786445725206941,0.6760545641758785,0.10719960959199291,0.6680508037661907,0.06788079457864703,0.821790410319112,0.362280254863742,0.8407018233417753,0.4692645283255474,0.63695742549846,0.09638125378556346,0.658639770870046,0.08522353279939976,0.7751289141187939,0.40098777421427506,0.7455495382774253,0.22401519638193132,0.7877031035049814,0.29974158908897164
19,3.260136889450618,0.5732279943355445,0.9529614421641204,0.7512980893120161,0.8803393883409887,0.27440436042294525,0.9410447772112452,0.7176255202695395,0.8057233817123822,0.31947220615302413,0.9757139639930666,0.7331650004338067,0.9591076528585029,0.7536619385333218,0.6913286491069286,0.14927256747973783,0.9163409340886782,0.4783569620039936,0.9489475950354865,0.7135547189328688,0.842267555614926,0.5072418796275328,0.8737371626346239,0.5112423027023479,0.8165456944959661,0.4804052892162655,0.9961156807445988,0.9812569465292896,0.986024084567445,0.9152682473813772,0.9236553345472656,0.586778684919264,0.9634284859241022,0.6290898311966359,0.946885501012497,0.308735838671717,0.7999638228936652,0.3701432205509708,0.7408996209340922,0.24314686430544877,0.9383917873196828,0.5296723242751955,0.9346587037726949,0.7257690263124084,0.9650850611483252,0.8677382634418791,0.7220382995868047,0.22875010796981282,0.6488520574085056,0.1924551355815634,0.8742175230168492,0.7088393961140435,0.7494579292584639,0.2823096624771603,0.8766820034381504,0.5369097840313142,0.3709473056570023,0.8962024433010913,0.46064317449966585,0.7958209858698444,0.40037901957309124,0.8522365105047204,0.3402565961836499,0.7770294421916096,0.09170723966602733,0.6224287053075341,0.04715398355374897,0.6595931986208244,0.08734759956847264,0.6939660919330191,0.15853656692378734,0.9389984901214702,0.724080846709293,0.9561920308489679,0.7854672939172266,0.764812853862719,0.2422286982103652,0.8389741551506258,0.32813252185780695,0.6775654608426303,0.1263192518588021,0.6278204827002237,0.06598348064072711,0.8374318620109761,0.31733302127619645,0.8480780263912795,0.4453412459531325,0.6415868390194052,0.09765982708343118,0.6450062384746081,0.07730555073122168,0.7808554363303756,0.410955435818804,0.7384796648018066,0.19977805320788,0.7680567851728279,0.28455838985438575
20,3.1874913645277543,0.5719857891729399,0.9500063467530152,0.768171655467616,0.8913132047258872,0.3446419997872038,0.9687275484301797,0.8044088490966571,0.7859793250199409,0.3487639715576193,0.9714614687417509,0.653569805439708,0.9438074215816956,0.6897705275505347,0.6825436339999447,0.1572086784655858,0.9056455057117363,0.4420901058169151,0.9566060397641267,0.8348811162841187,0.8805324037166661,0.6104045754054194,0.8969943558283577,0.5521652206600564,0.8184842714362397,0.46649148904197624,0.9981986699731689,0.9913780773196869,0.9870589647605229,0.9205223231746164,0.9295564141665664,0.6215618986050334,0.9644706166421194,0.6943295571023594,0.9072116572678833,0.2843131146784428,0.7602919731331681,0.3340539366863475,0.7369534008086215,0.2846147715259226,0.9192194348145294,0.4708130522938232,0.9360984177502085,0.7722871767800571,0.968814182713214,0.8600247337208561,0.7221538548272008,0.2567264656613532,0.5707802141764405,0.18699975750730294,0.8301704244670154,0.6608777106300329,0.7125684936033218,0.2324005432588208,0.8690633940312894,0.5478258120583871,0.35499739136915853,0.8832544009865663,0.4607536044181395,0.8677844389263755,0.49056035322851627,0.8489056294333718,0.3032920435907754,0.7633535356492799,0.1118056612087819,0.6604182080363024,0.053507565743061855,0.6843378601001084,0.0822229662921168,0.6758011889920774,0.13531270225969594,0.9361206950049611,0.7473775646958264,0.9574944655222535,0.7884234481202875,0.7735113699567877,0.26106874642482925,0.8169793905088023,0.38508951222691584,0.6521212546696962,0.09664777217280689,0.6267562246401284,0.06465276983748938,0.8146121771760547,0.3240873908574272,0.8413833180657383,0.43127757338630346,0.6337157082075363,0.10207507495945788,0.5986722631689113,0.07715131948380186,0.7479672193529556,0.37630571884913916,0.7055647217639118,0.17673852727726574,0.7625660036927273,0.2878079113175072
21,3.1369435390458573,0.5671163449355295,0.936432390470429,0.75218415853587,0.8999019881196317,0.3769810475587901,0.9633394956384883,0.8266428923495956,0.8137468375952217,0.293371126880828,0.9665352048718087,0.7443799532318912,0.9614481114806782,0.7856076497559242,0.6808332995621322,0.18116144977777662,0.936595389873807,0.5516083699795596,0.9605034521355766,0.8204886606231779,0.8938687621513977,0.5836795313349583,0.8921202726435137,0.5921187728819371,0.7922647716929612,0.48356954008692654,0.9960999527029354,0.9803393723687454,0.9781746153951438,0.8895909330019758,0.9157973506243212,0.6150812459814231,0.968833610303513,0.6980525030134439,0.9168347042250635,0.30934287349624473,0.8128066140838349,0.3970664722396618,0.7670853144499313,0.3138138795407603,0.9346972518339411,0.5200777069314987,0.9183738973936916,0.7339253709845475,0.9769206857462592,0.9099129779438441,0.7592897998829933,0.32066484028270664,0.5891713708291313,0.20058144467036101,0.8367902826870498,0.6865397036357002,0.6897635931586046,0.25601765094775475,0.8753165007520024,0.5701076972321502,0.3365133785496012,0.8839313527092957,0.4565077723424012,0.8876473432213094,0.5294338789856493,0.8615994370609877,0.34424387716729116,0.814895060192166,0.1434261699232466,0.6506554266366082,0.05634794080830438,0.6643183770333141,0.08044509564484865,0.6562155257946579,0.12557274715461755,0.9236032704752095,0.7119633987530753,0.938690161176912,0.7483120027470237,0.7767805445029164,0.26905769900265186,0.8191213595625362,0.36560967072261263,0.7079663526588548,0.1192405944477172,0.6342893403292725,0.06908697863388144,0.7776459967700524,0.2846606625634478,0.8292037922804081,0.4800911657041275,0.6492649862264218,0.11085539438304823,0.6275650148059018,0.07752398295541053,0.7325984794136553,0.3812117388849567,0.6884012441567506,0.1774866928734694,0.7644417402635384,0.2911093401946201
22,3.087505847189738,0.60723957168766,0.9438477233864735,0.7618034344139972,0.890405397681853,0.4099501616099368,0.9464374804706481,0.8371629543511445,0.7825921053158974,0.3264999282294109,0.9556521341851738,0.7327349928052919,0.9504326059155205,0.7377881979747014,0.6283095937871281,0.1738809365507976,0.8854684668524804,0.502463734804941,0.9588401077375769,0.7903014535120048,0.8797156596441805,0.6326526154993921,0.8698434292053794,0.5474901354006823,0.7926578571959385,0.5018892186257805,0.9987398975368391,0.9931628682826934,0.9667885095307182,0.8518693210475401,0.8689305691899009,0.5559757688914843,0.9170281557980791,0.5904949458116615,0.8710048229502461,0.23605022223038036,0.7698740360927514,0.38296978216690636,0.7391804621427662,0.30586065288903663,0.9091145276954865,0.45216742768497115,0.923036304556613,0.7503755965036246,0.965998511791328,0.8921770481450446,0.7452622064581352,0.3100365372800073,0.6022107502704286,0.21546345534887304,0.8358417357254129,0.6907057787595451,0.6808997133766896,0.2557996518656613,0.8568504909420633,0.5552971854109813,0.37303421033017814,0.8844152555368698,0.4706131850388755,0.8339744247151045,0.4985828897734148,0.8383198156175787,0.3297722125120159,0.7353615555783279,0.09630673504187873,0.6698216508395206,0.07028453022332487,0.622544261026429,0.06829924319061643,0.6444106272934864,0.13231231816140335,0.9365968523959091,0.7332127172906218,0.9134966718595101,0.7299633214097668,0.7152733210684693,0.2441232565820579,0.7610694485694486,0.3075012306061644,0.6593593900249334,0.1203089571718597,0.6446728158491958,0.0743763503908386,0.8049355979945063,0.3055754821228068,0.839901357600885,0.45521087282959805,0.6483296736415411,0.09924769672824932,0.6187581635146876,0.08575114288012975,0.747024868810109,0.37515651437552777,0.6916232793166751,0.1583479150582774,0.7478888963817468,0.2818392932309173
23,3.049892873089493,0.6144940498372711,0.9512538421459369,0.7122583703756846,0.9000181310393354,0.47334387972117264,0.9656364922723857,0.8308902034735315,0.780516594393116,0.30401958246422445,0.9731388757109181,0.7976016433444779,0.9582962459328461,0.763464828740804,0.6910204949378578,0.21159281824547646,0.9180511697462603,0.5519421645912085,0.9574064051536717,0.8100080542477792,0.8852099367284106,0.6501400383495463,0.9097152969105499,0.6279994308553886,0.8153787405019212,0.5332923837937756,0.9988310088295199,0.9922203915849306,0.9833767325467867,0.9002260006138814,0.921709073928273,0.627492740130029,0.9703485777730115,0.6857853041074591,0.909458512183604,0.32906990056572827,0.8561629593968197,0.47039728137861375,0.6974632614463594,0.31501022663971145,0.9193884384988327,0.4958567995179002,0.9322043777383662,0.7622472324187954,0.9742714697414903,0.9142039683377337,0.7280714688077919,0.31123040098966837,0.5839459296237841,0.21955304287017746,0.8260139490159771,0.6963664162736274,0.6697639769152413,0.2566293010652102,0.8721789216122718,0.5862631694114052,0.3778788104643363,0.8851213406749541,0.4025544313571086,0.8591785263658919,0.4837162946391372,0.8308440927949774,0.3156213941111339,0.7640882484982457,0.11967011348206866,0.639339524924491,0.06728454715116654,0.6550014558828605,0.08656447574765169,0.6722255159540701,0.13756845846368418,0.9382220286202626,0.7182042900310908,0.9475592394099539,0.7821057896709559,0.7733257034469972,0.2644227987602809,0.8359055160525749,0.3366845512359116,0.7455602784372793,0.140183199363484,0.5730753825496347,0.05799079351276226,0.7956125606218091,0.3062628215583508,0.8311644895815834,0.4613800476622663,0.6284525189842921,0.10490087792318081,0.5912538184103019,0.07163348311212481,0.7191132938530951,0.36366294131110466,0.6631700123939064,0.15436598175826396,0.7551691340766937,0.28288301530798565
24,3.007752472707338,0.6057737695957864,0.9563722973847183,0.7918269308441892,0.9179052992065596,0.46715823964423625,0.957418352940193,0.801104918363035,0.8241118665647651,0.4117165357467704,0.9759751647041233,0.8073935451494458,0.9685455113594589,0.7852314159346905,0.7290882611948315,0.19507709684572758,0.9302003214289,0.5418615412018664,0.958347256008646,0.814006270650578,0.8700657839958915,0.6301070192270821,0.9207717263497545,0.6513830660430902,0.8120559099208708,0.4680164672058037,0.9991020640304763,0.9960004351335229,0.980167158258283,0.8869996193332651,0.8911547156594345,0.5879139158159135,0.9519296593818928,0.6286595956474438,0.908509503119294,0.31735950084608633,0.8013575444588091,0.4147376234940659,0.7513247309700106,0.3551742181605099,0.9270907882530302,0.5186135689797033,0.9303536033818689,0.787692684993554,0.9730851484614434,0.911444965376948,0.6981867895910517,0.2808963620259994,0.5344788111135127,0.21371422641128662,0.8448192880033724,0.7108188166805054,0.6755440706817117,0.2911737917383194,0.8726139087085732,0.587157014288217,0.36401580084966834,0.8946669362307955,0.4753597444392258,0.8417665928290435,0.5041802337765312,0.8467223810209628,0.3214745720997336,0.8121730543071435,0.1314028622450675,0.6230456883720525,0.07145907939929616,0.674338448286506,0.0824384640638759,0.701542549375522,0.13220982921628666,0.9374079650509981,0.7415808814289041,0.936154736792413,0.7772791707041408,0.7387887020636347,0.2644689543028461,0.7847446670976084,0.3026870597354527,0.6457489809638082,0.12605552702730125,0.6169737587020966,0.06957749491420426,0.7708398748214405,0.30956339632843594,0.8304754931327519,0.4824199924106279,0.6059832436345955,0.10359714180022242,0.5689607726431682,0.0679559835940494,0.733959554410848,0.3827368085028152,0.6568539063033497,0.16264993884750312,0.7484814371599336,0.28995248078086944
25,2.992328320019633,0.6051775111177362,0.9066176527154661,0.7092773484196211,0.917101567031553,0.47116939822109954,0.9383846469772483,0.7759522534264025,0.7708928971416923,0.27828367441267665,0.9552385048612868,0.6698225345624437,0.9531592917581114,0.7569969715091998,0.6232167358493843,0.17985643501405046,0.8958324955944791,0.4946605750889491,0.944700187463243,0.7747604252235756,0.8809442954837176,0.6376349985197366,0.9174038484611903,0.6447848410656057,0.8032879018028232,0.5059349778423933,0.9994935789305548,0.9974757451676954,0.9656426220196546,0.863860104373361,0.8977135974840251,0.612912398680131,0.9811948821869426,0.7706176759397941,0.8635221056691931,0.2768880282673663,0.7497692005477016,0.38244845661291665,0.7251969480536145,0.3216750635640122,0.9067285855390127,0.46001441576914576,0.912588897301616,0.7504749656766432,0.9728103807069094,0.9119727629800726,0.7051487131401253,0.2958156005092821,0.5242580711853995,0.1854065565939333,0.8023364431810441,0.6820903300570599,0.6305789751448594,0.24637330059526075,0.8516831933165712,0.5637369168497088,0.34955653275695014,0.838837467877208,0.4257403289144984,0.8254793757903836,0.4699914716538512,0.8288414121742048,0.33928752213472135,0.7426443318840368,0.09456928784784327,0.6201238318231538,0.06581869010784289,0.6377717263173553,0.08728386039427659,0.6407253135925997,0.1285075256436843,0.937221456673017,0.7414593782600324,0.9196473338849176,0.7444266234023992,0.7341204773313937,0.24518049910097406,0.8384125479713717,0.3694054643328286,0.6189918349459209,0.10694484914445186,0.6102054159793907,0.06688476802750831,0.7668650616608104,0.29291602906002107,0.8271200032965325,0.4629582641452808,0.5853094050371854,0.08965573191693424,0.5739051681698643,0.06891701349623648,0.6986550274146759,0.3651492232270462,0.6338003693940804,0.14871729086002705,0.7304567137483211,0.27967441166686624
26,2.9442179676186315,0.6161089165486572,0.9154301455032469,0.75922785423985,0.9104476300665539,0.46790034847086204,0.955490425784283,0.7977914926012556,0.8049787991526094,0.32868846749167424,0.961814578876154,0.7160146401100131,0.9558692156512418,0.7685435703735819,0.6638448737568178,0.21385628808426352,0.9257214738421792,0.5922982518012818,0.9633703523548474,0.813713677606511,0.8865107686807481,0.6633059958120052,0.8982800874137874,0.6140202784563372,0.8128768005047218,0.5341624692716467,0.9993763861306049,0.9952109095161861,0.9843942758661594,0.9038707763801735,0.8703167940902827,0.5965684696575406,0.9178982347106791,0.5906623934600734,0.821397594056714,0.2589612426921894,0.7388952129241169,0.4053353419374459,0.7598490324999831,0.3682952598517071,0.9210927421732833,0.514802182317225,0.9217624109167762,0.7625468890907514,0.9672752090057768,0.8975213265880243,0.7214360545507175,0.31921684428895963,0.5995776146001244,0.23570571645211813,0.8129065527888,0.6874939176948728,0.61831060010031,0.2241164783284441,0.8580432256154431,0.5780704262528844,0.3604382499813669,0.8319701456126517,0.43681487797090507,0.8362957716734389,0.47840064286027245,0.8224276874650488,0.32621160394684584,0.7954594806931248,0.12243986213679442,0.6140976205604928,0.05623476584564917,0.6683080793964138,0.07822860037930217,0.6593980659928503,0.12168458793826321,0.9302870557425215,0.7103887215016709,0.9566988921106051,0.7812692827460967,0.7057536117172235,0.2586573307467108,0.7462019631137279,0.28720656232122066,0.6002763524035639,0.1124957665721571,0.6059746919290552,0.06578191406538546,0.7689863125139171,0.28002746526231803,0.8268550127899126,0.44085706493907445,0.6161145696042676,0.10020392756222066,0.5879595686039264,0.05693940161204289,0.7036493992887417,0.349885865381597,0.6236909950230125,0.12595385787392344,0.7316002776965524,0.2731411632453921
27,2.9322241133024836,0.6223199423616804,0.9565073450990128,0.7927298092735321,0.8991199784358417,0.5004973260674552,0.9645141724309825,0.8307732534850041,0.8414067869277667,0.4635469775835552,0.953566081933956,0.7663202277396035,0.9648585491466073,0.7991165033441081,0.6948599588698934,0.22520988577890225,0.907388922398443,0.5472004255775895,0.9515775426639803,0.753755677262089,0.8811593245435235,0.6654420317584404,0.9042850278776542,0.6397615129272548,0.8230918031702027,0.5486111465450196,0.9993787065635531,0.9965034435922321,0.9769235660580512,0.8962486949279476,0.8783426435411811,0.583770839419355,0.954609172632772,0.6967629249603043,0.9303412502677814,0.38703583513187223,0.7752747246345472,0.435651932038632,0.7244984028927095,0.3500390740165007,0.9426632378008879,0.6110512385721717,0.9292491821200355,0.796645990684469,0.9692803650511188,0.8920627477852631,0.6978160470725674,0.3067598353794471,0.6168418248968366,0.23402850459024602,0.8383260035525879,0.7159924308090044,0.6774253013648983,0.28640121094276433,0.8712809969979767,0.6046892107766447,0.3598419915033167,0.8929873628208318,0.4623432879511781,0.8547974027356964,0.5229216087541645,0.8453643382287748,0.34019712052394757,0.7483545970028351,0.10209325999411856,0.6164687910729674,0.05178443368009425,0.6401677352052891,0.06548138806337497,0.6314613543735118,0.10791144975355084,0.9324108834521074,0.7204613301699299,0.9365364977377588,0.7907284788213695,0.7267524672342731,0.23692944109552733,0.8134226663638429,0.3236297559385839,0.6238933139312246,0.10706897799643919,0.5982602740620009,0.06451771341603943,0.7865165359976785,0.3236814254132009,0.831489388229054,0.44783107073476813,0.5808471291025856,0.08828500983407173,0.6331572294390518,0.0797332793785942,0.7307332282420516,0.37499959160759266,0.6906245475443183,0.1657923065655126,0.742855039093466,0.28296794366800304
28,2.911579844083926,0.6203075699982609,0.9145481566441588,0.7648391947926115,0.9015526560910637,0.5164090557673884,0.9169180566688231,0.725243818488406,0.7669687001508484,0.38089516229334663,0.9457246150750652,0.6610052343627899,0.9286111667726351,0.7405285955163061,0.6480369283259326,0.22713453600414596,0.9071878979259557,0.5583800689317253,0.9567496427379312,0.8134565493498088,0.8742759875880213,0.63541813174993,0.8948081740596907,0.6341076115286866,0.8282619110607631,0.5550987451043796,0.9997091902991794,0.9987188958152039,0.9805663340724317,0.891455379399176,0.867915656539073,0.5954172708292635,0.9534137775884125,0.6572127326613372,0.8603819872280777,0.31536391480929804,0.7379444948813764,0.39402566836877884,0.7799136796857247,0.40578106577184203,0.9020095485360077,0.498122915722132,0.9289579042370396,0.7767331623383491,0.9618834982435092,0.8830175158969856,0.7269256121434876,0.3403674102826811,0.5989760811082847,0.19893203016369207,0.8393994795944882,0.7247207466020709,0.6529749486913898,0.3030202520816578,0.856716003305745,0.5844386794089227,0.34620257881791755,0.8301220946221317,0.44878159224449776,0.7807401367097817,0.42067349949226956,0.8099724023214746,0.30325156059841957,0.7252902862970716,0.14468747995984588,0.6040442637838339,0.051333923731847496,0.6321798236510237,0.06790679525774766,0.6630557157301864,0.128877882336173,0.9343658552583312,0.7525127651572937,0.9344369988844083,0.7715118948709022,0.7052910052910054,0.24248385302482858,0.7926009801009801,0.318190385653567,0.5870386680622569,0.0906316434135502,0.6241346848809074,0.06910732939012142,0.7827635908207748,0.3090124585238998,0.8256057114540774,0.44274680254317056,0.6013226582489056,0.09012473842492565,0.6021129738833793,0.058302517706805834,0.7229806071566333,0.3855199699676161,0.6523829683015181,0.14471817753819832,0.7268653381820359,0.2758092247281937
29,2.902666878177229,0.6094755409803483,0.9290405999867122,0.735104043027551,0.9128164435975998,0.5154491597860752,0.9467789397560646,0.8060007550994558,0.7599666668717376,0.2876615509421027,0.953904535293477,0.7876849508682907,0.9571005284585521,0.7598486792194836,0.6795881071338284,0.21819823680028014,0.9021332116476583,0.5318595174051617,0.9545072979992885,0.8016627841726859,0.8807178064831716,0.6129492344395202,0.8948721132495171,0.600612266125175,0.7842829633699049,0.49001772616063577,0.9995705091368706,0.9982369451196423,0.9801851794822662,0.9039753371653804,0.8523165136123219,0.5520496811488204,0.9402096445505307,0.644923627363072,0.9064443551661483,0.3517535418222948,0.6957667542529364,0.3302876660890274,0.7382518350493442,0.34218875263743675,0.9114183031440354,0.4730799377429954,0.9276115629705599,0.791201001171051,0.9661234244067823,0.8997128629933384,0.7097520093703299,0.30868798287219545,0.5583774732403102,0.21717416163461525,0.8037473844834998,0.6789479613269317,0.6057189245817343,0.27429840403775074,0.8519693495113532,0.573598721814268,0.33770589550570174,0.8412344916587189,0.4284045554963757,0.8482377773958248,0.5127834594217987,0.8234403808401788,0.3209140244314623,0.7235747363695364,0.10573670669551107,0.6146686164085869,0.06093629426040834,0.6379309255283105,0.06340957512900222,0.6187665560784918,0.11416288840971413,0.922357984693131,0.7318833690480564,0.9352179130732936,0.778007462262968,0.6985310686119311,0.23635251976768723,0.7864782607429666,0.3207362517358267,0.5292531464603916,0.06790701786249673,0.6060383210398628,0.05680367823563219,0.7640421131156937,0.32304175904318133,0.8178274793464835,0.4247747649560793,0.5883905637282928,0.08196061680408415,0.580490744411196,0.05471483955315035,0.7002383650922646,0.3424430321540784,0.6049279645497031,0.11834786308266146,0.7179814425865715,0.27070108833421974
