epoch,train_loss,train_accuracy,train_1st degree av block_rocauc,train_1st degree av block_prauc,train_anterior myocardial infarction_rocauc,train_anterior myocardial infarction_prauc,train_atrial flutter_rocauc,train_atrial flutter_prauc,train_bundle branch block_rocauc,train_bundle branch block_prauc,train_complete right bundle branch block_rocauc,train_complete right bundle branch block_prauc,train_early repolarization_rocauc,train_early repolarization_prauc,train_incomplete right bundle branch block_rocauc,train_incomplete right bundle branch block_prauc,train_inferior ischaemia_rocauc,train_inferior ischaemia_prauc,train_lateral ischaemia_rocauc,train_lateral ischaemia_prauc,train_left anterior fascicular block_rocauc,train_left anterior fascicular block_prauc,train_left bundle branch block_rocauc,train_left bundle branch block_prauc,train_left ventricular hypertrophy_rocauc,train_left ventricular hypertrophy_prauc,train_myocardial ischemia_rocauc,train_myocardial ischemia_prauc,train_nonspecific st t abnormality_rocauc,train_nonspecific st t abnormality_prauc,train_normal ecg_rocauc,train_normal ecg_prauc,train_premature atrial contraction_rocauc,train_premature atrial contraction_prauc,train_premature ventricular contractions_rocauc,train_premature ventricular contractions_prauc,train_prolonged pr interval_rocauc,train_prolonged pr interval_prauc,train_qwave abnormal_rocauc,train_qwave abnormal_prauc,train_right bundle branch block_rocauc,train_right bundle branch block_prauc,train_sinus arrhythmia_rocauc,train_sinus arrhythmia_prauc,train_sinus bradycardia_rocauc,train_sinus bradycardia_prauc,train_st depression_rocauc,train_st depression_prauc,train_st interval abnormal_rocauc,train_st interval abnormal_prauc,train_t wave inversion_rocauc,train_t wave inversion_prauc,train_ventricular ectopics_rocauc,train_ventricular ectopics_prauc,train_ventricular premature beats_rocauc,train_ventricular premature beats_prauc,train_mean_rocaucs,train_mean_praucs,valid_accuracy,valid_1st degree av block_rocauc,valid_1st degree av block_prauc,valid_atrial flutter_rocauc,valid_atrial flutter_prauc,valid_complete right bundle branch block_rocauc,valid_complete right bundle branch block_prauc,valid_incomplete right bundle branch block_rocauc,valid_incomplete right bundle branch block_prauc,valid_lateral ischaemia_rocauc,valid_lateral ischaemia_prauc,valid_left anterior fascicular block_rocauc,valid_left anterior fascicular block_prauc,valid_left ventricular hypertrophy_rocauc,valid_left ventricular hypertrophy_prauc,valid_myocardial ischemia_rocauc,valid_myocardial ischemia_prauc,valid_nonspecific st t abnormality_rocauc,valid_nonspecific st t abnormality_prauc,valid_normal ecg_rocauc,valid_normal ecg_prauc,valid_premature atrial contraction_rocauc,valid_premature atrial contraction_prauc,valid_premature ventricular contractions_rocauc,valid_premature ventricular contractions_prauc,valid_qwave abnormal_rocauc,valid_qwave abnormal_prauc,valid_sinus arrhythmia_rocauc,valid_sinus arrhythmia_prauc,valid_sinus bradycardia_rocauc,valid_sinus bradycardia_prauc,valid_st depression_rocauc,valid_st depression_prauc,valid_st interval abnormal_rocauc,valid_st interval abnormal_prauc,valid_t wave inversion_rocauc,valid_t wave inversion_prauc,valid_ventricular ectopics_rocauc,valid_ventricular ectopics_prauc,valid_mean_rocaucs,valid_mean_praucs
0,4.7359960330044695,0.41124444113189734,0.8025468900496769,0.16225656776339462,0.7415376446344846,0.01936698720202202,0.9577492378910818,0.8004581518592446,0.9426048076281954,0.6911029899735196,0.941965789699723,0.5917981082564105,0.32074402514787853,0.005055678603212314,0.8957109736186543,0.24194578713476755,0.7907070332033369,0.04522574452740976,0.8462634081716962,0.10955224773814175,0.9138499771460736,0.2398785695354721,0.9462993139862582,0.33497906472413136,0.742250941461311,0.15474978458261035,0.8796491746797745,0.2832125754570168,0.7101946155086198,0.094302985197262,0.9392023363208553,0.7576378221741296,0.7209083333340076,0.09476249280694676,0.7912419671418731,0.08845618678174871,0.6171000686664331,0.013513423934448718,0.6622437326643887,0.06086452207292657,0.9566375895038706,0.715699760037256,0.7952001850601703,0.3842396045313866,0.9679667250413148,0.904165937429591,0.677470482465978,0.06102749577867037,0.598257325155997,0.047007294932751194,0.7379732042318438,0.15279240716661807,0.9418058150667301,0.3615870274674558,0.7025882433504391,0.029787928744360665,0.7978025866974321,0.27575656097825574,0.40217634344488334,0.80070805511616,0.15516847007572981,0.9556960035060131,0.7896576117013999,0.9384897792323293,0.5798997277716168,0.8875860198576055,0.21111881764284188,0.868609761992115,0.1332133103785379,0.9070431090644231,0.24455353971846922,0.7355704769533666,0.14993070081960014,0.8879353435726195,0.24932936769651712,0.7046686259060524,0.0975202432943091,0.9354088692817789,0.7464197431150003,0.7229898474112373,0.09803412709309958,0.7907976860182743,0.08356202261883294,0.6353528340318854,0.05258608101981435,0.7640138803990302,0.3477580292794997,0.9630741206796694,0.8986981384255097,0.6784859711177372,0.06543268597973843,0.601452770614483,0.04913474234723397,0.722526384720479,0.14764350807940793,0.9416543728192257,0.3602416761818417,0.8127402059102361,0.2873632917494211
1,4.290826342617698,0.44398896921815606,0.8034785015131539,0.17854985576924376,0.6966751569369068,0.015391463011530413,0.9735394002802127,0.8121152045519805,0.8917325966156165,0.4872498828889235,0.9447808049833379,0.5727117546279311,0.379496307520829,0.006903150040007057,0.8439164804949305,0.29693905142858934,0.7355875853458523,0.03625254025146646,0.7834362013367195,0.0795809270225498,0.8726965935354027,0.3322245124474247,0.9572449403787112,0.5504119449595976,0.7358640146575933,0.14595307365025706,0.8784268844900678,0.20816924502221984,0.691218320168715,0.08634074036410633,0.9449971592890009,0.7892463481995565,0.6764735615160568,0.10037637872973793,0.7615586356382545,0.12581777256273946,0.5904677442187747,0.009052073585490764,0.5807314990403487,0.040852701610899836,0.9327056623441231,0.5095102534471527,0.7996299769991737,0.45075217233630904,0.9670764874584759,0.8799531979117191,0.5727712745029546,0.04171348813163782,0.5719274689077152,0.04428098833585048,0.6897083265463698,0.12011186742084749,0.9318085564374993,0.45684404654325483,0.6200095931505334,0.026287976163955038,0.7714059160854567,0.2742071337412955,0.4395915629425356,0.8037861363429719,0.19354888953816568,0.973516557507905,0.808553060238878,0.9404120875053947,0.5651396948048076,0.8254984797003058,0.2520096887609781,0.7963300444918091,0.0849173525858901,0.8794184134812988,0.3410701092848339,0.7208890758323665,0.13746014382003338,0.8785832255775289,0.20820827293884353,0.6765474540431838,0.10017953818943762,0.9401611599904794,0.7769103745417145,0.6606722686987699,0.12157772135353426,0.7567371023253375,0.10466516382967102,0.5446186689647068,0.0355819700162468,0.7716500230785545,0.39655719178064985,0.959491110559511,0.8631297990662896,0.5667351080732875,0.04148373335591882,0.5686081044812428,0.04791187144699196,0.6755101925433421,0.12328636000219978,0.9180183190067243,0.4728184147781699,0.7819570280107747,0.29868470264911867
2,4.107486620846365,0.4688579165735013,0.8087578938080862,0.3561394394976697,0.6932636135571917,0.01411338492529797,0.9811221147455834,0.87353381918301,0.9019889572562538,0.5152170380089248,0.9549976173196814,0.6034377743353796,0.5327494599732808,0.013268193606502717,0.8822991567540537,0.3247587057231942,0.7931737612186381,0.04456030745151588,0.833065107330871,0.11645386283762653,0.925771402965663,0.4768315819338177,0.948338436745286,0.6561727020357071,0.722586523817528,0.16363879346409718,0.898949220533591,0.2768286381567375,0.7373420311124419,0.1391821061762977,0.9587705811764713,0.8305620662858955,0.8077003313990059,0.20534177223664507,0.893914857117026,0.24415404281460043,0.6913949098615216,0.025586570031924494,0.6307312709743015,0.06622790668197973,0.9539741553455686,0.6605399922072854,0.8643407145544212,0.5874981826937722,0.9839817663889207,0.9558819424040821,0.5973900745338417,0.05585030354481335,0.6334866303054755,0.07754267280181647,0.656989361283009,0.13400495888875522,0.968403541436776,0.5382162732743334,0.7465842976272654,0.03908973778228151,0.8148913995978426,0.3331345469994061,0.4569575911157487,0.7983864449929787,0.30616749843496605,0.9790657887903912,0.8518021824183682,0.9491413894686977,0.5900253492056937,0.8637493964002302,0.2742126442977062,0.8473400274870864,0.12984714093419827,0.9298310364014082,0.47333171306962185,0.7024271190067092,0.1473874067525181,0.8882922904264627,0.2425739206835838,0.7237329485146907,0.13973699811439405,0.9508283906985805,0.8010331009401459,0.7956185880792003,0.18609923631801703,0.8840665164194575,0.23360132522399057,0.596661737631713,0.055579506239609014,0.8260693063542953,0.5081099914442005,0.9771962123600807,0.9442517832933096,0.593276256543066,0.05211393038975104,0.6334496697068625,0.07814811084965463,0.6356870243772381,0.1301423970875438,0.9607391872844384,0.568651505920526,0.8176610174180837,0.3533060916640946
3,3.989995960051879,0.5359866835606569,0.8792840383794728,0.3875489919550524,0.6902619780739463,0.013611522917585505,0.9802018521393118,0.8844712499744433,0.9135391096349204,0.49662440548516923,0.9653668993369642,0.6523105006478229,0.5815812612259503,0.023264577210726715,0.9017444427139852,0.37339405864171205,0.8319635795234578,0.05911080564440732,0.8884473502516532,0.131418176491071,0.9484751590894807,0.540266682825211,0.9603882852175917,0.6288227176868082,0.7806542752870227,0.23299946784347522,0.9313334832711123,0.383986168851376,0.764565749353919,0.15797315206036985,0.9594563019208803,0.8277424944395702,0.8134732413085346,0.3491095750056688,0.8509799545597688,0.24606070711173378,0.8081637434481623,0.06413983959173797,0.6542128360271005,0.06648697997227619,0.9629911717087408,0.7315209885246843,0.8752715924049749,0.5660293843607556,0.9838173381288605,0.937153460894119,0.6412308655412438,0.06435452112168029,0.659726085070552,0.09660642692987734,0.7581979416031405,0.17396149837628067,0.9714530335013065,0.6397775654487199,0.7669867855959963,0.044511241333197823,0.8416210501599278,0.3619724874572419,0.5297011254378773,0.8684546957691193,0.34271716367554267,0.9777626600523666,0.8614276512250291,0.957742013726381,0.6234083264919399,0.879995656286588,0.30553953495589425,0.8945430563077621,0.14657518557501786,0.948309857235126,0.545118529006488,0.7641701171515923,0.21112106874763437,0.9210627538150707,0.3215158237641678,0.7389908607169946,0.1478664995673513,0.9492071703732147,0.7868911058232708,0.7839463765271211,0.3090908475607211,0.8327706342412224,0.21527967052407698,0.6231601316150259,0.0576673659254891,0.8382163188250312,0.49744157486579194,0.9801612440009494,0.9236882855400264,0.6308418015350562,0.05957443041514775,0.6569522549828688,0.09216796043433906,0.7385577271954501,0.17450088081334725,0.9571134247472297,0.597915713170135,0.8390504607949564,0.3799740851621795
4,3.892946165359253,0.5663461777347146,0.8722805033182748,0.3300528586864838,0.6959957106159145,0.015433037303053348,0.9783538153944342,0.9069399285858858,0.8984882832651381,0.4647950458357114,0.9610599121301445,0.6542384264847723,0.5024570012747168,0.01780568303449643,0.907268882695142,0.4639846741889163,0.796209551672491,0.06059825715295994,0.820832452048803,0.13442935031151443,0.9319127565504506,0.5490059622494993,0.9678132097236869,0.7166397501670754,0.7689397460516353,0.23644503026263572,0.9306919854702534,0.4122707170303651,0.7446062079865,0.1627203701923013,0.9668936852067814,0.8605944212995867,0.7758946490547405,0.3407952072430297,0.8407705465857338,0.323559327572587,0.8063940805078481,0.06344903302106146,0.6025181762880514,0.05637394804059917,0.9556563960476618,0.6905371455716749,0.8762130115851561,0.6560117513771928,0.9896781719401079,0.9701945179920375,0.6192003423335306,0.06163043676138761,0.6445086063752603,0.10397366034542861,0.6373203405280524,0.12747572439493887,0.9666684601829441,0.6486021761533672,0.7475374848297391,0.04070352048732773,0.8224505173949331,0.37293555413873675,0.5520608183647612,0.8517085501439928,0.28295040151555234,0.9705908568838226,0.8770958483502853,0.9520279264783417,0.6278997720725019,0.8687601013386135,0.37379645046052706,0.8310013714425478,0.13464337898848458,0.9256038009120623,0.5055241864132584,0.7452615875603371,0.21526965986114782,0.9214602816337364,0.3421904854937215,0.7151084770652052,0.15877173243323325,0.9552394626133003,0.8216809267212646,0.7478194633109373,0.27090027385949106,0.8060475229592877,0.2681249145811685,0.5783411022758431,0.05085295217970634,0.8276885996099517,0.5476974923253741,0.9839267773210573,0.9574394901656266,0.6049979158881191,0.06104176608245579,0.6405049044668394,0.09357480873117462,0.6219058297431942,0.13530497711394612,0.9551085045247397,0.6277821474664833,0.8159527913774699,0.38697587709554754
5,3.818556609880773,0.522943529353308,0.8657166891554724,0.4518828406510276,0.7131590546346815,0.014948783165336597,0.9801377044284845,0.89571660878328,0.8847312947850906,0.4162982221079328,0.9697691358932723,0.6499651419045331,0.6514552506170171,0.049572216011136136,0.8827156164850818,0.23506738997137258,0.8368797684879827,0.07337928987066183,0.8800727243449553,0.13086093461957043,0.943347809438457,0.5466429252026969,0.9572392265968895,0.6903674558167793,0.8359643049061255,0.31166141900041944,0.9178986058694824,0.32654085203347283,0.8133772243657169,0.17479615228097065,0.9650096268738253,0.8539040187699083,0.8290850674940325,0.3751790706698808,0.9093871000950059,0.3576216286861873,0.8190107217312493,0.08200149574985403,0.6770647544933504,0.07394420712936128,0.9696412179494603,0.7440701394286564,0.888567037645888,0.640535900339716,0.9760952581242892,0.951055506757672,0.6511485915052747,0.06882319981695698,0.6995648187420773,0.11573964754524385,0.7688281692478478,0.19825038923887417,0.9737334911627656,0.6658633602400247,0.7841166948088217,0.057410377358654695,0.8534709985141703,0.3760036730796363,0.5239621375866438,0.842085202953758,0.3761398478889832,0.9767203452953443,0.8720564360552979,0.9584924438857023,0.620209631677108,0.8511998130218795,0.18773047757667724,0.8898543825014412,0.128190056123588,0.935709322775555,0.5187480215966539,0.8052888504279075,0.2654295962161347,0.8988548438212582,0.24166501021598474,0.7868320709467038,0.16609801690691908,0.9533238940140717,0.8133749271884478,0.7931028913740797,0.2965243592393933,0.8788075001310295,0.2963529881509403,0.6414179952211211,0.06450403581958833,0.8357980085910439,0.5498929968815608,0.966954339969466,0.9390033116934742,0.6339843025215794,0.06088229820550069,0.6800096552700148,0.11111821158847628,0.7443271437529596,0.1965899417408895,0.9564314768114222,0.6325911917612981,0.8436418149098072,0.38616322929089025
6,3.7465142665544695,0.5650294402623537,0.9033128888882818,0.4266517289205828,0.706543125629381,0.01929609879035006,0.975827322377935,0.8913997643801049,0.9103587788272153,0.4796177235997786,0.9685273132572694,0.6799072696996011,0.6795543128209212,0.06315697334246308,0.9252849682804262,0.4626686721691456,0.7906663730164346,0.04879405445863641,0.8638515243772885,0.13016387836377621,0.9408099696985428,0.5695876156320203,0.9484357060074793,0.6399997621065077,0.7996131593624889,0.27274864320797776,0.9176135366670577,0.3819434175127224,0.7984730033369556,0.19023197553427806,0.9720031870937765,0.8824585498311714,0.837522853324967,0.3906841470857761,0.8797344622101912,0.35617875275372335,0.8707799458005558,0.13356131925259349,0.6585630000664847,0.05908788522952525,0.9669069989761054,0.7576335348072113,0.9118666627730739,0.6706379884432264,0.9892349170817926,0.9682823351222103,0.6089035123199624,0.07643006142903842,0.7112693494800261,0.1375031742432568,0.6481899536109617,0.11223587043682468,0.9778394774811514,0.7338637455748446,0.8009880087150296,0.05794644028371745,0.8504694189437687,0.39232116230411346,0.5530297383915928,0.8772204692325049,0.3651820272116831,0.9691330999460657,0.8621934587178607,0.9562468471115272,0.6238585265756464,0.8831265475857112,0.3377032311857161,0.8608822947058241,0.12514314912458696,0.9336974103245901,0.5296223773447964,0.7589109291425411,0.21433615311491092,0.8935308236813211,0.2998634170970852,0.7639193222795425,0.15367302926440027,0.9573632390710405,0.8278772538229098,0.794412828402686,0.2831996132514976,0.8316781754281755,0.3106511250519112,0.614604175643386,0.049058342775124775,0.8577785643891669,0.5192730568063096,0.9827460868604061,0.9527462860375769,0.5927765433534471,0.06630473514592153,0.6942112971683596,0.11825252074185037,0.6278993634260293,0.11957154592304715,0.9539864603312933,0.6283876989020195,0.8317960251622957,0.38878408147867655
7,3.6918998195566406,0.6066930014161139,0.8752619943762465,0.4649240032483626,0.721049561261137,0.01945888561737416,0.9833462559123424,0.8709418013241766,0.8357397783580287,0.4202255472598463,0.9458197333249667,0.6272110504799785,0.5938714294588184,0.06660235490548114,0.8952133755029458,0.48406300904917393,0.8143196409603395,0.09204765995167333,0.8552200213361382,0.13627094511498994,0.9219379153862156,0.5607633606744279,0.9614933396199931,0.6938297236865633,0.7628165069408365,0.22901918377526656,0.9300944414122977,0.3742008787280522,0.7715471432897033,0.1913117090062876,0.9705524412795852,0.8716016177355533,0.8605696825219696,0.44899777811106406,0.9102092750190031,0.4035906063406869,0.8538188191939221,0.15278564190263133,0.6464746241506095,0.06721044954012556,0.9279554097057252,0.6221945017676097,0.8932580266699648,0.6646371388795831,0.9879378509648131,0.9660116526887985,0.5881835179826223,0.07352966059074317,0.6855487253282545,0.14346581028219385,0.6081412443083407,0.12649958217867796,0.9828461484700893,0.7738767267356995,0.8418556419276134,0.07326066302935703,0.837966020172686,0.39327896083719915,0.566967280316017,0.8409286073125133,0.36982458052640654,0.9808213973982379,0.8484307808559364,0.9226489273631432,0.5817992147422004,0.8429732167072006,0.36953739817660014,0.8438560975325682,0.1368338378588087,0.9117126402554445,0.5021165454962272,0.7324365189636557,0.18631966714614523,0.9058422234172594,0.30482045250154005,0.7252716319901743,0.16036621831053993,0.9545196904744042,0.8088799543127295,0.8083873239411623,0.3226161960354675,0.8600022129433894,0.34240154354407615,0.5823485056210584,0.05007351713675875,0.8359092430649984,0.5080849799799074,0.9802667135633251,0.9470600178885525,0.5832953859461607,0.06447068878866238,0.6511800280781617,0.11787896301918224,0.5959572424795537,0.1197938573247761,0.9663651738950464,0.686674559218855,0.8170906726814451,0.3909464722559669
8,3.6365696346474587,0.5164840625077638,0.8425130883482699,0.41035927727983956,0.7158221855324551,0.01780605148490002,0.9787669496728169,0.9027171116454095,0.8680207985429891,0.3886816659362665,0.9683182661699513,0.6830826213553156,0.687280347576857,0.07669483101426336,0.9232124125016152,0.5197928436876657,0.8460368689998448,0.0766262597312922,0.8873445597800058,0.1552751471666041,0.9237417166714221,0.5178106734679134,0.969555845693698,0.696451609122653,0.7941998682463521,0.2217967926918821,0.9420174806769304,0.33249995443543034,0.7803828912187862,0.16586224816970085,0.9758860687544718,0.8943414558619414,0.864433364183417,0.42345885320496607,0.9084903563916613,0.4067415427302146,0.8398530434804137,0.1217991665426552,0.6401736891120671,0.06219273710897435,0.9505005335450928,0.6753947737653918,0.9305497752881688,0.7294074731948543,0.9864497704068592,0.9571615894365033,0.6255671944461809,0.07267681182229453,0.6961083190547694,0.14558224541221565,0.6492955290769062,0.10621130961508359,0.968912944640291,0.6967856979546125,0.7625635496434051,0.04744909840510228,0.8491110154687296,0.38906147563866467,0.48855929045241114,0.7984899967334897,0.3290687082996797,0.9679651117148604,0.85659218798871,0.9470256660779376,0.6122715051733393,0.8701152517259095,0.3653475755017137,0.8805996930996931,0.14543362379906008,0.9107829630002431,0.5069626430514909,0.7537205669225128,0.17445961616234723,0.922091173005211,0.2602619810268929,0.7440764320627672,0.15750338303135158,0.9588577471269287,0.8320078914710902,0.8144326274238096,0.29833439550469487,0.8424191402132578,0.28123774332034396,0.5976476751929178,0.049270555317340356,0.8650435789640016,0.5585968898414758,0.9790259008199569,0.9340056232316709,0.6177025051155474,0.06562669787648019,0.6644846007654711,0.10928758567129702,0.6315894352803899,0.1062073203012164,0.9404169375338374,0.6054626212091804,0.8266572106725655,0.381470449883125
9,3.5765296305275234,0.6148170231795483,0.9003826776284569,0.5488196211357925,0.7512500505578998,0.0317809401748532,0.9867775888891296,0.9101020756354562,0.8954340053519533,0.5343352178240507,0.9642467824171822,0.6557321405443767,0.7633752960413789,0.07855498246715716,0.9261825428203032,0.5310832905267306,0.8254346165576208,0.08181620886468977,0.8699984440402428,0.17859492284698322,0.9396368274924735,0.6406928585803692,0.9608139844585135,0.6779702324732033,0.8102020204914274,0.25983859427126776,0.9467113119329468,0.47002534859028194,0.7590069096158251,0.20329084183805013,0.9737055278884743,0.8940273625975999,0.8721416704248095,0.45888088740615607,0.8600096335417434,0.3302372845629276,0.8402175877443808,0.1676467913621273,0.6693368171074784,0.0895812562774435,0.9506483826047286,0.6846539820628624,0.9374985212936576,0.7471182350968807,0.9870979102155009,0.9573282486636214,0.5900265758925125,0.08470091158814841,0.738504400076452,0.21212158662263647,0.6644541047685188,0.15272744947527175,0.9824232832842843,0.8127467017617058,0.8342102670915719,0.10976022074981959,0.8592491755640543,0.4260803034814986,0.5640605202355221,0.8485304377827774,0.4219299167866608,0.9827865540676628,0.871414364534622,0.940583923485731,0.5842196525535236,0.8758553477285906,0.3629503048204805,0.8559250103367751,0.14543057439959434,0.9246410956491105,0.5698363597539573,0.7656004030797297,0.19517843808604185,0.9248157108883237,0.35588425757497183,0.7112353688079632,0.14122582067383538,0.9532948110674669,0.8110539651103718,0.8037634112811827,0.3220322544279689,0.7919239941298764,0.2439415784913823,0.6031788358337576,0.05958679059088523,0.8615461903752032,0.5497306468217794,0.9797768064078469,0.9305392844434814,0.5807186658025334,0.0659151455452562,0.7096734416850582,0.1458000455418481,0.6424118771859975,0.14257984713501173,0.9674352250092749,0.6815221898308271,0.8275630058213085,0.40004060195381574
10,3.5280811312787947,0.623537303421033,0.929461523109059,0.472693753468411,0.7458607339866278,0.02921268133890636,0.9909226218059228,0.9477492880616908,0.8341165012032925,0.3776986999997394,0.9708085207117025,0.6848379167468069,0.8419651723229855,0.11317090118217493,0.9378450310631353,0.6184881296325138,0.8500756807998754,0.09584669622397059,0.8889123609660498,0.1801191473884666,0.9072914564567319,0.5592502475362666,0.9599570071660722,0.6896540648479278,0.7912146654883543,0.29989406058046586,0.9350103098380189,0.49246549518043103,0.8281059639545755,0.2632620755754437,0.9772749105078405,0.8832513530119034,0.9105309068233334,0.5431203179286916,0.8898338214049244,0.3937360766908676,0.8387625052917715,0.10317756914579833,0.6959954573850758,0.09725868694270659,0.9509604202776556,0.6734230899511767,0.9381287565296408,0.790787175042471,0.9861720577199387,0.968149380763682,0.6405770397526079,0.10460483805905704,0.7829953257462365,0.24384831959758804,0.6793106551846746,0.16643474653630658,0.9786019790954874,0.7961610432026308,0.8470074027502408,0.11954101876794296,0.8713962513830309,0.43362358420014957,0.5774763359916524,0.8911007649511723,0.3505260277394041,0.9863726771029905,0.905429075462316,0.9421197431456348,0.6068662133393773,0.8777471782399802,0.36659040300945794,0.8892192531898414,0.16415546589547386,0.8874994407956358,0.4857180037542388,0.741502119104898,0.20309345552324132,0.9039311452371566,0.34814637509959767,0.7682283229588222,0.18290596176517876,0.9501797864477761,0.7640312560358081,0.8429703004034699,0.32364869094816057,0.8035794359323771,0.29260525682663513,0.6356604253985664,0.06588837560988507,0.8504741499399124,0.5464333246891038,0.9770123314571475,0.9463780516609792,0.6360515912422876,0.07732743257924726,0.7499086182705677,0.1728548611375951,0.6563114536695993,0.14784592863845053,0.9518946613506258,0.6474081584268456,0.8390401788862348,0.399886964112684
11,3.468425365522726,0.5943454820998236,0.8847590129930514,0.5694484458118423,0.7297956631174156,0.026219542341288378,0.9707294281762365,0.9056659978955286,0.8425430767851768,0.4500538623106824,0.9666299835051143,0.7132023476696115,0.8789535686382927,0.14066557265541124,0.9163053643167735,0.5500599037640657,0.8625204907522398,0.09286013040886508,0.9109772960870008,0.22251015253403794,0.9337981469388423,0.6205404409121894,0.9688926870791148,0.7480203523632117,0.8624583017107601,0.3790813509366844,0.9477741413557801,0.41629431256756305,0.7915691699353449,0.20901618344514517,0.9821047594628867,0.9238700728096705,0.8844825468288329,0.48931748086543236,0.9198655710665538,0.39163988010521994,0.842206179798925,0.1650265781039368,0.6842500098713435,0.08002130288266826,0.952794285301948,0.7203180238457261,0.9401984644357524,0.7748481067562601,0.9838761387679281,0.9572614988642912,0.594583766919035,0.10426308147542579,0.7817016734203993,0.20412715570169232,0.6911087743364304,0.13988216709076653,0.9817704845107066,0.7796286849409555,0.8678996974986418,0.15015753794472989,0.8731314327263159,0.44162963581492226,0.5243347991354252,0.8311771406739297,0.4111241385532818,0.9576103925208892,0.8578859165348969,0.9332726384509482,0.6267021733535985,0.852886143995202,0.3501692879401201,0.8968095034271506,0.17358770751329164,0.9029381995297091,0.5141222476021529,0.7845855200639332,0.22440984848925488,0.9227802212242311,0.31439569038422976,0.7323982374513784,0.13455783505394445,0.9547761060000036,0.818614106686798,0.805096242480862,0.2752910480017827,0.8441487301781421,0.26797838291285647,0.6270021348270595,0.057265123935634925,0.8618361796883771,0.539321303077826,0.9751758385093763,0.9376042076688166,0.5899028046004646,0.08439460050066208,0.7253167795278128,0.14069375758522512,0.6577410620463725,0.12682774840623307,0.949031016722987,0.5979705138621674,0.8318149943115173,0.3922587177927776
12,3.4109221491463355,0.6447541675983205,0.9121601866199942,0.5479537961133256,0.7134509422436922,0.03065521030831505,0.9913532452217171,0.9557973895937202,0.8665129174344143,0.39938871339160154,0.9765534355601344,0.7098805171323467,0.8988586166742053,0.2320990318354189,0.9468855521198788,0.6356319898501002,0.8338246088904429,0.12608721373219695,0.871780948502844,0.1667012739867853,0.9442508030100825,0.578616416134271,0.95979481674507,0.7392220963860521,0.8272233693363757,0.39227616100129825,0.9566298026540925,0.613920272689047,0.8470032750944798,0.32603205074901903,0.9829294317885252,0.9184931789972777,0.9065875778902575,0.5671151706229953,0.9081780260280367,0.466842626295046,0.8672550238914625,0.16104182072128026,0.709858901295733,0.1324633347539921,0.9648760326538157,0.7644838256325305,0.954866641587349,0.8469151553177434,0.9906127417705405,0.9784261822557079,0.6354460355865083,0.1239737132506782,0.8113707156485196,0.2968130036000212,0.7430137271435535,0.21885753864117571,0.9859427246235108,0.8147054334622934,0.8653055867309967,0.18719043345343142,0.8841676180276381,0.47894753888546926,0.5740478497428635,0.8569329765377625,0.3671535728602012,0.9837896719878034,0.90989875763499,0.9531069972203337,0.617552980635785,0.8911774109263136,0.3555318356169304,0.8509000273706157,0.13238338239471942,0.9256441684770909,0.4953075662413138,0.758944219877449,0.24102906778783906,0.9287790264322874,0.3991482126660747,0.774617977075749,0.18056440655755768,0.9503227556093666,0.7693749110582325,0.8135108264582789,0.31632975028424937,0.7965831862890685,0.34374168979398884,0.6466112068627835,0.06903341569427886,0.8462468760785584,0.559776816359349,0.9813254822960322,0.956285816471989,0.6187982971695278,0.09603274686223451,0.7347526496514515,0.1844651640055026,0.6917835061301663,0.17969246788192358,0.9581898492066528,0.6223074068230666,0.8401061637714363,0.41029526145422246
13,3.347970335300699,0.5915380984323371,0.8839839464839171,0.5260097672561059,0.6757442900685617,0.031447517919079494,0.9809383729435308,0.9266208124941547,0.7671591957096972,0.3031258190175595,0.9400955463808719,0.6255339867287798,0.8704246022962401,0.173602568402938,0.9043810724466296,0.5071004517267156,0.8312664104694517,0.1043525540797602,0.8743177100489762,0.2110335097895743,0.897470620701715,0.5233723229285528,0.944863625075134,0.7419659289127921,0.7840586681505931,0.2768585171114097,0.9267046907581777,0.3604208325315016,0.8088078226263717,0.254432625256241,0.9839238735105317,0.9245360767797891,0.8487427505203068,0.4831741852359839,0.8616991881006005,0.303117602312273,0.8054744769501572,0.1370339099987402,0.6535334295756696,0.1100447200109528,0.8982745670349637,0.5411282277714556,0.9390295907318752,0.7690488030669468,0.9862205021865331,0.9683323595578539,0.5503228543482976,0.09603863959028493,0.7953994298845085,0.2733083863731642,0.655234456789804,0.13039820869889818,0.9749736065047235,0.6650287644225237,0.8466570428768788,0.14885911795419726,0.8477667534509153,0.4117009709603047,0.5193411343817544,0.8242963456414742,0.3675357899106693,0.9685739360300977,0.865586983373118,0.9014611752032367,0.5369867567157139,0.8295147609083432,0.3193507478915851,0.8402984634602282,0.13612746137824888,0.8700285858280837,0.40909449199193954,0.7190911891207376,0.15301583816162836,0.8931840910839295,0.2456116435471294,0.7327106390021554,0.1328346041676113,0.9478121742023813,0.7743468009199812,0.7271091121995407,0.23589097042928833,0.7417818998701351,0.18792598906788133,0.5966057229033648,0.06067769264648311,0.8434046273541164,0.4940882380428512,0.9758804863579601,0.9475466064108735,0.5595009858698521,0.056632065186477606,0.7291742818107859,0.14871316681325694,0.6174276531668708,0.1214277076823514,0.9309964624579777,0.4749372099808689,0.8025711890774354,0.35096477706936624
14,3.2896904628714143,0.6401580084966834,0.8696337196824934,0.49346512021398203,0.7251109940357234,0.038343907578415284,0.9692627560132396,0.9126320160062729,0.873272224895012,0.4208685987768063,0.9773001608855701,0.7293663669391387,0.856042743694439,0.13888736554704997,0.9377957740708008,0.5255608197714381,0.8706907258858365,0.12202795587506997,0.9166686901598485,0.2645377495853697,0.952509872466893,0.6531326714893224,0.9711068000302336,0.7674626619021562,0.8599220121549531,0.4103936847274552,0.9372555375996449,0.4134178411133104,0.8451654492763662,0.34421852003255443,0.9904396571829347,0.9583396996192508,0.8670099038560123,0.5165563870520492,0.9110440806710355,0.4369049657863484,0.7735907795676962,0.1313379876365393,0.7119105512061492,0.17106125837990754,0.9592732822723731,0.7006765802140993,0.9339513724627948,0.7796561712521854,0.9881940790423797,0.9691315965039541,0.6099929584456367,0.129909989624039,0.7905307605760468,0.3578093245040447,0.7028366885953979,0.20513271386817195,0.9875182755193532,0.8216818724129681,0.8806838880723528,0.1785350080657138,0.8766190273452301,0.4663351420176894,0.5573526123574569,0.8216160929048153,0.33622555803810367,0.9518986161634247,0.856852597440933,0.9483863474093077,0.6220502317614899,0.877701977161328,0.3016659969903422,0.892715922127687,0.16902680344646576,0.9220166796681682,0.5184096606679748,0.7838680392673569,0.21574247560913104,0.8946683789809377,0.24177092831939667,0.76312485901592,0.16759266515688845,0.954703073143769,0.8056277855733394,0.749092130758727,0.2428540309848251,0.8090117023940553,0.2541636200492396,0.6435669238904775,0.06540151027543728,0.8367089357667694,0.5233767773616893,0.9777861902119518,0.9454880815411953,0.5965254947642405,0.07202419797096517,0.7227995426098454,0.18918750231648204,0.6523050190928549,0.1480727212313133,0.9568611744532173,0.6236253652854284,0.8292293210413082,0.38416623736950734
15,3.215774759826078,0.6472137338202778,0.8587248931681358,0.4310201414944382,0.6794309721324855,0.043990560335403134,0.9853163200197371,0.9244460339170953,0.7623073676062387,0.2807268301312421,0.9727688699794625,0.7104551827182133,0.8487041545968106,0.10505949619005464,0.9235545586845999,0.5350831956238362,0.8200357905739718,0.13885882036508124,0.8566230609210964,0.2254227654911462,0.9332670029505181,0.5310318528948093,0.9428157966721493,0.6997642445416171,0.8205447561284123,0.40156862682637084,0.8690065329570671,0.45886966259522305,0.8043886956408796,0.3450170520817435,0.9905359501793541,0.9605341479995873,0.9013964248429572,0.5323770275419498,0.9139652166844131,0.40478142659369654,0.7941113751089018,0.13282314423419345,0.6542126978052536,0.14563417141597623,0.9238778273756142,0.5904833180700714,0.9278460187155839,0.7598411529446878,0.9789934205350103,0.9535055471380163,0.6057708295796762,0.16775570113693236,0.7700829705318365,0.31234020203493085,0.6943243585910266,0.21119351473048714,0.9710235497946303,0.7284655181828988,0.8823788516223638,0.2504001759335938,0.8550373430888216,0.4437573893764184,0.5631661325184467,0.8112047422258128,0.27157253172095003,0.9770262799289717,0.8597725966999954,0.9406590803757389,0.6051494744053068,0.8495578011549426,0.28506634959392446,0.8213317551552847,0.11380510342751675,0.9084168295349379,0.4404173806472882,0.7330770850707324,0.18152650789388225,0.7969272387901755,0.24797516201163408,0.7081398696268689,0.15701240423613705,0.9481770041968117,0.7852785298474577,0.8032971865725863,0.24388512329053177,0.8066262367732954,0.243668795538467,0.5956298719103765,0.06998156390703837,0.8295342082392517,0.48039803404710446,0.9666974785379104,0.9166213203610455,0.6035872204088779,0.08256966840513234,0.6990580877959648,0.16007972364324843,0.6255470015122326,0.13475385354017982,0.9129763320794616,0.5274706110847445,0.8072353320994861,0.35826340706850446
16,3.146116175529175,0.6989143126878835,0.9000446444349581,0.529201562039668,0.7448058109953839,0.06612367928425575,0.9797450024722751,0.9176503249627934,0.760752504061476,0.30968300468921534,0.9606583218421192,0.7052967226741216,0.8333500729221984,0.18423534048733176,0.9387028985587633,0.6311109357034719,0.8366086004763669,0.1495643149736376,0.8728523681739455,0.2697324755400128,0.9261621446077808,0.6267252809175132,0.9220968589496719,0.7032036805759192,0.806000319621446,0.38247297922150003,0.9416263854299255,0.5214469699036842,0.8315442924476399,0.42607863116642686,0.9935620631745206,0.9685954761011564,0.9222860005060847,0.5892457885105125,0.9125184000267429,0.4005684580285465,0.8815766227142979,0.18300318883087446,0.6640257578254645,0.1884540439421132,0.9253994917660058,0.6054937969608476,0.9525293178940932,0.831647142571843,0.9860330732588807,0.9698871880608178,0.6132337281261375,0.16887704434491954,0.763163808787443,0.3472764014367543,0.598055788970062,0.19092345152224727,0.9782953152463219,0.819030921322492,0.8905092458545855,0.2739125737301456,0.8643014384868366,0.47997931027788227,0.5837370500111798,0.8445007979530277,0.3346281118487575,0.9692556731054668,0.8537553210535619,0.9133969433920582,0.572019696340509,0.8530371817458198,0.32367975175279373,0.8151806460629989,0.12454225105248647,0.8939100198237947,0.47371724408228877,0.711892535263398,0.17227004695846182,0.8835791012264101,0.3060673539670628,0.7330299899098532,0.1698492193129466,0.951918482172101,0.7824634373210743,0.8175634496865984,0.29021475032058697,0.7746714070243482,0.26810750671142825,0.589420267147166,0.05921493473094973,0.8499249427194437,0.5314386940681567,0.9753267352162915,0.9450305423489026,0.6065627964469485,0.08428106731118658,0.6891298240237018,0.17388420227789686,0.5430780986932667,0.12416455251039053,0.9256418461769657,0.6453431612720434,0.8074221440941926,0.38077220238113074
17,3.0805473255490976,0.6917343668480286,0.9059477446902084,0.5960397226837202,0.7256676494776721,0.09834741320791787,0.9745346082386701,0.926117970725994,0.7613984978744287,0.24934004608228325,0.9674333569586867,0.7288262352632838,0.8426764590345224,0.2252267731197285,0.9568489936645742,0.6951150853901135,0.8392366779630316,0.15028840701505733,0.8686442478532069,0.27329909243110095,0.9533568241512332,0.6920115733564188,0.9213427072348176,0.6593788192952965,0.8145689440013039,0.39692209769283604,0.8891071205257388,0.46196232729014647,0.8422334095053057,0.430733071122381,0.9945188510501325,0.974707485558638,0.9025124475920144,0.5888842351252076,0.9148550087389444,0.47395454794259745,0.8885638992811292,0.20898844126399027,0.716405341371333,0.22543165190388414,0.9146382497782806,0.5690655540499794,0.9402580822109192,0.8052097362398907,0.9869746575277821,0.9707397488503675,0.5606446515441779,0.17395545074253377,0.7922221023983655,0.3719309399668448,0.6687205193906915,0.22471230201369324,0.9664147273543193,0.7405567304562929,0.8675545462985177,0.2573552836461576,0.8658251972485189,0.4877444719420872,0.5721100096892002,0.8269014410912287,0.3526032535348871,0.9620709150501571,0.8657742964764186,0.9157027795523156,0.5712356714288425,0.8691244661311626,0.31755051550980135,0.829271781477664,0.130465373400946,0.9204252189984091,0.5007987563293013,0.7119870772100044,0.16503292862509011,0.8171881826758114,0.24562126862175274,0.7486580552152765,0.16726061965184635,0.9477983804757399,0.7614277635379134,0.7809925847732111,0.30710707122355885,0.7890588147941089,0.2957663060431239,0.6446455011947197,0.07017144737109861,0.8379907311535535,0.5293460259194691,0.9751102374957951,0.9456782542391223,0.5667531562208452,0.08425963704378706,0.703960461124977,0.16892625352593785,0.6048889968063186,0.12549883702614795,0.8837981514615422,0.5284628355458129,0.8071751017317285,0.37542037447657145
18,3.0229039897753087,0.7356338972944771,0.9216641803679755,0.6267445066624017,0.7731479474529708,0.15535995706313854,0.971164095116384,0.9233930970049599,0.8460976182078178,0.3717591443806659,0.9779506531861566,0.7466274034553099,0.9188301564568297,0.2950875570342594,0.9614531176890748,0.7359123845522154,0.8793236283012679,0.1921454361692536,0.9181156209094152,0.3348025379132625,0.9662260341157795,0.7597232346644671,0.9625894409311935,0.7589663523383893,0.8181131818590847,0.4997793189039511,0.9553586631237403,0.6836903553785307,0.899236296894626,0.5445412686364378,0.9970365645433057,0.9842981777166382,0.9012709657230673,0.6145521594019341,0.9386919656033936,0.5162933105901921,0.8723903210712773,0.24473969577451013,0.8027389603477921,0.3220281229282474,0.9545643674010348,0.6781533598648065,0.9451316578287839,0.8281802710856682,0.9871331069666208,0.9726225863670419,0.6308689333240182,0.24022865235182053,0.8663243823307526,0.4580527732810242,0.757650178597715,0.30629344123586166,0.9854223648530618,0.833443289831386,0.9002516861547643,0.287333615793947,0.9003239292354779,0.5523982226066786,0.582991726913617,0.8475592097065866,0.3534629541633271,0.9562815754603885,0.8585396297454532,0.9323132493625897,0.6105796222261303,0.8704241625122098,0.33523286239745165,0.859876278993926,0.14472510791920173,0.9312339403496704,0.5400412551364425,0.7054104738262819,0.18238455867261347,0.8920748780454588,0.36812235922000125,0.7722382616575064,0.17739959941406203,0.9466830943382524,0.7547279386627334,0.7806935407557065,0.2948990852261547,0.8148115795174619,0.30844895300284614,0.690402483450194,0.08745096828661901,0.8399642594279014,0.5167140546375018,0.9725785527013977,0.9375452958698043,0.6251188237769073,0.09798493598147892,0.7530350667180833,0.16585725455310987,0.6840135999766709,0.1798699150042153,0.9263992679374445,0.6109662190087876,0.8316374893955073,0.3960501352172597
19,2.968802025787804,0.7320066582196716,0.8949473066591614,0.5555031235880025,0.7878977351097911,0.15627247402929165,0.9751637520012761,0.9305932746442365,0.7869412851457614,0.4022495462322039,0.9533962324076412,0.7107069470252729,0.9118762133650161,0.2820121893980644,0.9399944446312096,0.7091333982237662,0.866996024190469,0.18929694246864265,0.9059104425347638,0.3302581762361213,0.9033929005672691,0.6743930405319946,0.9355945662384779,0.7331814676241338,0.8733010241893584,0.5596501997443633,0.955887736673068,0.6529348542721144,0.8605688894536746,0.47639666776300765,0.9951725868036186,0.9738296224872427,0.9103396886339924,0.6260744472570776,0.948362240922875,0.5076755780973498,0.8993992868683717,0.2699899615229995,0.7373742636173514,0.2427159696705352,0.9163645062394389,0.5881398242898555,0.9494623463820222,0.8092836932299111,0.9872985530498174,0.9737180897134775,0.5787934121938395,0.22007663698908847,0.8218427363232702,0.40534381695495103,0.6880026449553536,0.2682075938890559,0.991006407482646,0.8431052443731428,0.9238824025587454,0.35164100303466667,0.8851544307110475,0.5349031030848359,0.5937243795185213,0.8217057918256424,0.3282991440982916,0.9612552000860117,0.863651786234806,0.9054945380299557,0.5594691173327864,0.8411722293392485,0.33556526416403337,0.830648319618908,0.14715152830115888,0.8578801331465591,0.4775153917742701,0.7391155661678606,0.19039131478178487,0.8908657309303514,0.34314977526307877,0.7356666717788372,0.15931407382566995,0.9415297826967272,0.725452487029098,0.7738419720080602,0.3116711867311349,0.8142561598443951,0.3274385676638939,0.6453127815425594,0.07759800275597058,0.8392024072387653,0.4837460193828499,0.9745720759789759,0.9463526820351216,0.5766922139148115,0.08770327815439383,0.7002977599857306,0.17258188276964267,0.6039304361074262,0.13552231708371004,0.9545520108574967,0.6225768623073094,0.8109469358472801,0.3839552990362634
20,2.9244462873638883,0.7242801421082706,0.8784873094139787,0.4798141718097396,0.7044394503033992,0.17953419561742473,0.9455038060776295,0.8876816365189953,0.7458160206398483,0.2695626955876533,0.967330893989885,0.7387649402625157,0.9020934401517412,0.2862289354731188,0.918672690336615,0.6482527332990703,0.8137192875950875,0.17891148925674025,0.8837021123032326,0.3375020764959623,0.8856247631173927,0.619246445228268,0.9511279545200962,0.694125820235844,0.8210584319363372,0.45118957669260096,0.9024934588028178,0.483349622160002,0.8223184503307761,0.4702018074262798,0.998297738740279,0.9924481962971033,0.8930513551527071,0.5874463017446228,0.9325141150759989,0.48164655182665195,0.8551840456209788,0.22032338564282847,0.6896847085954039,0.2587032693773905,0.9205856300274411,0.5740780392263867,0.9430292952769003,0.8301908451104923,0.9818383109368827,0.9625080909972668,0.5487645013733788,0.19794032114433646,0.7923994149600193,0.3860870544981362,0.6084948473670864,0.22409340320560006,0.978150290765682,0.7756676014508151,0.8988150498178956,0.32334504419239385,0.8586369397492404,0.5014386759547496,0.5730043974062756,0.8027086012693162,0.25974751572047866,0.9268088758911884,0.8308538103640283,0.9299725677351471,0.5986273275858673,0.8243977783118609,0.2951451479632211,0.8103143544320015,0.1423583188266726,0.8515967731112173,0.4309478470894751,0.7147064439828212,0.17300473122735083,0.8162900642706783,0.2410806882440187,0.6891852190533154,0.1567417326576856,0.9438949317766505,0.7553766475700465,0.7589194093232874,0.26413175528291416,0.7937278341690105,0.29331434327944134,0.5732126209408908,0.06174404308622786,0.8197478096164802,0.48543702102213027,0.9678511267497196,0.9301926135078981,0.5428574088544048,0.06497474306252411,0.6645419629507275,0.142659108884144,0.5148603689308101,0.10933394255574533,0.9188810686825222,0.5529310617743182,0.782340801055371,0.3572948631423256
21,2.8756060116169797,0.7158083028993069,0.875519256269807,0.5046182973149039,0.7394975944810477,0.2261835958954391,0.9379059343598352,0.8779452660512795,0.7110491143596802,0.29844486070066484,0.9594324051724094,0.7313528141754603,0.9276729900901052,0.3137493704965222,0.9480421569435575,0.7390393566339782,0.8226926364942055,0.18401452387344963,0.8724457658564919,0.325091730148404,0.9397813673556934,0.7327119807644938,0.9319713537073895,0.7353184898708279,0.8012483382231594,0.4609618997532748,0.9170539746921833,0.5624762050774283,0.8154476440261286,0.46082150195111016,0.9974175152100901,0.9877164476598963,0.8871650434699716,0.5516995684220999,0.9103827623421206,0.4948871953385886,0.838003708572546,0.25480329605650553,0.7300006579359912,0.2605033191788371,0.898441623761396,0.5451781222375812,0.9421680554768248,0.8255395184578125,0.9648507787293641,0.937638100160012,0.5731741231150513,0.2447891453986885,0.8418409140912696,0.4141852367219904,0.647028396734072,0.22849983958717326,0.9671422159644621,0.7720536275563677,0.8726764338481647,0.2786191540222611,0.8618538059734452,0.5166237949446315,0.5627189386599091,0.7952044293510789,0.27773029038038616,0.9209573639174957,0.8138193689490183,0.9023193871752739,0.5752979910507008,0.8384438481331954,0.31956287159356633,0.8104388324976561,0.13885967300417024,0.8809317602914574,0.49780522335741506,0.6628578543597679,0.1556571651190721,0.8250009846175139,0.28846111376340894,0.6812170225056922,0.1340255878234146,0.9442601488399406,0.746895169910515,0.7659338993813605,0.237888060517202,0.7522074838251308,0.2603958183507329,0.6018390849621998,0.06586918145428462,0.822204064320555,0.49722578138444795,0.9479203025153924,0.898887332824221,0.5283766695761478,0.07063900497156042,0.7161118236024875,0.1480443107893269,0.5546243709693386,0.10709447527231788,0.877774166215501,0.568760301732174,0.7804538682661676,0.35804835380252287
22,2.827156537897243,0.7019452932846388,0.8841676549001357,0.6070808014895717,0.7341714363940135,0.2676218123855042,0.9396865521946115,0.8700541870304643,0.7141946383902271,0.34589208967966234,0.9416652286575877,0.6832015432299292,0.9048075720101244,0.27350811312224943,0.91146075523594,0.6592775491312284,0.8312753593141317,0.24553320449902943,0.89155110257481,0.3480575177541827,0.9185066061704431,0.6431611247098195,0.9237736064671012,0.7097852070819236,0.7147735569070491,0.366311381776537,0.9025545229021881,0.6035816666246072,0.7975169727294665,0.396408290180706,0.9978667307474672,0.9900833463568699,0.8523792746025102,0.5097058580511538,0.8895489747457614,0.37895062131488577,0.7692102279901125,0.21569776694525344,0.6682949123440818,0.21710712139353863,0.8835100692173478,0.5708039420253194,0.9248958721619002,0.8153000156164714,0.9706498740938545,0.950129689010203,0.5096823854506412,0.23025375056882819,0.7708552887816464,0.3199098387810074,0.6421719725395432,0.21157204400739515,0.9764595158795462,0.7714503967697683,0.8596724449236424,0.29926469648404225,0.8416778929009587,0.49998902133407974,0.5422225534769323,0.7955112578268431,0.33289217279167166,0.925898490600676,0.810800622260498,0.8807568754320098,0.5302763421592364,0.7819330186162297,0.26329915472250626,0.8361322699557994,0.15086854783463355,0.8686984658228273,0.4537273470134937,0.5626612052405602,0.10939577069368489,0.8212137039617695,0.3187505489200985,0.6651577775605105,0.1057394067833217,0.9414248342535954,0.7688926428931696,0.7106318755721324,0.20060272353472103,0.7325614237378942,0.2174148010052807,0.556378824082416,0.04317056112855139,0.7987331744863462,0.4824301658008887,0.9585442005796913,0.9138321769457229,0.49261863431219083,0.061180128030425864,0.6639819489158337,0.11560785300872205,0.5719564259572365,0.10548624741094986,0.9109781206413866,0.5874634032592919,0.7618827646082079,0.34588582190509837
23,2.8095042883057064,0.7188641275993143,0.8582955630579363,0.4928783183572406,0.7247031603095078,0.30748732442190324,0.9248623955264832,0.8637666344436032,0.6176367702016127,0.24851116159655173,0.9365098825298742,0.6711176661428592,0.8985828509036315,0.2391118698161479,0.9163016504480735,0.5572716211429163,0.8262350877112903,0.20809976018351825,0.8428833491858049,0.31131068814784363,0.8897039645609957,0.6384322974003077,0.9009512097020915,0.6766925834680158,0.794029371640367,0.43905882333580293,0.8685225958495025,0.4765998966049872,0.834178912825587,0.49272979648076937,0.9989331317397393,0.9951891328335218,0.8502859695130394,0.5355843267262798,0.8872953109799203,0.4068496991129567,0.8310025906893178,0.27405997888598743,0.7327524475748723,0.28926773326125754,0.8674736066776975,0.4950950999045186,0.9284188406369689,0.8009695072869254,0.9748078204006518,0.9540102854817818,0.5570847505304147,0.2308699667388892,0.8292308881082151,0.4126731837488396,0.6602225953714481,0.2629553875217253,0.9604708326586213,0.7648268840610777,0.8580819612309258,0.3486473270915308,0.843313241132022,0.4960765538591762,0.5545949168964747,0.766943069962403,0.24246826891280862,0.9093505050911044,0.8083898044370258,0.8794082647526711,0.5281276725539651,0.7975602442181206,0.23287051585510155,0.7760097282156105,0.10251403963856102,0.8357994245787094,0.43258395358666984,0.6638955246965821,0.1460795372318373,0.7851087919534481,0.22612897448745112,0.6744004222652923,0.13621664584577253,0.9391161972272075,0.7586682832207501,0.7323357272235831,0.22199180937343807,0.7410848954966601,0.21076391107513553,0.5896772298170707,0.06341216834699194,0.8202090168535822,0.49146156104241967,0.961126823195445,0.9223263281654019,0.5286059055498789,0.06188574616641162,0.7099437138790948,0.15248277949732505,0.5658303264244356,0.12713322840977456,0.8771576289277416,0.570694662696454,0.7659770231751918,0.33874736266017347
24,2.768466507552446,0.764130083724628,0.8761911789255257,0.6253349045482353,0.7773812770873672,0.2933760558647779,0.9627380911230041,0.9080490259171141,0.681652772961451,0.2929989628841444,0.9729872073340778,0.7492155557833201,0.897681712757404,0.4225213274314894,0.9526736285466663,0.7200175032065711,0.8371198858103394,0.2468211060611093,0.8610818081785975,0.3501289188195788,0.9347732738259503,0.7359241058571294,0.9358441730223116,0.7459556427148643,0.842576844975534,0.5470271320418871,0.9169128651461554,0.49233343945516955,0.8686561304474184,0.5822330347964672,0.9990727116472857,0.9950110303101516,0.8758141945882583,0.5983609697925311,0.882028354369985,0.40435157978390973,0.8105133350393037,0.3000610401316763,0.735783894565481,0.3431930232194743,0.9183443354081018,0.5887641627844564,0.9437571222685446,0.8247855603562996,0.9684101364878049,0.943745560700813,0.5775094684086088,0.2646575941507493,0.8270494693862618,0.46706009679808047,0.6627093086024348,0.3119188613885299,0.9633570392976221,0.7758491224079913,0.8810187368232056,0.3760942363264026,0.8653199613716555,0.5520662797604786,0.5918610717746143,0.7709741639555449,0.32647845680490317,0.950736773199019,0.8336000608009506,0.9223065649543422,0.5862600024283893,0.8554381307479786,0.3123714078588753,0.7859346701258466,0.14396114771126362,0.8854817615496672,0.49386393309090243,0.6996338767266529,0.181849002734935,0.8600652387320187,0.26992970875255207,0.6976897142488337,0.1527953793197539,0.9406064299315987,0.7305222820502966,0.7340710698960817,0.23741777312683168,0.7350957534781066,0.20537843476315504,0.583743585726037,0.06326020081211614,0.8243329050286299,0.48297348948659446,0.9526589095504661,0.8983808173258842,0.5461256752130499,0.07318243715822007,0.6581772725997589,0.13156865664216344,0.5478977823563335,0.12165741925114953,0.8972744221556264,0.5439106012694417,0.7814865631671364,0.3573348005993883
25,2.739790496244267,0.7449007478075079,0.890494413477219,0.5921483823663503,0.748816219181719,0.3459951920864233,0.9344818713774227,0.8572543583269399,0.679803130082509,0.3389284640323631,0.9377711472200692,0.6866728946380759,0.8774529111574025,0.2471139644577713,0.9023682279593831,0.6181645755141311,0.7769770730599296,0.2025011725287041,0.8550087127356425,0.3572162593679041,0.8706723426113899,0.6408920369095857,0.9060323139106742,0.7026643456371574,0.8238997201508377,0.49292427299466995,0.8881069838367721,0.4936889936654961,0.8377182435832944,0.5053217947218762,0.9995303042060951,0.99805547385963,0.8663753050650324,0.5241906647021262,0.915166484391649,0.4322031328057255,0.8203193450514144,0.28162193974813515,0.7573244562963023,0.3129032231348772,0.8587742935973134,0.49247908564572274,0.9397935880544576,0.8162546718247007,0.9663758496848045,0.9347087185217322,0.5459993123912972,0.264159948480404,0.8133603667187739,0.3848994150220486,0.736808497701483,0.32141018327000215,0.9668952731209797,0.8082671499247186,0.8632267133241232,0.30908291829726575,0.8510945592573329,0.5171008604623902,0.5681597972721175,0.8072549283128062,0.32254996271436787,0.9285676401765806,0.7821701947364352,0.8820100596358535,0.5388057053055029,0.7778327295498193,0.2594234476840015,0.7552360861184391,0.1313312233588168,0.7944600672163645,0.4086944064674465,0.6734190127127592,0.16296189388974133,0.7837779939642026,0.24351837688555725,0.6759118674567526,0.13360788062929066,0.9397401346352171,0.7796631974284123,0.7427200972842544,0.22295352983300154,0.7948961809255928,0.2588288946217522,0.5997418621959341,0.06182640845200124,0.8212942286980784,0.4710968839012042,0.9510568839215063,0.8795997573303805,0.5058972526309462,0.06390316330787871,0.6804375687979858,0.1215682193368277,0.6251978072924014,0.13121393916103063,0.8791056922023128,0.5982337276782086,0.7693977944067267,0.3458921480379925
26,2.732890009542438,0.7513353705498,0.8552801671097613,0.5736872963506137,0.7444421052413246,0.33157558199289466,0.9165150881785311,0.8490436439881824,0.7038501783394204,0.3460063966982954,0.9476654233352998,0.724606411342623,0.8842439932143422,0.3322219174269059,0.9252876692758443,0.6931538595514106,0.8242928280595408,0.22714504300422042,0.8749008954276829,0.3547279465872814,0.8964373441356357,0.6140568067989388,0.8829002706622948,0.6428895472398574,0.7838455235170074,0.45143440410939517,0.8807036282680539,0.48461047209359726,0.8436910775430212,0.5082176498544594,0.9991991603301615,0.996307674432172,0.8050152857214877,0.4638356757283431,0.8663719116920275,0.4067234191209017,0.7584051112492992,0.2948313352295845,0.7531132973609441,0.3533985927943346,0.9053139487705887,0.6252363332540699,0.9225824253532433,0.7940497487343348,0.9524484418843132,0.9283392776157737,0.5074857146534195,0.23616836018309698,0.8067993566100803,0.40122081978016144,0.6895372385472655,0.3354972205585843,0.9676149429603527,0.7992340566671142,0.8407681015948651,0.32649270076597287,0.8421744862605856,0.5220263774778934,0.5624953417306402,0.7794368591540197,0.3278142448871346,0.9077815797233213,0.7939842268437004,0.8933996308202463,0.5525440722976294,0.8147759018717656,0.28332209992860247,0.7892120465649879,0.11837487248198278,0.8442816810242388,0.4214685482666786,0.6513174247260014,0.14684193435821777,0.7823126622548441,0.23953872660347084,0.6908752707054093,0.14186782732361183,0.9310589894349907,0.7343711125220455,0.6770349457337156,0.18071698966089922,0.7299186306539247,0.23119592419647933,0.5730171569587528,0.060031232156522715,0.8071548716541294,0.4585670825903299,0.9402117761087083,0.900553599957305,0.4930629780717457,0.06657095548691593,0.668287881128804,0.15893091113654814,0.5582151052264371,0.12312014800285259,0.8802636283923807,0.5906302057400159,0.7585062642214961,0.34370761654952336
27,2.7077150581691614,0.7687013987230131,0.904719555323163,0.5641405319221479,0.7753418491850067,0.3782309547651779,0.9457512602257928,0.8871394910890233,0.6896077913946941,0.33228973923976984,0.9244849270074306,0.7010554392394207,0.923893721691795,0.4780049454501463,0.9143152371302753,0.6944120453485774,0.8214819599098966,0.23264580250133518,0.8295261775052949,0.34766661690703016,0.9234250795203447,0.6816515988003118,0.9037654946965309,0.6728352441699842,0.823196112588246,0.5332320096854302,0.8857575719386276,0.5153397657683914,0.8478903359184374,0.5231119377281581,0.99955820109921,0.9979389628168289,0.8978777835780718,0.6366093314066754,0.9015665711543042,0.4930544756263532,0.831511287199663,0.3224633675878622,0.7291906203207585,0.30505545991380845,0.8741276074380517,0.5406337509272219,0.9427777004785112,0.861401821696817,0.9747578153905421,0.9565822689480125,0.5466464919086473,0.25412293972766603,0.8497668168904778,0.4815614894773308,0.6436790434586006,0.30397702665168425,0.9720654695854274,0.819015775726435,0.887011774971835,0.35691094590705486,0.8579146021299865,0.5507808792232836,0.5873146008794813,0.8175787230486123,0.2997015208136776,0.9382257850744424,0.8252458905065853,0.8599003829585168,0.5245086621516707,0.7763291873287045,0.26061557085716036,0.7438565342977107,0.09225547793049656,0.8598338533933918,0.44474653882412984,0.6669659403987369,0.16097461354466705,0.7834304331838555,0.26004149127515036,0.6684428264424468,0.12185758976884374,0.9375982187231823,0.7416285324295081,0.7673785393234897,0.2904144856103556,0.736229522994229,0.2792142131202615,0.562944494496455,0.0504253150657613,0.8245818831268737,0.5007647816819316,0.9630009005564026,0.9215002183344242,0.49396260881154663,0.0656466203356368,0.6886723919989381,0.13352853226832445,0.5172707563008205,0.11377357648803886,0.8697073561150236,0.6068629244312213,0.7618900178196516,0.3523003450230445
28,2.685093401260297,0.7706392387766764,0.8850924170724316,0.6314628319740424,0.7883989064974422,0.367349663416935,0.9586269749067945,0.9068604205115458,0.7603105385472722,0.44102480284515144,0.9256210784785204,0.6974188260624649,0.8731362407141214,0.3195211935100614,0.9381165775667766,0.6919667238317484,0.8479992485372844,0.25371757871005524,0.8443019044372331,0.41015395862921694,0.9106133263958361,0.7112868174695705,0.8865929483834046,0.6355802517589704,0.7964683687251477,0.459540157759022,0.9184827621641062,0.5856588869285849,0.8386322760488819,0.5721729127425155,0.9992511225188835,0.9966139981108157,0.8730802620344661,0.6058928216665783,0.8564601520473745,0.39424856179631174,0.8533262708860401,0.3505137769254435,0.7318245758351629,0.3394988150607573,0.88091572507997,0.5706540045775959,0.9570079114367988,0.8735459139569498,0.9803701384300677,0.9633813832492092,0.558646440429921,0.3088356018232133,0.8127132697485897,0.46644229696232453,0.7191716981252485,0.3485096070895605,0.9612222576810334,0.7951307883516555,0.8806958756806127,0.39349195064203085,0.8606325654966452,0.5589064646800863,0.591786539464858,0.7973203901566301,0.3453138293592621,0.9540482415623548,0.8277464452922002,0.8568902356396251,0.5242686094865623,0.7983687922933264,0.29167502573157644,0.7431668093432798,0.12448884380412296,0.8336637881622027,0.4490403295367034,0.6465694739297075,0.1453510834448651,0.8195893611249448,0.29082493051221076,0.6422733055870273,0.13000198524575465,0.940867261561008,0.7379855238903447,0.7387290576013796,0.2889828302368036,0.6983204924381394,0.21881644590827587,0.5781823612362411,0.056776168762029275,0.8237460652104307,0.4904456082918215,0.9662982978877016,0.9155606284663329,0.5074466166828256,0.06647367868494414,0.6336484485203697,0.127167193600333,0.5894099872423347,0.12235414221211596,0.8862049278705044,0.5913743574706224,0.7607759954763176,0.35498145578615165
29,2.665126643649735,0.7709622121189535,0.8576049082200374,0.578562687846748,0.7673320259146832,0.3672971670303719,0.9102600631452984,0.8608900997257815,0.6443052688951921,0.2313846724394623,0.9565481918632432,0.7320169464507843,0.901146982630781,0.31742140807788943,0.9411170217358265,0.756417669158949,0.8110645737821435,0.28511325052169156,0.8711617396205183,0.398553674068348,0.9477061469060546,0.7489605178766605,0.9176500520089117,0.7250527379045675,0.7586978471606749,0.4924012483658625,0.8793938668339248,0.6010004739388768,0.8757967019240435,0.6053300121893753,0.9994767373992159,0.9958609551503309,0.8593810122361029,0.5810821807271997,0.8912311408035574,0.519354666581705,0.7976680870332973,0.3414050740342662,0.7714537814479466,0.3621933900803729,0.8938879346497813,0.5532448052875697,0.9399908958641456,0.8516870196036455,0.9725098693611904,0.9546603314007196,0.5770296131373709,0.31447455583111944,0.8244360709500593,0.4747308890008497,0.7388124014349798,0.39898976355655613,0.9567099181861659,0.7677063151144055,0.870613569451683,0.3298314469255319,0.856777274910994,0.5609490355144312,0.5814265484087352,0.7429476902221747,0.27328910777087556,0.8935343045955191,0.8041034775549663,0.8937702909368762,0.5626984415002357,0.813093980759775,0.31273928350309893,0.8034793439205203,0.12436508495777089,0.8871625201663073,0.5112372606971556,0.5974711572252209,0.1412356993564649,0.7662275088514353,0.26781935948290597,0.6756227103067111,0.12909762963822868,0.9410463336907973,0.7393097106647838,0.7193621861413242,0.24161268756120344,0.7217252805488099,0.2894830428719894,0.6109556778565552,0.06565762807237066,0.8167104327540824,0.4944113284459292,0.9582597378451241,0.9169870304616606,0.5308559623892938,0.07617728115000216,0.6550834829146521,0.12390854956109555,0.6132329086266693,0.14181207118514477,0.8643836002423213,0.5705124430088307,0.7634171110523248,0.3571819535497217
