epoch,train_loss,train_accuracy,train_abnormal QRS_rocauc,train_abnormal QRS_prauc,train_anterior myocardial infarction_rocauc,train_anterior myocardial infarction_prauc,train_atrial fibrillation_rocauc,train_atrial fibrillation_prauc,train_atrial flutter_rocauc,train_atrial flutter_prauc,train_bundle branch block_rocauc,train_bundle branch block_prauc,train_early repolarization_rocauc,train_early repolarization_prauc,train_inferior ischaemia_rocauc,train_inferior ischaemia_prauc,train_lateral ischaemia_rocauc,train_lateral ischaemia_prauc,train_left anterior fascicular block_rocauc,train_left anterior fascicular block_prauc,train_left bundle branch block_rocauc,train_left bundle branch block_prauc,train_left ventricular hypertrophy_rocauc,train_left ventricular hypertrophy_prauc,train_low qrs voltages_rocauc,train_low qrs voltages_prauc,train_myocardial ischemia_rocauc,train_myocardial ischemia_prauc,train_nonspecific intraventricular conduction disorder_rocauc,train_nonspecific intraventricular conduction disorder_prauc,train_normal ecg_rocauc,train_normal ecg_prauc,train_premature ventricular contractions_rocauc,train_premature ventricular contractions_prauc,train_prolonged pr interval_rocauc,train_prolonged pr interval_prauc,train_prolonged qt interval_rocauc,train_prolonged qt interval_prauc,train_qwave abnormal_rocauc,train_qwave abnormal_prauc,train_right axis deviation_rocauc,train_right axis deviation_prauc,train_right bundle branch block_rocauc,train_right bundle branch block_prauc,train_s t changes_rocauc,train_s t changes_prauc,train_sinus tachycardia_rocauc,train_sinus tachycardia_prauc,train_st depression_rocauc,train_st depression_prauc,train_t wave abnormal_rocauc,train_t wave abnormal_prauc,train_ventricular ectopics_rocauc,train_ventricular ectopics_prauc,train_ventricular premature beats_rocauc,train_ventricular premature beats_prauc,train_mean_rocaucs,train_mean_praucs,valid_accuracy,valid_abnormal QRS_rocauc,valid_abnormal QRS_prauc,valid_atrial fibrillation_rocauc,valid_atrial fibrillation_prauc,valid_atrial flutter_rocauc,valid_atrial flutter_prauc,valid_lateral ischaemia_rocauc,valid_lateral ischaemia_prauc,valid_left anterior fascicular block_rocauc,valid_left anterior fascicular block_prauc,valid_left ventricular hypertrophy_rocauc,valid_left ventricular hypertrophy_prauc,valid_low qrs voltages_rocauc,valid_low qrs voltages_prauc,valid_myocardial ischemia_rocauc,valid_myocardial ischemia_prauc,valid_nonspecific intraventricular conduction disorder_rocauc,valid_nonspecific intraventricular conduction disorder_prauc,valid_normal ecg_rocauc,valid_normal ecg_prauc,valid_premature ventricular contractions_rocauc,valid_premature ventricular contractions_prauc,valid_prolonged qt interval_rocauc,valid_prolonged qt interval_prauc,valid_qwave abnormal_rocauc,valid_qwave abnormal_prauc,valid_s t changes_rocauc,valid_s t changes_prauc,valid_sinus tachycardia_rocauc,valid_sinus tachycardia_prauc,valid_st depression_rocauc,valid_st depression_prauc,valid_t wave abnormal_rocauc,valid_t wave abnormal_prauc,valid_ventricular ectopics_rocauc,valid_ventricular ectopics_prauc,valid_mean_rocaucs,valid_mean_praucs
0,4.745902617458485,0.3923132344538024,0.8219155116471244,0.2528547104629685,0.7564570994180917,0.017935722414775875,0.8549450468897468,0.11608039397795915,0.9551488303487721,0.7228289933241686,0.9164655922247791,0.3781576247733397,0.8001276499887368,0.036302139201087734,0.7559596960561455,0.03012382494711572,0.7347487406659752,0.03519848122523374,0.9322443862461531,0.2729296652381085,0.9558272064593178,0.41131989730186375,0.6428836670757138,0.12084739266781712,0.5216745844159787,0.02909958735809877,0.884206041846329,0.23942714818275107,0.5217177927014892,0.026916567050053842,0.9309119996590375,0.7287440573499693,0.7458925045985089,0.05882546670890792,0.712991722047336,0.011638784595312649,0.749052418227023,0.07602177725633638,0.6572461880145634,0.08246497871080752,0.6321575449653108,0.04075752262054862,0.9072261706408519,0.06991493080121573,0.5877231711253826,0.11579720046078537,0.9809086201694056,0.9061276532404848,0.6341038505509254,0.056019032528838573,0.694959747101421,0.37121798828945035,0.8886834117515282,0.11080237283481816,0.7578328808019992,0.020821673907578928,0.7753337805791721,0.19774724397890356,0.39427591861071776,0.8178891185202797,0.2473795682327545,0.8465401016144567,0.12063830094427382,0.9475417255410246,0.6765178170890154,0.7465527140542774,0.038264464926328554,0.9189609082861601,0.2673340126484796,0.6413998273280157,0.11073184742778357,0.4939975152013456,0.026357121068236188,0.8730387141890803,0.23634531168509326,0.5150548360805758,0.02847001650083248,0.9267210143292488,0.7327973834509306,0.7612854656881289,0.050612834546378035,0.7303797642331412,0.07313847733967992,0.6561840525231213,0.06984153177958838,0.57796938891413,0.11460923692020082,0.9802491524568352,0.8891878275332445,0.6214518493916504,0.05469237958827579,0.6912757751356302,0.3472847222998013,0.8973084526856596,0.12261703900052048,0.7579889097873757,0.2337122162767454
1,4.3427054231197815,0.44006360090432534,0.7969986341680887,0.3407015134874566,0.6973073640303616,0.02403985094221042,0.869122006461243,0.16121909135235885,0.9540634347745007,0.7074024841009733,0.8628537886588601,0.442008983966669,0.8413902694726706,0.05722746132896116,0.6377988286003553,0.0214719177733651,0.6399123453945778,0.03159726244784566,0.8929496740908281,0.3921351903623587,0.9362814749982892,0.6290941080839262,0.5798622722749562,0.10360554003254085,0.536852044356925,0.0344977765028205,0.8558567093488124,0.2792691476755188,0.49694817264058266,0.029778005868044875,0.9402060487380453,0.7698690480045578,0.8074690426536654,0.1293662919550645,0.7085114120266272,0.017758612236075673,0.7636251832577594,0.14674529083192422,0.6218284584013485,0.06766002300163215,0.8197309025105525,0.16931584040220948,0.8535691038268814,0.05696785797980439,0.4745196025862195,0.09357518020697392,0.9899612590520707,0.9419926591725774,0.49900032310815823,0.04031268186537277,0.645703417554912,0.35508074987963667,0.9239938279988629,0.46543440735783237,0.7947425145218898,0.042148733032616244,0.757076226500298,0.24260280406856768,0.42878437802787506,0.7946653376495905,0.3083162557676954,0.8616589180458265,0.1368687701786809,0.9441012939964092,0.6788193507248445,0.6450756453718637,0.03314394714238055,0.8793246486820544,0.35117614093649946,0.5787219026007764,0.09419705141455062,0.5164080926734826,0.032967605365607056,0.8355117754869335,0.24442417894578672,0.4847517128454948,0.029445626165414535,0.9384948408344919,0.7675012885127525,0.8172102216841945,0.1190479539222599,0.7487748936283639,0.1299495492048282,0.6275164583940269,0.06595748823683584,0.4709900532225612,0.08757202384367516,0.9890821244786216,0.9245901834516801,0.4840221304759723,0.03850551482116848,0.6377029494768134,0.33655834429812775,0.9241126818173366,0.4548559717278698,0.7321180934091562,0.2685498469255921
2,4.182962084132832,0.4319892673473951,0.8220218267542333,0.3343961111389458,0.6820483675761557,0.012514250804585621,0.8928496614897752,0.17557247542776827,0.9649389064395608,0.7504773963676309,0.8893292968549945,0.45942977810141544,0.8610822414323408,0.11077411933512281,0.6834392856673837,0.030538847033333847,0.701166323923019,0.04204305034560156,0.9296555263494835,0.3891038204598132,0.9654833039788792,0.7042373799501424,0.5763418393641835,0.09473259788112548,0.590820904235456,0.043616164492381496,0.8758058756273791,0.29263382763413764,0.5062796596927576,0.027428721724100543,0.9407747222207362,0.7639486042817595,0.8154375709894929,0.12696373012077128,0.5930698379386732,0.008796463321455974,0.7769076668898715,0.19195070075270182,0.5968580321076707,0.06250297910423,0.6923048016608505,0.13583877999244168,0.8858752488948666,0.08889950243681467,0.4779924068895381,0.08892196629104782,0.9831464959273044,0.9138247768194536,0.54971634722045,0.04128772891776622,0.5908271489747068,0.24824331799212263,0.9306985889684302,0.4006173452448049,0.7156841400587944,0.0296071786262219,0.7589094825232217,0.24329265239250727,0.4106730267570992,0.8133798489309948,0.2944765531669228,0.8754293216254384,0.15802165971673462,0.9588129601495852,0.7212214878323018,0.7165004552984673,0.055927556369672976,0.9169352047825676,0.3329127491501998,0.563512681076373,0.08259592120179726,0.5805044833772605,0.0389140646910931,0.849308625423131,0.24552216396992924,0.5048059772824405,0.029374388614989103,0.9320520976366743,0.7409949361230304,0.817424907316335,0.11834137298647619,0.7542255028704515,0.15665800789442713,0.598907151513907,0.05812207986605557,0.4680545368988122,0.08017821273255313,0.9811482442144399,0.8952704355600505,0.5430373999908632,0.04205987424743063,0.583755456527598,0.2299564794076594,0.9277003786634603,0.39933321369863944,0.743638624087711,0.2599933976238868
3,4.068685074094921,0.4128841519465355,0.8675297359958141,0.44170482276501033,0.6281566019283561,0.010429639274446132,0.8422826765484889,0.22550730403219565,0.9220917270139315,0.7293035003957848,0.8278611938887804,0.39650550335912194,0.8906425200617437,0.19162510318967385,0.6428537895837703,0.041833398536151346,0.6785663522852082,0.06216192721127779,0.8838144257062324,0.40783149604132385,0.9345960379462275,0.6536435012855415,0.6196734268298436,0.14891519371222361,0.5543056811533776,0.04868610190008438,0.8622103440995912,0.269770005403331,0.512185974673641,0.056758431604291434,0.9597196937724726,0.8357609426186177,0.6954201770915367,0.1706514561911955,0.6375429859480227,0.012777467599310905,0.771611411486756,0.2352250787112723,0.6116148087459107,0.10204210989827578,0.7656217169271808,0.19309422230876436,0.8195890919263551,0.07934461041579333,0.4742657178306631,0.1165535803340283,0.9879122681877762,0.9301114258406852,0.4849307388240742,0.04678318112734325,0.6208768211024748,0.3237507726017629,0.9401097465062864,0.42562319124141407,0.7594489789978337,0.040987801910668496,0.7479790609282353,0.26656969516702184,0.3863754937765521,0.8608633733867377,0.42238142254457434,0.8347975479499359,0.21389700361363131,0.9135810925664262,0.6969721431249875,0.6920993830614341,0.09173749779438307,0.8622759182386102,0.34235716047320547,0.608626054368754,0.11448923134729212,0.534414520050635,0.04460186155572808,0.8306582530606762,0.2084417917069387,0.5020439326530202,0.04616067327984403,0.9512213227919576,0.8104440064728777,0.6896413709616404,0.16061498779932623,0.7329397221842753,0.1825456602212584,0.6168277533719976,0.08884450174932879,0.4625026773544493,0.10012975859167728,0.9840430623469002,0.8987757752945931,0.48177768752098726,0.046702217802202226,0.6064327987446043,0.2974859220525574,0.9354257949763566,0.4401692330591408,0.7277873480882999,0.2892639360268637
4,3.9709213948783506,0.4225485081115997,0.8131289621602553,0.3975072682966429,0.6519491496420502,0.012103180358186466,0.9200565148331047,0.3109605852754966,0.9790303708000377,0.8562576226038575,0.8269314284453265,0.3704264762601915,0.9038438117808559,0.2528562257676878,0.6744015388903529,0.04357816957205016,0.6484361178257985,0.04343660894407904,0.9003636026214189,0.5138852268020977,0.9524787148048842,0.6986045967909253,0.6742518095533022,0.19678731315229642,0.5851688926826475,0.053421663667488274,0.8467436491788511,0.29004490855695736,0.5389317101793869,0.05731947804822244,0.9626852677265775,0.8453381366151278,0.7475878728958786,0.21631021566072192,0.6589042677814976,0.01501930493116405,0.7871027730561385,0.3413879811507753,0.6212117047377805,0.11380568587930616,0.7546870908454005,0.21233885164364627,0.8421940517739221,0.14662078957720415,0.5672869122554234,0.14155688405249459,0.9891286828567958,0.9514757921193298,0.5310267197440014,0.05868937265752495,0.6819334067294107,0.39951295536926945,0.9147529538157677,0.5193935100747138,0.8102156765724597,0.08210571403366611,0.7697938390440492,0.3015090562170787,0.3857047029887456,0.8026897964409168,0.359164496798614,0.9004852576075302,0.2940367048398471,0.9707458540057581,0.8076352257388688,0.6679612502605623,0.05489559827154135,0.8767476599864336,0.46646901648675343,0.6572997845420372,0.1566580380169741,0.5416814117224514,0.05422944641990926,0.8071026338198231,0.20354640089319515,0.53363963291156,0.0499750590398258,0.952729756119371,0.8149473970912068,0.757523643792086,0.22812981276844702,0.7575692956648351,0.2621571284733522,0.6152011648038276,0.0896880700807565,0.5551099337963263,0.1284555039374498,0.9853768371291843,0.9283504286962203,0.5206367372036824,0.05100916998460103,0.6655507769157899,0.35989805256357793,0.9017699882868422,0.5096558753042322,0.7483234119449453,0.3232723014114096
5,3.890620002201402,0.5308936423939777,0.8421444183902296,0.4562375041249928,0.7051216967542346,0.014867374469821478,0.9321747893909499,0.4414888746947108,0.9760032956557604,0.8364708528263022,0.8903964868773164,0.44809086707697704,0.9173322277837533,0.25854093855176363,0.7418020925933722,0.05734931255136194,0.7543751724384534,0.11502345689790308,0.9218525852237531,0.5885209448235045,0.964033289991992,0.6966498500244637,0.7100563353699152,0.24610292695598215,0.6111420840818338,0.07309958755934055,0.9173332345621298,0.43949486043985764,0.6570085929108485,0.09863764133844123,0.9674805893999033,0.8526211461428538,0.8711093587465581,0.27587355697209925,0.7275378226375079,0.016139898376339726,0.869821254798487,0.4659434132333595,0.6518458338929816,0.10272293538961941,0.7838035637228864,0.2598964736429213,0.9149702474996815,0.22861576419112717,0.6250726887080286,0.18549769538611788,0.991558739638045,0.9524439782164001,0.6586637552419408,0.09077286887278499,0.7064000677502253,0.431226707382494,0.943498073534495,0.5614788620552366,0.834826423394692,0.07086528853608484,0.8180505452218509,0.3431360585456616,0.4843854811060595,0.8275204077278075,0.4069207096101951,0.9049146523709252,0.37262743588779973,0.9680398822866978,0.7941460017009895,0.7633022121288586,0.1183957391681448,0.8896317610360657,0.4952833565500654,0.6892363657895542,0.19538507405956695,0.5627647874569899,0.06409204325010733,0.8804168186835512,0.3161965332469618,0.6362719904925604,0.06890101656993068,0.9550077841185931,0.8049673797789662,0.8553272300824695,0.24840106527625064,0.8453422426172921,0.3563986635445055,0.6482178432990626,0.08168389026759816,0.6139778590900239,0.1595438717274069,0.9884284916476861,0.9247081018841021,0.6402909814458938,0.08377240369881139,0.6856576135403907,0.3846681782848969,0.9193669936848107,0.5036244796502961,0.7929842176388463,0.3544286635642553
6,3.8250540317782664,0.4630195523092594,0.8577725597004505,0.5061991123652313,0.7085082463823877,0.014707228447484334,0.9452739990887028,0.42712166837915927,0.9766289234007716,0.8512495580065237,0.8931578340337455,0.49214980611588643,0.9287359795410616,0.30266074309832314,0.7220046690540102,0.04831754286044763,0.7514207912725724,0.11430434915899516,0.9396512341744137,0.5943443404842175,0.9632092556660613,0.7330170046327762,0.6733005787638501,0.18409534699672814,0.692952905746699,0.10776944258276829,0.8842018312810762,0.3893438303581635,0.6137401753548236,0.10483586992639662,0.9666307123191742,0.8610533534164059,0.8908161809743873,0.3543722614377704,0.7367690445654769,0.017420771461537563,0.854384759785332,0.4065756458148803,0.6732025809864128,0.14600107661174153,0.9501356392478881,0.38860036854931146,0.9308872311426163,0.2427868647363553,0.5846330435123219,0.16400764860049197,0.9930859067558927,0.9633624268846782,0.5743599858936336,0.07857552240495821,0.6985325629464307,0.39989055321131933,0.9711929767733788,0.6145154831055789,0.8697798743445919,0.06932660113666789,0.8238877586188208,0.35468905262165923,0.4184989192815085,0.8395636190720046,0.4508449216100227,0.921373603601735,0.3718150385860456,0.9658909239644311,0.7925449410238545,0.7601140257527053,0.12190431624889803,0.9114238692335348,0.4889347130329389,0.6559265742947954,0.1456770286754832,0.6381924234181416,0.05887355431705375,0.8297892107974213,0.26454366680512065,0.5865269729924145,0.06721698863018798,0.9492395557637121,0.7931197033387659,0.8811825679049708,0.28449248699617974,0.8245838428398645,0.26304347737744493,0.664759015914451,0.11081966470683999,0.5651988544168235,0.1335487062885714,0.9902882894574114,0.9412681284575167,0.5561304979807266,0.07825456584989705,0.6762787630999475,0.34205221827541177,0.9493935806937412,0.533728003511024,0.7869920106221573,0.3468156735406254
7,3.7593134262230627,0.5030185585451293,0.8791516497912956,0.45995485581747064,0.660472693030062,0.011673209475051662,0.9272214596306828,0.4098842556582311,0.9704304143231002,0.8271604223612989,0.8384783928423467,0.37108504625105787,0.9226749988283213,0.3084878543604951,0.6663962627930446,0.03734428948964155,0.6965626692639605,0.07425426745399145,0.9227943933521829,0.4905691805320035,0.946746363623734,0.7246437851856035,0.6931897918136288,0.24278303895325315,0.6557291074870075,0.09575448162530055,0.8606746683146898,0.32763589421998296,0.5766287904035631,0.10067633846040305,0.9713814843619596,0.8742862415821663,0.7669220376949137,0.1791234366308329,0.6639368299494218,0.025225329451573235,0.7871647820725771,0.4015066236398177,0.6579115819580625,0.12521711508434583,0.8602726703171333,0.23799639793525304,0.9048660515692634,0.2752125006378395,0.5967893987504296,0.17486697100189622,0.9881199927832609,0.9588164703919438,0.594250758460384,0.08350109738699855,0.6787424398357087,0.3952804688636168,0.912684579611241,0.47199502400421156,0.8187125102391278,0.055954765893783204,0.793292843448189,0.3237366430499283,0.46068420660356263,0.8553294194390084,0.3904432682828003,0.9011262153727253,0.33037651104332627,0.9620442593517269,0.776742248994831,0.7083431158506036,0.07412785943096684,0.8924296344770253,0.3754454941236395,0.6621642064729073,0.1647609135442504,0.5992038550178085,0.043624965635331435,0.8031750594875866,0.23195110470257774,0.5450699294351327,0.05874641806356394,0.9515068920552697,0.7916112770538548,0.7227801316486343,0.1535090928260241,0.7361007798365358,0.25876046111610795,0.6467487907267446,0.08273166393605012,0.5736360096060231,0.13059345537921968,0.9835550837893401,0.932916521803473,0.5717006280071935,0.07696572778477762,0.6506681007092696,0.3424071554281758,0.8675564121792052,0.4159389216806457,0.7573965846368189,0.3128696144905343
8,3.7005839633460678,0.49924225485081114,0.8620349944473906,0.517965678015473,0.7059293267969314,0.015608659443579245,0.955272156839748,0.5272813654447422,0.9795439713427208,0.8724474410709152,0.8548697766272872,0.42425484450956125,0.9340674537548062,0.4220045131837394,0.7222775685228044,0.05338375926567424,0.7251232515909034,0.10597064717292828,0.9102160945064033,0.5598617945613702,0.9594419292059411,0.7776420222093958,0.7137843180406471,0.28798283436285516,0.6381337681756873,0.1154548538966093,0.8911826631746521,0.3776391711271342,0.6508642491638194,0.15943654388673797,0.9791978178908526,0.9121393943755588,0.8098691603841424,0.2981907083193807,0.7218103788093294,0.020288422412846157,0.8450593952683175,0.49196148731380235,0.6605635753194966,0.14481188916381105,0.9043351780660009,0.2907116527926634,0.9064672278358618,0.3546726787886592,0.5988953782455554,0.18588087409650278,0.9879585448974638,0.939880460403296,0.5894484994372966,0.09367938277799963,0.6774749336773052,0.4300855579592479,0.9452929033110068,0.5723499198132993,0.8572325456654706,0.11281628452137324,0.8143091504073275,0.37275566077367245,0.43280912275471417,0.8346940517341236,0.41829780412599676,0.9296532933366954,0.4091187193522031,0.9723422609878143,0.8254771685028248,0.7183432255610778,0.08907722031824468,0.8739056432935447,0.4303541250498348,0.6831925598239662,0.20545410068265668,0.5673140406382541,0.04303672390419974,0.8364642558128815,0.22567636475592448,0.5925488583565222,0.06744883296872771,0.9570212097097923,0.817430668955885,0.7776157600060528,0.24651996867114137,0.7978566156993541,0.29942042214184283,0.6402913121839389,0.0999827332296359,0.5631383462062698,0.1292850382863744,0.9801433100796217,0.8910603517505342,0.5638532891430752,0.07904040075581967,0.6377709335518198,0.34760132897707635,0.8967076110735822,0.4788648165043549,0.7679364765110215,0.3390637104962932
9,3.6237576630736803,0.5213286626419219,0.8928991351730645,0.5597117792058555,0.7521467143587548,0.02514155595406844,0.9399563881593577,0.5341356964925623,0.9734391635002365,0.8566698716737213,0.8973851752168585,0.5064910013750337,0.9381334309424312,0.5196662286147644,0.760207464963378,0.060876338203916316,0.7648734692849274,0.12219464835927844,0.9508226545006011,0.6828286448133436,0.9670948189174063,0.7688151929475716,0.7344773551854329,0.30676272435127394,0.7049187080812378,0.1695613213364965,0.9102607441721546,0.4415170039956186,0.6769665134351648,0.15453565467471483,0.9825734529373453,0.9244533300813053,0.8794453893620426,0.41103520199369414,0.7610407124258122,0.03839964980236694,0.8623847075380624,0.5317751561508424,0.6748272796143362,0.15859916610600422,0.8856962680379242,0.4070650226021165,0.9429394750219228,0.3887044968475062,0.5715007633984549,0.20857208122105306,0.9906793631601265,0.9662834363431825,0.5706795135168019,0.0843095561680459,0.6979158104573739,0.44455949666805955,0.9670669972721364,0.6372111450678646,0.8986109297751758,0.15352580893598486,0.8351460147558712,0.409755600369861,0.45241112022061564,0.8614413129225573,0.4303178195518571,0.900154317450025,0.40421093349451465,0.9668241843466806,0.806349791234211,0.7495401302629029,0.10071695205031812,0.9182696114820977,0.5439147543252267,0.7099889978912626,0.21101538299838524,0.6132682907648708,0.05163410650607859,0.8586330522643875,0.279544623154373,0.6143776714526078,0.06002931514339038,0.9566352841904496,0.8215770417871808,0.8249377695392297,0.31692691091274533,0.817134912886878,0.33239439774055346,0.6564705691102821,0.10788747977079911,0.5253753164146167,0.13503741615919507,0.9826289837856246,0.9304623685338127,0.544831337068764,0.07778390574678384,0.6585814290130885,0.3521099283916916,0.9195253382251776,0.526800103380261,0.7821454727261946,0.3604840683822988
10,3.5577990336286773,0.5355643338053713,0.919304757387644,0.560199349766427,0.6757985814749632,0.015452731229194525,0.9276727582651589,0.415706770365629,0.9703541158027126,0.8495342315076148,0.8119338288473782,0.37138735474342155,0.9456620757578073,0.5673650962662391,0.6967058082359304,0.042634753361764366,0.7160560466115107,0.09061769925872705,0.9192620920942259,0.6065953240897065,0.9390646811632906,0.7223694384449074,0.7259370083774345,0.3209662391669306,0.6963103037792658,0.18277315057872812,0.8959025100674812,0.39316367968363736,0.6542235730293617,0.14907851779915393,0.9846587910073749,0.9349106812714867,0.8307302726344064,0.2854862831684243,0.7771401922083979,0.062042786298772294,0.8739449120851996,0.5453919151911486,0.6475642062098195,0.15956827968651902,0.8889275314010022,0.3465272577876672,0.8987805631999909,0.40072150503443255,0.6217185878471027,0.21433437001742575,0.9894704153554236,0.9504866789813311,0.5747539777694659,0.07612759289071036,0.6978749521869989,0.4487658809690799,0.9425647386708432,0.5593459598302007,0.8671118798830765,0.13509576736596557,0.8181270059760469,0.38543145536130546,0.45241112022061564,0.8891878974096361,0.4219606759921351,0.9023597361357177,0.3150763626039566,0.9570703411348497,0.787709847716149,0.6986187451315977,0.06513543263545195,0.8848831602255147,0.47842954125852705,0.686329593380398,0.19261952490066148,0.5854765748746598,0.056735310505575204,0.8459897737452755,0.22258836339667182,0.5732226421908329,0.05337479085855425,0.955713731887796,0.8123157316231202,0.7474646288870394,0.24286045840833145,0.8153846121808435,0.2986285887057638,0.6146932636196447,0.09825160258605586,0.5632576101771921,0.12066213840164558,0.9813280403825966,0.8947920578300459,0.5471023735424001,0.05839090682555563,0.6468353942625678,0.33643983716812403,0.8963865837862627,0.45980478684398135,0.7661835946086014,0.3286542199033503
11,3.4817812027734205,0.5719361009664357,0.888306899300612,0.5438275589797154,0.6842334022303553,0.019542743438890814,0.921801506012341,0.3498117255005974,0.9580662278495635,0.8480205117977335,0.8183300467464247,0.37607938464818463,0.9324518389644746,0.5582056710303703,0.6590807221532389,0.042626954449845315,0.6794784526597273,0.09077459881277043,0.9309504746292043,0.612639909979685,0.9464004647316911,0.6817191797415026,0.7285509896206952,0.340311346322605,0.7006105071460074,0.2299035889827406,0.9145325987274254,0.47497158248929855,0.6532139824929275,0.1407942688941286,0.9877351411097189,0.9455373868120373,0.8241694475510493,0.29845499693507727,0.7080864660193097,0.04420936016501341,0.8642849942703391,0.5270436466900871,0.6412297807049281,0.17355879353770554,0.9284733178326555,0.4900035542935505,0.9188561578354685,0.44784745614844645,0.6677905351720085,0.23415118917777572,0.9901431143837699,0.9594426446591844,0.6125118319156652,0.1071076820242119,0.6849512481659015,0.46248738095160363,0.9637739431964202,0.5555274161344517,0.8892115143929913,0.17834422668712044,0.81841576317833,0.39751647256608635,0.4738018931206678,0.8533968579110047,0.3767061574216846,0.8950173766324592,0.27095833899456645,0.9466792737471714,0.7891383495832944,0.6395586713330188,0.051256512475382356,0.8812556632254025,0.43418277119923404,0.680123477659607,0.1880683677383576,0.5693057235464897,0.05037017879114332,0.8577918822447734,0.2778289687540094,0.5342608353455353,0.03658839647879107,0.9548549412976651,0.8055319561962372,0.7579743890444125,0.23012517388617307,0.7984313723856902,0.26987075969160057,0.5960834818856064,0.08456690973814658,0.5809477834750438,0.12306913360479077,0.9820660809149308,0.9070682039460035,0.5623725553553678,0.0704318954001931,0.629246492183972,0.33019931809970793,0.9209206913861808,0.4348987806193264,0.7577937527541295,0.31838112070103564
12,3.3961106431353616,0.5599115549924225,0.8648050893548035,0.5221976945498428,0.6645891431706389,0.01765516509844721,0.901345796291167,0.40721806802851496,0.9596447023159254,0.856236795601416,0.8691053995097601,0.4515333512696868,0.9392338010585256,0.6080321986060369,0.6847889321745099,0.054029550662106504,0.7135451395618814,0.11369228039392412,0.8994548894629958,0.6322361519399136,0.958951959373367,0.7431355323990705,0.696588310834485,0.3494582520591548,0.7161395001316234,0.24392121781407863,0.8793136699936034,0.49846188836603794,0.6865203764752676,0.1904176414642658,0.9889580914498202,0.9515859890858489,0.8013966438164198,0.34855924000893024,0.7323161056424434,0.06965584731128827,0.881187909058735,0.5675034722614628,0.66912872636213,0.18754607063503365,0.8705301749249985,0.4045135650381257,0.9126646685594442,0.46434262870261445,0.5929467861892647,0.2263369614987323,0.9857324406065381,0.9412085419718674,0.5491388314582878,0.09490023085998202,0.6761369161653747,0.4610583773948695,0.9582162834529568,0.5692843482648786,0.8772475561228945,0.18755195805434147,0.8122084386488098,0.4134175192348322,0.44719385853767607,0.8225154391547939,0.3348918998525299,0.8653370113356555,0.2907984586261314,0.9500834510820487,0.7977353264008376,0.6905290604760703,0.06773541886658703,0.8341635746733652,0.423184546338312,0.653065739509795,0.1736905091896202,0.594533413616861,0.0426722098113653,0.7987675822936927,0.26085191427664123,0.5657970405052446,0.04380165866350738,0.9481736827642591,0.7945051324623551,0.7252674585760762,0.26295256172460096,0.8008768996124974,0.27170873994978156,0.6253868882993855,0.08233579448575291,0.510954233465308,0.1111653648005358,0.9777529139235551,0.8848386588363935,0.5124837812882334,0.07033359524868614,0.6149680337392098,0.3060846959291438,0.9008555563130202,0.4306761187050414,0.743972875590504,0.31388681134265684
13,3.316323345804661,0.5602345283346998,0.9123248021238106,0.6315403002701077,0.6864001323320622,0.01791811742127343,0.902319219856302,0.3587760555388696,0.950953110084999,0.8295552317173479,0.8822327882012639,0.42259811795166236,0.9568603847776169,0.6494201164792595,0.7387814814728446,0.08882528532137551,0.7654060933197292,0.16420128728520886,0.9450581640185931,0.6593305722125535,0.9655563256490353,0.7267176349757858,0.7306162743459697,0.3312497685066588,0.7712212271431527,0.32618906592497227,0.9196730200948243,0.5091466083725946,0.6628858696661725,0.21344516612829903,0.9882997805707469,0.9488106502232929,0.8435800707417753,0.35410473911987767,0.7305841758412588,0.07122845287356905,0.88011184377291,0.6139827218168412,0.693454692064722,0.21405402188129777,0.8924163546456011,0.5110666430590249,0.9278451827739881,0.5161138541027217,0.6065440068015628,0.2506507299704836,0.9914787132966136,0.9679215554164793,0.5917117027755724,0.1052876089411792,0.7701356596419313,0.5390125273592983,0.9618116994122939,0.6167198000445182,0.8920763911700257,0.17694775662719459,0.8355681172813102,0.43758571813117586,0.44294551688156814,0.861680048283556,0.4210513582234069,0.8472138986861002,0.26184414485144886,0.9412010368969584,0.7741107926271654,0.7445075279670283,0.08936883561562164,0.8860441951455229,0.44807990256444064,0.6680843342196143,0.15271477290578522,0.5904570292395189,0.053078464544230465,0.8467392869636873,0.255417005212018,0.5601599718937793,0.04890834289462052,0.9444685547852126,0.7735660022973453,0.7350673375198608,0.27298257507764856,0.7761396633758376,0.24731614457443193,0.6465525391636838,0.09193958319550845,0.530756230933991,0.12209971894008545,0.9818036517145247,0.9164076311715419,0.5398925288385452,0.06967180494919045,0.6950614087508146,0.3566394910192852,0.89262628829242,0.5134591065025502,0.7604697518150364,0.3260364265092403
14,3.2398844635124395,0.5170554768825619,0.9158285225373545,0.6534974950443354,0.6687666776251996,0.018724886350263467,0.8180353433891234,0.1930885969591195,0.8947731489101273,0.7826309082759911,0.8206679092685498,0.3087730104753908,0.9432082697169174,0.6842245089476737,0.7460246089412593,0.07600422245183525,0.7431822660739051,0.12347431264887594,0.956047415312182,0.5831414921910494,0.9565243854645455,0.7887355975188789,0.7147975191862366,0.31912616743092515,0.7835347593733537,0.33081955403843194,0.905522628541769,0.46939186790360743,0.6635692923633018,0.1605801039600711,0.9918643090802343,0.9625657057288401,0.8254122053388191,0.35436074222649583,0.7117297090224687,0.10061481179927417,0.9127983494478312,0.5872627581516805,0.7106615609784741,0.21882546686071733,0.8849606486117829,0.4847028547720921,0.902302339694651,0.46465402875247785,0.666413523228471,0.28256988752844503,0.9879595414709881,0.9512489653474686,0.6654032446190369,0.11236810888232651,0.7083973571479529,0.49085362847258607,0.9494966562895487,0.5250319475617657,0.8949959875093036,0.164589878933866,0.8275140066349401,0.4145133892301661,0.3896549154058284,0.850035420133999,0.41717098847529155,0.7503349427322521,0.14408582936494074,0.8811922721429558,0.7329113462944521,0.7047252301177194,0.06261744977165218,0.9090029825337621,0.4113109162187585,0.6351530744781639,0.13612837017274815,0.6013142319571868,0.046138221710661086,0.8163274531237101,0.21830936938307555,0.509771671304422,0.03206823070100643,0.9437018760336764,0.7787766485962753,0.6979428009381857,0.2218594826154346,0.7952364748922955,0.21581649260413255,0.6373260419728084,0.08741156299531504,0.5537032274290907,0.11374959755544409,0.9763585785565618,0.8915600642315229,0.5922953491187125,0.06852972391680816,0.6240300157465268,0.28767902170188353,0.8727985150938602,0.42505163248854716,0.7417361199058827,0.29395416382210837
15,3.1456904840991795,0.5321855357630866,0.8701561356864274,0.6476960356796561,0.6674409198530245,0.050176216308263084,0.8771360713513412,0.43020471226787454,0.93018965319387,0.7788667742852373,0.8036772785394897,0.5085781136819735,0.9439857772479979,0.658587126491409,0.6201000369552643,0.048822044091020346,0.6610082473833037,0.09574311834251457,0.9189524819995246,0.6518342289559181,0.9151342406715353,0.698886823132731,0.6944673620060576,0.2840970474746424,0.758289769278757,0.374653893053287,0.8803654554208372,0.39063256074580427,0.726914897511181,0.2670870333200667,0.9893120429681664,0.9539722166203353,0.8067078568874994,0.2933672700023093,0.7407314689896012,0.14090690348663487,0.8490863466438329,0.5529548462240973,0.6900210443188315,0.21963725782824034,0.8698651061787733,0.4785417874904422,0.891633022728963,0.4621218414964475,0.5804373740743181,0.20962524964739568,0.9874052800000341,0.9463199124843068,0.5708766890820726,0.08760324603423206,0.7105067305527957,0.48313691562990363,0.9483368201214776,0.6220143461446647,0.905749462575728,0.2317231789719404,0.8077217619341002,0.4284366925885684,0.3991950510546322,0.8043488121147833,0.4130047572918434,0.8169851806489338,0.2729188159043909,0.9262496148820212,0.7158071182407963,0.6050536301367359,0.0386176089553088,0.8401535780801459,0.427987065150816,0.6307129309159255,0.12180192153481231,0.5483045093168213,0.04443596042072226,0.7926858944649654,0.1956906010753186,0.5570625466453841,0.037491840218145736,0.9338855345777464,0.7583998513510697,0.7020379057274723,0.22539317276443388,0.7156031030197216,0.20917119762234201,0.6382751081148256,0.08630926665097816,0.4803439994807555,0.08785772713618926,0.9744543585597008,0.8748668321300015,0.5141482521138929,0.05107095702079248,0.6250547117448179,0.2787454221159814,0.8729243230848367,0.4661291719312039,0.7210157774238604,0.2947610715286192
16,3.0735036315735766,0.6309656902934089,0.8843104573897638,0.6469376569153303,0.7425400911182993,0.05502136190772595,0.9270575542497812,0.5762556287209386,0.9087647718155206,0.7584383046861499,0.8394830537444398,0.40480945682401337,0.9607660645553828,0.7827337283017469,0.7016341689035995,0.09625256074135177,0.6871114776253615,0.10156392316970672,0.8931774954047478,0.6561705043827389,0.9516603404087601,0.7467230013472776,0.7290349643449392,0.39297901618814357,0.7114180393217436,0.3576609958672933,0.9225024018913703,0.5641691482395638,0.7256429931827098,0.3116391097783785,0.9945068463924832,0.9726953339896502,0.8179629182978756,0.30499379646757785,0.7956937990306301,0.15299128524267067,0.897520015504331,0.6105472753867796,0.6697810239564937,0.2536450517654287,0.9329661831936304,0.452774391423827,0.9021670256879872,0.5049200596361528,0.7306264808449483,0.3215800155709724,0.9896510628995084,0.9493012783260829,0.6637211772249906,0.1455857344188558,0.7350449707940861,0.541950919911535,0.9644669436684807,0.6508822357883931,0.9249710393806212,0.2904330867311906,0.8371919763271292,0.4668020319159065,0.47968994559141387,0.8224308819674329,0.3737617077504094,0.8661293392003803,0.34887467629952856,0.9103024636926704,0.7009221544152018,0.6211444996653831,0.04408411041414894,0.8296941546584103,0.4220549837991122,0.6175680373460468,0.13971477565389875,0.5095169431694739,0.03204719160801673,0.833949679165462,0.27945409670183696,0.5469105973896741,0.04467620741920246,0.9477934675887826,0.76835180623441,0.7101244609215404,0.23477857129235824,0.7797022177278286,0.24560257790590806,0.5913813586041177,0.08184968529021995,0.5907595979100408,0.11832213041266051,0.978913963485073,0.8822500173683357,0.5620744411776377,0.06788268436891547,0.6381399448916627,0.3152734939653874,0.9013618869959159,0.474561692494465,0.7365498853087519,0.3096923646330009
17,2.9979027704358447,0.645151673250354,0.9198561989166805,0.7160457633904301,0.7050548566177958,0.0562889049124635,0.8920446542780593,0.46257134903927366,0.9328118821866097,0.8043903502693983,0.9047618626287172,0.5568154020311359,0.9654475720380844,0.7641739961565661,0.7198916772596499,0.09914073370490595,0.7180648860250392,0.13260707366851415,0.9512110607458175,0.7111082357268109,0.966775225835487,0.7913273748294444,0.7070094595264999,0.4068247053264039,0.7639625338175071,0.42897334852101565,0.8729062816714684,0.5824312974810858,0.7895676145384534,0.3521813260523583,0.9967239678184248,0.9855752267047109,0.883526066403418,0.4140534730493885,0.769862589316944,0.2178943405308216,0.9034252377573848,0.6803335431279735,0.6873297850279947,0.3035014213027706,0.8674720831573725,0.5348855338051425,0.9606282134855895,0.6320984184592153,0.6245649774859825,0.2928247132907729,0.9877534917139938,0.9513314553786815,0.6224641269434437,0.19354749178341826,0.7715647523619016,0.5936535659984165,0.971231447279572,0.6426725720562688,0.9289089767525021,0.29922938103723107,0.8438822770959404,0.503943740653134,0.4756652008645748,0.8452431552572379,0.39561019404752745,0.8353777393530603,0.31180209629052297,0.9241474284742953,0.7456271180556718,0.6657136483486746,0.05855940124146482,0.8835694772663937,0.4289004553984595,0.5978708722991352,0.13005714335595916,0.5434575673973758,0.039730348909002004,0.732825963209353,0.23012616761987248,0.57949318026696,0.05275797145171138,0.9448178403778033,0.7717120268492185,0.7730744495725203,0.29444960489631483,0.7649830321830424,0.2643256372806645,0.6096655873365444,0.095625760337173,0.4750023528266372,0.09418892413268679,0.9760961493561555,0.8882281479214693,0.5075170456951679,0.0673731601086946,0.6685222916559632,0.3541601125975714,0.896436783033894,0.4814663666944427,0.7346563646616784,0.3169278131771349
18,2.9361449786883487,0.5986683560656878,0.9279274444701265,0.7461877929200217,0.729166722842111,0.06275495360259269,0.926768217653135,0.5012471215709198,0.9288570449687216,0.8036076386725716,0.8254644247091932,0.4976661630932269,0.962790507033684,0.8013182030829984,0.7351025548471473,0.10975315098605899,0.7667098397698843,0.19859245511365725,0.9244534645406761,0.6290085037882358,0.9389765234687274,0.7327056013197046,0.7026333137680214,0.38279468745523687,0.7933077724158072,0.43999068410653935,0.9306443561799784,0.5550445181508206,0.7547196404395672,0.2800907090702819,0.9972633567752777,0.9884338332172635,0.7226319310787066,0.27160423853817384,0.7120186323334278,0.20375272971377673,0.8777165233928379,0.6600991948783589,0.7610037074342646,0.3347465180171973,0.7621262147825246,0.3953863128239241,0.8558773772035753,0.47934793825464017,0.6496757997981835,0.29735128081624446,0.9719843518560675,0.9256364522759357,0.7407447788591979,0.19724937941647572,0.7350798569196716,0.5467626699434237,0.9406260695845732,0.6063670271819591,0.8800066112541008,0.25500958416482067,0.8316398903103404,0.47787071637685413,0.4216292762912723,0.821481671147527,0.41256682120111693,0.8531526279996113,0.28988128778627137,0.931384778012685,0.7649267718412387,0.7237640200843307,0.06957455506661282,0.8399030398525952,0.3790857305967845,0.5822462065645915,0.11913590077395209,0.5564026993575557,0.040777854218281145,0.8140889188892697,0.21192916932407105,0.5378509045463088,0.03183226142269609,0.9372677243866605,0.7792018032090328,0.6266355829613377,0.20493676277802214,0.7228846038510364,0.22215387055331168,0.6460824979540641,0.10432805965616139,0.49709141948464985,0.10029052192541277,0.9577425487465567,0.8697625557296277,0.6085275660578001,0.08782361108877619,0.6243853040828302,0.2772648091918,0.8609545913719269,0.45538230706355454,0.730102594741741,0.3011585918570402
19,2.8817550180352303,0.6209783607860674,0.8667551865430887,0.6696935848906942,0.7258657327369402,0.10285863202415406,0.88668413876412,0.42388784738249247,0.9113242433222075,0.7815531059162748,0.8473090514518788,0.4014036600488845,0.9603796205507915,0.8381141895191175,0.651961586899058,0.07999943974263182,0.6554233138008057,0.10252139182550583,0.91611388417316,0.6813353615339486,0.9606466581287483,0.8034287814454012,0.7180396053270688,0.3936387355225209,0.7764834393989335,0.41090728033198215,0.8737332543950728,0.47518355628510306,0.7124706476261866,0.2900166671438813,0.996732675644831,0.9839928164850142,0.8128471568174742,0.32185030621491806,0.7644424457436,0.26190074086206916,0.8932322777907934,0.5652929847253886,0.649439261259566,0.26233169357559594,0.8614705732653457,0.43933950305982167,0.9026140652662387,0.5479382825270934,0.6358407418587616,0.29899048744551787,0.978874908115921,0.9400377083103926,0.6102849501496324,0.14715834792818186,0.7104811264651593,0.5409242468527038,0.9370037490677279,0.5594193213768583,0.9195470251435557,0.3191609449433922,0.8198519007298765,0.4682548006636867,0.4366102705522844,0.7627498460656827,0.37466758967216485,0.8175031502082613,0.26362644162740495,0.913860900697993,0.7423080400030702,0.5915819153254561,0.03452405187576718,0.8474663626735445,0.42778043348372163,0.616809159255524,0.13438992436423597,0.5549654598902205,0.033114851999179545,0.7596401336009545,0.20416666064483432,0.5295262521816914,0.034435372141858524,0.9362031357806606,0.7485806231200621,0.6788128924869488,0.2396471159080406,0.7452655459188944,0.19056226101872065,0.5718135270052845,0.05942554899545787,0.49087216849484,0.09758447149942207,0.9653216338269687,0.8692478004367413,0.5140091154912332,0.058621258501132485,0.5997779081726007,0.2894708384892023,0.8587954039799947,0.4008413116038496,0.7086096950587085,0.2890552552991592
20,2.8342431451171937,0.6478348364015801,0.7617431988899447,0.555338158461078,0.7151463690094075,0.16093435918496143,0.8483203313277093,0.4740614719658452,0.9163509380391742,0.7830698146274379,0.8290570021580718,0.47401212934601755,0.9711381510859152,0.7572869136248267,0.5983305204702831,0.08323635309963097,0.6115167960640758,0.1044336219526455,0.9302911571061648,0.7255964314750469,0.9393107165968522,0.7512413471500897,0.7154521618045264,0.468580897707648,0.8197479529511341,0.4870431577319489,0.765315783539956,0.45048268462736296,0.7680564767535757,0.36618851604772185,0.9965641675442724,0.9835984828800275,0.8232816034390521,0.32138462983134186,0.7415773080830793,0.2546030689730365,0.8779675710613637,0.6516702296683956,0.6959680929935572,0.32055156112325206,0.9277319023495679,0.6802831204796557,0.9347154627727183,0.5980204316220973,0.7408757119807724,0.3730553870693132,0.9753046879270764,0.9384474474630712,0.6660295084817089,0.1903894157247023,0.7721498421015345,0.617594934578253,0.9464392429202757,0.6403723455780763,0.9142650073389079,0.3616147412899204,0.8223202838811362,0.5027070982697557,0.4547961541328166,0.6496033066920277,0.2712491902677869,0.7780250277360237,0.2337648976333227,0.9198802150286314,0.7451516051013248,0.5363920613500972,0.025683570655194634,0.8543660203443106,0.4216935254071035,0.5917371489257663,0.1455947748284441,0.5435118526773793,0.042216394725835764,0.6141293336425485,0.17182677931025164,0.5200207754431709,0.03273488022214043,0.9366022350112325,0.7309611786523933,0.7149680335930998,0.2333318601583754,0.6772006100750682,0.18775123274059996,0.5940273858093971,0.07564859551390277,0.5899015058090479,0.13524626299754422,0.9664719521859765,0.8881226575731516,0.538422048978092,0.06829289667747505,0.6406995216553052,0.32010970152583795,0.8467767125070496,0.4710570121713371,0.6951519859702348,0.28891316756455676
21,2.789123123522732,0.6569029340885941,0.874026870717164,0.6707793533948,0.6766260716978432,0.09562625228600279,0.8536584128086809,0.4242015447820564,0.8594238970493151,0.6904929368616959,0.8374420353910449,0.5669847657172872,0.9615077077982735,0.8227189773609717,0.620863627710876,0.07948148064460894,0.663673805567847,0.12750275056369745,0.9331784194037921,0.6388240147070017,0.9344592134309792,0.7274541553009011,0.7196471117445346,0.4146713762233526,0.7956404643785795,0.46185715099546376,0.8821387034961268,0.5186287870800315,0.7065851074059221,0.31382764732633056,0.9974388287452489,0.9851480625017219,0.7847126697501795,0.30005100198385165,0.707882987169451,0.2027868294951751,0.8417875369400196,0.5750766037505148,0.7284928587330457,0.338311649677963,0.8777343474411406,0.5903972872860814,0.9224177586931401,0.6049254336197541,0.6621433648470332,0.3089720026406174,0.9444430846091278,0.8843676788859741,0.6459977698941531,0.1482736341545967,0.7542846356835948,0.5654638979313125,0.935661727067841,0.5769247396478604,0.8955833496189174,0.35632467636957676,0.8154611988071806,0.4811138774514519,0.4600879481255124,0.7685845968140168,0.3411517550463961,0.767507989685001,0.23548191916663705,0.8693399077841639,0.6564699621036453,0.584757923838989,0.050741639404281724,0.8527713032469553,0.37179319000710936,0.5857189858959079,0.121857092886836,0.5185162688582661,0.03030545469342548,0.7225227024784501,0.21096845137714818,0.48579355176171735,0.027566271582763327,0.9354046248994875,0.7193133143242977,0.6758924112884921,0.2131675437215625,0.6313012907869002,0.16593778811647178,0.6233775289714365,0.0931793778559801,0.4966355390406958,0.09529036290909229,0.934049356876538,0.8478365072023339,0.5102054086715212,0.06050021160400078,0.6433290429230314,0.30475094098803734,0.8156621652608811,0.4078884646990827,0.6900761443934695,0.2752333470938389
22,2.7585009967746807,0.6575240366698965,0.9303721023622102,0.7335401084283407,0.6761853105188433,0.08627464884668769,0.8914808028516114,0.39939178822993976,0.892503972204423,0.736572397627586,0.805151485563653,0.4338250717678983,0.9673985221225544,0.8479228673796669,0.6704313333510888,0.09565363964238068,0.7010637649465284,0.15654031935562465,0.9018079770378805,0.6130813523799565,0.9347226145582656,0.736909903040368,0.7322864704839847,0.43469732151198526,0.7768873087822067,0.45450875835263466,0.8890130710505341,0.5679676294556928,0.7630648795364373,0.34194671863329257,0.9985045877708603,0.9923975860241072,0.8063581369762126,0.373197801818743,0.778638773685993,0.21372398539032314,0.8779082967187053,0.6547775487416879,0.6954185202489439,0.2959311374779117,0.8631312971183925,0.5425923371016964,0.8722294087020703,0.5143719611192379,0.6814937611777132,0.32799931497130647,0.9653254320065907,0.9215438154297462,0.684905708903684,0.2347039188177306,0.776466283905579,0.5965951149678743,0.9359723427525145,0.5472096685640462,0.9069833970203619,0.34781320974443447,0.8287298356428829,0.4889514786970703,0.45285831407915333,0.8364817625936561,0.38034873720537327,0.8062400868049302,0.22723512877820784,0.9013879120762374,0.713300671455371,0.6396954437240124,0.048013495495055736,0.8166622916548025,0.34328405319313615,0.5699345412731884,0.12314925789486764,0.5191603563696587,0.036225078402561756,0.7318272078122324,0.19003857610128094,0.5180472555462926,0.03306442026191436,0.9327596769326962,0.7458338920731113,0.6723685405160021,0.2281132139444792,0.6789997442749236,0.20800342783558734,0.6020698497279857,0.07811142791562835,0.5005427321996495,0.09328609163664106,0.9477854624649156,0.865094600435769,0.5228822639070764,0.06617459655917743,0.6435034535098891,0.31529423878978113,0.8240373829458901,0.3868780796240757,0.7035769980185578,0.2823027215334455
23,2.718110829168976,0.6753372587016472,0.9057944719681731,0.7412447099031669,0.6713429007893255,0.1335982083757012,0.8643322498004197,0.4256351791382143,0.8508193539020934,0.7014482659999091,0.8347921518303222,0.505611433966625,0.9677787507704103,0.8627241742480924,0.603356730969972,0.08261520827664272,0.6618786984111892,0.131812610761339,0.900122607866424,0.6364888919794498,0.9508661064708263,0.767482376306041,0.7145948999604591,0.46202256723703566,0.8673865730372073,0.5829406188785553,0.8751725495543196,0.539689838037405,0.8044422611899608,0.4456560213101634,0.9990491527920703,0.9943931826751278,0.831419112543586,0.3981661940059208,0.7695524575692467,0.2649039497863374,0.918085431578139,0.7033739530204818,0.6945783079609389,0.3171339510943845,0.9113447796373696,0.6247081746472904,0.8895404819239436,0.5322243465156516,0.7050305365659242,0.3871186531662948,0.9697493497997345,0.9253330067516621,0.7073574424808339,0.23072134901613478,0.7380094584337487,0.5795364149197118,0.9473375079854639,0.5860984068003271,0.9137099946361522,0.403083052671683,0.8321275674232687,0.5172505459070129,0.4503242155474398,0.7958980924337472,0.40195315639460816,0.7533891801671694,0.24968754363840473,0.8560208016828327,0.6694204878363931,0.6012927550859948,0.05162086019445522,0.8130880361341161,0.34542853391194894,0.5719620045230891,0.13781497584020913,0.5616349200480527,0.0413895664460218,0.7132505360940196,0.20573223578361535,0.5418737545897095,0.03790506879015135,0.9316083570552705,0.7174891567347659,0.7118374063705833,0.24841690668131483,0.7014228559909638,0.18602424110605234,0.6001056229120865,0.07414575385644928,0.49866043032387875,0.09798040567188811,0.9598216013837984,0.8863394090731471,0.5332934180457782,0.07315840321661855,0.6125216210540168,0.30197625752060453,0.8471696300749271,0.4069133312663569,0.7002695013316685,0.28518868299794475
24,2.6950124945274148,0.6520334898511838,0.8788794984972208,0.6887690046859744,0.7148041309174782,0.13004654709277116,0.809431690363302,0.3913984546920674,0.8696385893201366,0.7265774825129875,0.8837324253304247,0.6092224309696973,0.9687774914047496,0.8556780452994933,0.6241214226512574,0.09161222336619981,0.6668130895160265,0.12685247638069325,0.9068836344473573,0.6567432532981475,0.9598276619979106,0.8170133660890543,0.7642453686689054,0.4770021657583252,0.850771131500998,0.4848776887817565,0.846260270385186,0.5087299664477257,0.7949551888003689,0.4042896685702171,0.9996028561479275,0.9982104491262996,0.873139464199671,0.43000275257951365,0.8053555189127067,0.25322674039440185,0.9090485232207728,0.6542884253211938,0.7232235605748337,0.33435949344799554,0.8863680348764486,0.5845954515074324,0.9519130439623068,0.6389083864760061,0.6944836635205697,0.3619270232934372,0.9588574734934646,0.9085353433847443,0.6881639280342441,0.2097237080579002,0.7639669951988999,0.6125661522722696,0.9491588703670759,0.6371837327437077,0.9335738610139751,0.37823827286112977,0.8398517550860822,0.5174288409411533,0.4310203473205635,0.7644897610817467,0.30605898008341914,0.7152843047036439,0.22205020923061256,0.8853962731203586,0.7024272113445791,0.6114256144700801,0.036325400055573984,0.8039608290978839,0.3565086383616002,0.6087015028574922,0.1438018164346453,0.5753397524943353,0.04335774641301901,0.6748182854782393,0.17678403480545735,0.548302905372616,0.04509874594895246,0.9324694734389516,0.7531971912674867,0.744355186502232,0.2611991629440028,0.7434885898303051,0.19956738272190958,0.6074081061414013,0.06404079073358356,0.47963884111118327,0.0986996143975101,0.9496760396926939,0.8574888167135495,0.5051934891063277,0.05664330422136399,0.6176056671272547,0.2963495821221872,0.8425153541525933,0.43180703824056743,0.7005594430988522,0.2806336481133344
25,2.661454653459165,0.6839084743236193,0.9016904140480617,0.746686833014226,0.6915578159402058,0.14174430229246,0.8279365957841176,0.44814143297044157,0.8551160874412292,0.7073209830258134,0.8402926117165435,0.5390328960393491,0.9751234546229404,0.863999446071777,0.613021986970784,0.0914406088264356,0.6520046135286016,0.13956550354422265,0.9315045024220159,0.6778738816108961,0.9399467297697387,0.7603935782614514,0.7157936078601557,0.43290659215877797,0.8321150735854554,0.5530202927713004,0.8601753424970187,0.587432160525376,0.7930941882026676,0.42378921183545404,0.9983839996223007,0.9912364029225381,0.8303767491112097,0.34226642497649745,0.7766190864826752,0.27802851837903864,0.8742344874995176,0.6937693444644094,0.6722613776989402,0.33793166818994963,0.938992239962592,0.6130804661185275,0.913437231592676,0.5459258553601641,0.6562990384796977,0.3488495799571083,0.9550418909532233,0.9052239160613647,0.6398362568621795,0.20862744157756918,0.7196282028407337,0.5831159301992587,0.9500734304901362,0.6077699177510275,0.9189599956756577,0.3868300505088057,0.8249450745059657,0.5168890088671941,0.47983901021092645,0.784522193975529,0.38670542632142774,0.750870832910334,0.24782653245366523,0.8604094999309443,0.6575850431516594,0.5407545155002615,0.039516314426095094,0.8351155188466414,0.3847755347423289,0.5784330972464167,0.12909587412958176,0.5433768730622355,0.03968867317842017,0.669184697566503,0.2118686972720195,0.5081121873931235,0.03553917088091519,0.9390036342086324,0.730451254202834,0.7021377771052433,0.2277764053673518,0.6933695985366194,0.20521527342895088,0.576470303876562,0.06575956253251442,0.45141956578178755,0.09175407827186415,0.9449693398175307,0.8451605485464917,0.4820733007408504,0.06594567237580234,0.5982000557032262,0.300782049357179,0.8607550338689985,0.44485519954475633,0.6843987792261912,0.2839056283435476
26,2.6560339455408966,0.6842562917691486,0.8578421739866786,0.661617586824127,0.6339866278243717,0.09752230609856972,0.8239012187238063,0.39141518240432505,0.8748854619655841,0.71760303416273,0.803414858176419,0.46236326103315256,0.9620928752357847,0.843629295890685,0.6286539962435974,0.09857660726019585,0.6100122794463928,0.09978605166403377,0.9094724552246768,0.5446858982917676,0.9331441373160716,0.7395060010930294,0.6537218318424671,0.3927129387461552,0.8053232974021832,0.4805481189139458,0.815563646137013,0.4764582588399321,0.7422502630650162,0.3458435126383619,0.9995708749663037,0.99795134653585,0.6794346774641362,0.2600534682963364,0.692439691977992,0.25047392068416685,0.8399986333554323,0.6019889990711073,0.6585339764145501,0.30983090045800704,0.8774659247509058,0.5108416493064583,0.8717975882484197,0.47469821296610176,0.6677459664548753,0.34458068062830766,0.9427287342097834,0.8857608023611486,0.6655883068524537,0.20086139148631293,0.7367908862895227,0.5854480007309264,0.8742451757241329,0.4834613709320241,0.8437133626335245,0.3300675643875844,0.7927525526641517,0.46623282821130907,0.4690318252962659,0.739474062829587,0.3177972920615265,0.7316479218813847,0.1857450263866076,0.888055340125575,0.679845353482531,0.5177489604932584,0.02628790314123408,0.834055912314653,0.3273327070184481,0.5080282922282326,0.10892903359303246,0.5202660154780538,0.03069977352592075,0.6469849021773582,0.1684849814070337,0.51607937848353,0.035033091688298906,0.9387481961214649,0.7443436177665703,0.5953434970114246,0.17250090986311797,0.6291882269839102,0.17852949765233672,0.5561587483706307,0.08000113007105432,0.4804734049458038,0.09261987798780036,0.9309743266378394,0.833699521607003,0.5130075652308168,0.06363834736381027,0.6024312249932624,0.30065740846407984,0.7737897952986236,0.36086250085061605,0.6623586539780784,0.26150044299616787
27,2.624262024756796,0.6866164815780974,0.8708270743705127,0.6850427497736906,0.6844066991550867,0.13977333053056454,0.8075384513082202,0.3865071626943053,0.856598454889861,0.7330725059190694,0.8414005648543667,0.45088556766462057,0.9689358990101961,0.8656150823402269,0.6920115937169423,0.12233562870995182,0.6877292288613314,0.1643365729739218,0.9286770047111824,0.6797124676841672,0.9422106588141144,0.7505723906951087,0.7220832997104858,0.46594740275920765,0.8108106936411661,0.5006027625039736,0.8616942547230638,0.5075254825745479,0.8199139534273847,0.43811860845506206,0.9996913853842087,0.998618281951309,0.7755775137878036,0.35161861495160335,0.7148892109018028,0.2528842061940495,0.8576457024959241,0.5710401011384545,0.6790694679830673,0.3227445442933914,0.9238439572498194,0.5966876347955047,0.9257194204557352,0.5952225351148229,0.6745329077382538,0.31792365162324226,0.9485084977199707,0.88965787259237,0.7129964794143919,0.22908421254348219,0.7513289060360635,0.601099869304818,0.9425682279386702,0.5907419620696317,0.8831502002087326,0.4018618612179987,0.8253466558706798,0.5040456690025592,0.46157859432063797,0.7548547530649694,0.3281173389097478,0.7259928295692757,0.227715439954625,0.8694968500005312,0.7038433863489061,0.5668915731384875,0.04334775850791554,0.8561450607913234,0.3836833817281957,0.5560090423581187,0.13398323359865827,0.5006883960372333,0.02752278574004946,0.7145948358449916,0.19516620645682983,0.5489766106979302,0.04159572791310667,0.9362616971794581,0.7463918934413961,0.6726496179163199,0.22998905227696315,0.6483858291656532,0.18291727850063558,0.5775449282393059,0.07792336965385549,0.48691309145193745,0.08891827367847058,0.9408217716411198,0.8394210343917237,0.564010682758163,0.07343894895361607,0.5896855516827693,0.28866139654807543,0.8324544333372582,0.4394568712629702,0.6856876419374915,0.2806718543258745
28,2.62654178636432,0.6858711584805346,0.8977811197647949,0.7390717498844258,0.7215853712920317,0.15161295845733644,0.8229434425945921,0.39299700278226773,0.8672376360976042,0.7402475947238543,0.8865411663747184,0.5853039183045445,0.9634349723341034,0.8358289364111464,0.6990376657724663,0.1121030690428638,0.7359880830045066,0.21758452490069985,0.9591725428168132,0.7311911650070526,0.9644786235599552,0.8017219313152363,0.7044746871310894,0.44242412543797716,0.8731134894095605,0.6026222474746186,0.8770441162958122,0.5301932088388712,0.7525195919241499,0.3849764026461371,0.9997080755509117,0.9981976007834884,0.7645941113600256,0.2900609741578819,0.7444046925054271,0.2506592857904441,0.8675624257945693,0.6336265795374932,0.7144588780416646,0.32816796914272184,0.9467525844464386,0.665093863493569,0.96079891047649,0.6629953718513524,0.7324896460234114,0.44528139368432923,0.9493996278157842,0.8954475507198377,0.673445096797773,0.19609459409889632,0.7451049695907583,0.6005989040673947,0.9451114259599686,0.6023256515049467,0.8997644065048088,0.4407493091717364,0.8395906429348232,0.5287843660455971,0.45844823731087425,0.7460745224987959,0.33545709860782275,0.7354017911885864,0.2018827062474984,0.8806427486268552,0.7099887040888586,0.6280683276832438,0.0560117066672112,0.8774066075371738,0.4120025972769803,0.5444103652852909,0.12593748222100132,0.5609893653669303,0.035512969189874566,0.7133157499974093,0.17581593100080264,0.4893284193244006,0.029786169224679113,0.9351144561190795,0.7431769316872224,0.6657819474918666,0.18298175630786653,0.6402985236249987,0.16539793503650718,0.5880342801749345,0.09318584899255891,0.5334395485818135,0.11131613316684186,0.9444638918605356,0.8571815824926735,0.5129667996175868,0.05467839098366684,0.6039081040983334,0.2932951257701995,0.8424276604051886,0.43652765233055246,0.691226283860168,0.27889648451626764
29,2.609544812917727,0.6966038110854389,0.9304033560558431,0.7967905326247979,0.7627899041837052,0.1658830226334044,0.8461098742409332,0.5078318845650425,0.8578092115608474,0.7193328782432611,0.8292763172960939,0.5291121759287558,0.9762076984080457,0.9072085507062396,0.7110567794131564,0.13344986178197318,0.712242408949449,0.18526958627173234,0.9571583559498595,0.7542431188120688,0.9253499851898503,0.7197316555315084,0.7296696327864161,0.5037985821090668,0.8615848770518615,0.6037210635029132,0.8807144404483427,0.590010829296152,0.82424873493864,0.4562728341269132,0.9994766375096455,0.997921491904478,0.839328231164456,0.39555065195723577,0.7776800635142713,0.24513262571122396,0.8827405691370764,0.7159840625068131,0.7725986693739391,0.3981289548142006,0.8619390750736771,0.6157595429394973,0.9207176581166374,0.6042332520245842,0.7304922321568513,0.43736681023931645,0.9579384571880462,0.9139976028729543,0.7130813003723463,0.26877729743868617,0.7968561304881997,0.6724151374650307,0.9417594262836024,0.6642290373467827,0.9341989779583283,0.41843962829163306,0.849386259437412,0.5526145433943062,0.47342923157188643,0.7820997250519719,0.38408955926418864,0.7276289729647908,0.26040115407807973,0.8674211968935587,0.6779638635477887,0.6082249942402,0.057209163307872436,0.8593063578750718,0.4023078619295078,0.5621820657987224,0.12691195063633112,0.5047545102264666,0.029895204609042006,0.6876464856138129,0.2199206186116774,0.5230541667913815,0.03653167447483417,0.9377774723775566,0.7665693648507211,0.7028716804115912,0.2651945763049,0.6720001032896075,0.19806821867426025,0.6232444843150617,0.07223135447294718,0.5043091614201337,0.11672482142114154,0.9489701095802741,0.8747507349150123,0.5179948920436527,0.058727653358754975,0.6475749266979794,0.3280546681666981,0.839522611352467,0.4791557857839464,0.6953657731635722,0.29748379046709467
